0xAE2FDDEC, 0x8484BB06, 0x8C903EDC, 0x1342B604, 0x867163D8, 0x7D37C34E, 0xD9C4AE9C, 0x690032F2,
0x3F2A1FEA, 0xB88E7FED, 0xBE8E2DDB, 0xB4AD2BA3, 0xDACCF90C, 0x7048D985, 0x4CB08377, 0x925E11B1,
0x884C8FD5, 0x0EE471ED, 0xA0A98702, 0xE63EF5D0, 0x3C9133E3, 0x823F821E, 0x41BCF8F3, 0xBFE5FE19,
0x6D9DF4BA, 0xEB46851B, 0xEA31C9F8, 0x805867BF, 0xC6AA5536, 0x1C4293F9, 0xE2F1BE06, 0x8D6C94FA,
0x8B153A37, 0xD9FFCFC2, 0x28A5AFAA, 0xAE6FDD2C, 0x24695BFD, 0xCA3CB699, 0x158EDCD6, 0x53E7A2E6,
0x61641802, 0x5FF33EDA, 0xEDFB7417, 0xEB619AEC, 0xB9B93034, 0xC56F011B, 0x12FCBAD6, 0x19651023,
0x37E3D6C6, 0xA5FDAC6B, 0x6350F250, 0xF1F0E82F, 0x6FC66E78, 0x9D2EE4EF, 0x1B758ADD, 0x69AFA0E3,
0x8744E6D8, 0x75469C79, 0x1383624F, 0x2176D848, 0x1FB0DECB, 0x4DDD749D, 0x2B03DAAC, 0xF96C702E,
0x97DB36AF, 0x053F8CA8, 0xC3F2D266, 0x51CCC88E, 0xCF624E24, 0x7D11E44D, 0x5B0ECA53, 0xA97CE04F,
0xC743261F, 0x35247CCA, 0x7345C683, 0x55DB14D2, 0x3B5626FE, 0xE5B5FCD7, 0x5314B65E, 0x65AC74DA,
0x7BA17670, 0xD5C79C1D, 0x137F6093, 0x9BB20EC3, 0x3D7482E5, 0x6903A8AF, 0x2F4324C6, 0x5F3C1253,
0xE9122EB9, 0x5D78B4E6, 0x8B61284B, 0xE309666A, 0x7596AA90, 0x11BB9026, 0xC74E3CA6, 0xE77E5AAC,
0x611206B0, 0x45CFECD3, 0xE3DE5A5B, 0x3D6114C5, 0x6B271A9F, 0x39DBB1DF, 0x71402698, 0xB54DFC68,
0xF3414381, 0xED2D3E85, 0x30614FFB, 0xCE02FDA1, 0x44A0F9C9, 0x54402B85, 0xDA527BC6, 0x6A6F4D49,
0x177F11B3, 0x728CF58C, 0xE1BBCB83, 0xD468EBC2, 0x4A07293B, 0x6006C630, 0x74ECBB6E, 0x9E4EEC20,
0x837C02B7, 0x41F1F8B4, 0x3FAD01F0, 0x3E92AC1E, 0x632DF28D, 0x713D6891, 0xEF44EEF0, 0x9D32C5C3,
0x26A71F22, 0x5E444DD8, 0x547C63F4, 0xD23631EE, 0x28E28785, 0xABFE9C38, 0x13A34A69, 0x63E0A283,
0x6191307D, 0x47868ED7, 0xBD1F2D9D, 0x6EC79DD0, 0xE4230A31, 0xE9A820BD, 0x0754769A, 0x25F42C80,
0xE706467C, 0xD549DDE3, 0x618B5E6D, 0x8D741483, 0x0BD4FA5F, 0x198A5328, 0xE34B64CD, 0x9B084835,
0x830993E0, 0x2F8F5824, 0x7F1FBE68, 0x2D0DB487, 0x2B05DA16, 0xC43EAB7E, 0xDA07D0D5, 0x9A2FA154,
0x587DB7B4, 0xC6D17E43, 0x2DAC9534, 0xB61AA46A, 0x19EC1527, 0x869615F3, 0xDC06539F, 0xA26E612D,
0x1AB729CA, 0x6DDF9F86, 0x0F2A6809, 0xEFD9F274, 0x99738192, 0x12BE7132, 0x99931BCA, 0x447C9BC9,
0xB88CA29E, 0x211038B2, 0x8CA5E656, 0x35E69C5D, 0xA735B774, 0x509497BB, 0xA616B563, 0xFD6C3F00,
0xD67A456E, 0x4C0F83AB, 0x92EA1005, 0x39BD3CFD, 0x9318E2C6, 0xA1B7581C, 0x9F3D5E0B, 0xCD27AB30,
0x1C199325, 0xE36FFC20, 0x44A95FE3, 0xD63F543F, 0x4133ECEC, 0xA320328B, 0x11BA8059, 0x0731640F,
0xFF4FBE64, 0x6DDCF44D, 0x6BB41239, 0x114CE207, 0x01D93A74, 0x49B120DB, 0x1731B67A, 0x7D5CEEE8,
0x0DA516BD, 0xB57EFCFF, 0x63C6D218, 0x51F2C8FC, 0xCFFA4CC8, 0xD7587616, 0x4527CC63, 0xA3577A10,
0x51F2F226, 0x895742DC, 0x9178C85B, 0x9F239EF5, 0x956CE4B7, 0x8BF2B088, 0xB3F5FEB0, 0xFDBB2A34,
0xB98874EE, 0xFBAC6AAC, 0xD9749035, 0x27F3A634, 0x250E8CE9, 0xC307D2A9, 0x5113C0E1, 0x573DF411,
0xBF03FE12, 0x7DE484A6, 0xBB97AAFA, 0x090BC20A, 0x0104B02A, 0x071E6CE3, 0xF7569243, 0xB90C3016,
0x574AF673, 0xD5745C24, 0x83B632F4, 0xF113EA7E, 0x49400A79, 0xF93BD132, 0x336CCE88, 0xECE6B936,
0xE4571A85, 0x3C48319A, 0x7C01F3CA, 0x12D2E132, 0x98A6DE4A, 0x3D6C24FC, 0xAEBB9FC2, 0xA4D39B15,
0x97749308, 0x5C8753E1, 0xA22DE113, 0x98235F97, 0x1EB70D17, 0x1CC3920E, 0x12E981D1, 0xC887CE8F,
0x02A698F4, 0xD9005CF7, 0xB46FEF86, 0x11E1EFEE, 0xB7A08175, 0x962C7590, 0x19CC8241, 0xD1BC2937,
0xD8384309, 0x42258045, 0x66C065FC, 0x2C7962B2, 0x20651740, 0xE90CB738, 0x716FD20C, 0xCE2BFC35,
0xB088BBC0, 0x6A758841, 0x9D6E88D2, 0x8FE30F16, 0x38BFCFFF, 0xEE0D5C81, 0x82475109, 0x88518E1E,
0xEF51FEC5, 0xCDD3D5E0, 0x169B7533, 0x3A2B203A, 0x6641A59C, 0x8C0EC238, 0x63632249, 0x61351924,
0xEEC64D86, 0x42A9288C, 0xCACD2109, 0xF8BFFEFC, 0x0B5C529C, 0xBE6D2C76, 0xEC187615, 0x3425DBAF,
0x5A9949E0, 0x0EB73CB0, 0x42CE91AA, 0xE731D150, 0x29E2AF59, 0x7B03F488, 0xB9263449, 0x0CCF9690,
0x16F4D5E1, 0x73A1F526, 0x99A767E7, 0xD510C664, 0x2150B08F, 0xBF35FF71, 0xED893E51, 0x028598F9,
0xD8B97A78, 0xEEDD4D91, 0x22C059D3, 0x3E33ACAD, 0x14D2AFA0, 0x2E9D5C31, 0x53B7B20B, 0x51BAC96C,
0xFBED5414, 0x6B3E1BB7, 0xE6F6E500, 0xCC450227, 0xC28C1157, 0x28942E3C, 0xD92768A1, 0xCFC94F87,
0x2D4F3E5F, 0x4D6B5562, 0x7E8EFD9C, 0x64499A78, 0x30AD17D5, 0x29C4F708, 0xB192924D, 0xF15DE8CC,
0x6ECF9C21, 0x1753A608, 0xB06F6F96, 0x6D18B27B, 0x11EA88F5, 0x8FCA0E18, 0x8D078581, 0xE600F56F,
0x8CDCD38E, 0x5236B14A, 0x18DE2E63, 0xDD9B2437, 0xEB8BCA39, 0xB90A9076, 0x0778775B, 0xBFF518E6,
0xEF643EF0, 0x1D08C4A8, 0x4BB3EB9E, 0xAB7FDC3A, 0xE3D3A27F, 0x7179C87B, 0x7F9B4F86, 0xE8BA6FCE,
0xDEC2BD8D, 0xF442CBBC, 0x7A8599C1, 0x9015B777, 0x567125F7, 0xBCEF0381, 0xEDE56372, 0xF8A1B78F,
0x36930552, 0x1A713155, 0x87B0713A, 0x508B3BCE, 0x8AD069F2, 0xA00A879F, 0xE677F565, 0xAE5ACC23,
0x4315527A, 0x2E131DDB, 0xF6CAB589, 0x5C5CD3EF, 0x3675F59E, 0x89805230, 0xBC45B2C5, 0xA7C216CD,
0x45088D7C, 0x71060E67, 0xC22F5967, 0x50F03773, 0x76A5847B, 0x30EF4B00, 0xFEF26D42, 0xF42B2890,
0x9C4647B5, 0xA686F7A9, 0x04EE1E6E, 0x6D07F442, 0x9411EF6C, 0x7CC83711, 0xA256F8DE, 0xCF2E3146,
0x4E487D49, 0xC421B8B4, 0x33F78212, 0xC1433A39, 0xD920D04A, 0x7CD95784, 0x437A2595, 0xD61C059F,
0x8CBA4214, 0xA0355789, 0xB001F20B, 0xD10BD850, 0xFF113EA9, 0x2DDCCB79, 0x7CC3F298, 0x82F4D172,
0x28FE2E01, 0x28B567CE, 0xC6E8D468, 0xBC06B777, 0x36AB054F, 0x8C78C3E3, 0xDC7DB76B, 0x36AF051B,
0x8788F1A9, 0x43F5CDB2, 0x523B8D47, 0x14098A35, 0x69CEDE4E, 0xADA5352E, 0xF74DA016, 0xB8CBFA42,
0xD8790F65, 0x8EF1A531, 0x5C74D7A7, 0x5676347F, 0x2BD88B49, 0xB4CB7AB5, 0x68A6EF98, 0xEFE00493,
0x6954A43F, 0xCFFD4EDF, 0x7D93D0D2, 0x6C6777BB, 0x162AED8B, 0x752F163E, 0xF0DB0F6B, 0x0ECF3DA1,
0x848EBB52, 0xAB9934C2, 0xABF8DA2A, 0x794CF004, 0x84438F9C, 0x0EA335E8, 0x2DCC2D83, 0x4277105D,
0x82CF7939, 0x5002CF91, 0x4EE47DCE, 0xC4D2FB09, 0xEB077753, 0xD0FA660D, 0x759B3CBD, 0x339C3A52,
0x7DE18C03, 0xD1A80310, 0x64B34A4F, 0x296FD858, 0x00562BBE, 0x4C3AD7E0, 0x89C4AE7B, 0xE2D3E179,
0xDE11ADC0, 0x34CF2AEE, 0x288D7FDD, 0xFE3C2C09, 0xC3244292, 0x81C33892, 0x7F71C147, 0x7EB86CC5,
0x50C4BB66, 0x0ABC68DD, 0x9A8AB15A, 0x088A8EED, 0xCA94A1A4, 0x58359F43, 0x1AB1D144, 0x2877AF80,
0xAE95DDAB, 0x24FC1858, 0x135662AD, 0x21E09AF6, 0x3982B10A, 0x462FC508, 0x4C578713, 0xE6BBFD58,
0x44856F07, 0x6E758526, 0x3CF92F4A, 0x2E9351EB, 0x8009E665, 0x34D3BB17, 0x0ADEE989, 0x209E0FE5,
0x8EB1B171, 0xE0804609, 0xC56F20BD, 0x1F45CEFD, 0x3CBBB24A, 0xA1D3C8B7, 0x789ABA93, 0xD97AC46C,
0xFBF1F666, 0x55FC1461, 0x3A4F5859, 0x9FF6542D, 0x4FEFCEB6, 0xB78497C9, 0x723F7771, 0x03E5B7A5,
0x70B3EF56, 0x38733B15, 0x2AA29D40, 0x457B5A4F, 0x61C6A4B0, 0xCBAE7AEE, 0x9A60B835, 0x7FBCB44D,
0x2F392E2C, 0x15FF1D03, 0xAE04DD92, 0x26A9347E, 0xAB5950AD, 0x7B5E6AEA, 0x0137F906, 0x4AC22DF8,
0x4B2F7D95, 0xAE33F9DF, 0x27F55165, 0xA2698551, 0x1C967342, 0xC26321A3, 0x88918FD2, 0x3179CFF0,
0xE90B8A46, 0x695221D2, 0x9342CC79, 0xE24A6070, 0x675F9606, 0xC5C34C96, 0x03FA6D42, 0xE202201B,
0x74BB4FAB, 0xCE0C7CF8, 0x065685B7, 0x0C25C241, 0x7618F5AC, 0x9C061340, 0x9D7FF3DE, 0x7DFFAE50,
0x2276F88D, 0xFC0FD77B, 0xE9DBB7BD, 0xF1705280, 0xB111A9B1, 0x1E119D53, 0x44D6FAB8, 0x197D1160,
0xE29FA1C2, 0xC1008235, 0xC1F2F900, 0xCB2244D3, 0x99A0E532, 0x660025AF, 0x2CCCE316, 0xF2C48EEA,
0x3D2405B6, 0x661374E0, 0x6B101AD0, 0xA040B75C, 0x5690A475, 0xFA17C9ED, 0x63202D31, 0x0EA9AD8A,
0x34F7ABDE, 0xDA6D8631, 0x45634DE7, 0xBD83C26C, 0x013C3986, 0x5F84C8DD, 0xCFF7CFCD, 0x5F84C8DD,
0xCF69CF9C, 0x282DAEA9, 0x5DD3A434, 0x42A5B19F, 0xA8DDAE15, 0xFC92A3E5, 0xD632249B, 0x7B2C3ABB,
0x39A3B08F, 0x57A48917, 0x16BB644F, 0x9B1B0BCB, 0x949B8B24, 0xA3DD5CF8, 0xD360A31E, 0x8D709E8F,
0x883216CE, 0xC540DCB7, 0x336E82B4, 0x41FC87C2, 0xF0689630, 0x16945541, 0xFC847219, 0x04E82B48,
0xDA187824, 0x48A1BB7F, 0x0A54E94B, 0x20AE07CC, 0x66D47129, 0xF0B01F0D, 0xDEC4C1D4, 0xB043C78E,
0x263821B8, 0x600F4712, 0xA67DB74F, 0x56D921E1, 0x67C6B97E, 0x5F02D997, 0xE0850A87, 0xE9E7A2DE,
0x61BD1ADA, 0x390E3004, 0x576B76F7, 0x45944EC6, 0x7DAB6852, 0x2CF9370E, 0xD68E27F3, 0x86901918,
0xA31F5CF6, 0x79CA8595, 0xB39C65EE, 0xC608D5E2, 0x9C0C932E, 0xE26723C8, 0xB2901D58, 0xFFF77895,
0x3F12FC2A, 0xC7EA2A53, 0x8ABF6989, 0xA04C07EF, 0x669F75BA, 0xBC1EB322, 0x021F418C, 0xF883BB54,
0x3308FD97, 0xBEC62D31, 0xB6138589, 0x0C614740, 0xA60BB542, 0xFC5FF363, 0x423F857E, 0x0CBC4BD1,
0xFABF15BB, 0x8C24D3BF, 0x82EED524, 0x7C827B8C, 0x6A5E4394, 0x02C74D2B, 0x53A2BD50, 0x0B77BD46,
0x541C4E1B, 0x6F6F7FF1, 0xEACCE89B, 0xFA5D1160, 0x30117788, 0x625C58B2, 0x7F9D0E47, 0xA1FF9067,
0x2B8D7382, 0x1C2683E4, 0x8ED8BD29, 0xAED79C62, 0x4665D476, 0x9E04FD1E, 0x74335BFB, 0x3E2E1C07,
0x73B4722C, 0x8D2B9489, 0x1770D798, 0xB085C740, 0x3AE6412B, 0x6A7E59B4, 0xA2E34101, 0xF81CBF9A,
0xFE5A6D8A, 0xF4D36F55, 0x6F9B4959, 0x7A6599F2, 0x928A115D, 0x88988B70, 0x425281F2, 0x9D92CDE3,
0xFAC79904, 0xFFD9363D, 0x1C65172D, 0xBFF0AB5D, 0x78C6B29B, 0x81FA7441, 0x92F76545, 0x4CF45A2C,
0x25032A15, 0xD1FA1D60, 0x92104350, 0x2AC6FA1E, 0x509A3F61, 0x10B6E660, 0xCDB1324C, 0x80A4F236,
0xEADE16E2, 0xAF7C283D, 0x0F371862, 0x1742CE4C, 0xDB9CA762, 0x04CC602F, 0x6A939351, 0x25B6CA39,
0x01B67A22, 0xA6BF9836, 0xEB893459, 0xE09E1D1B, 0xE854280E, 0x9C36C06A, 0xC4C2F45A, 0xB1BA7D42,
0x88577819, 0x2E8C9462, 0x59E15811, 0xEB389204, 0x7C3A6E4C, 0x4A9AFB13, 0x22AABB38, 0x65FE4424,
0xB15E2E4E, 0xAB14B91C, 0xDD594B45, 0xBC0D8F09, 0x05B1B32E, 0x44E4CD17, 0x95E5557A, 0x0D014A04,
0x862EAF0A, 0x7BD97649, 0xD9120C7F, 0xF9C05D44, 0x082B5216, 0xBD04374D, 0x7608673E, 0x9B9A8B09,
0xE079F61F, 0x55041009, 0x9AEA2F3F, 0xC1CB4151, 0x23366059, 0xB37DCE5D, 0x104FD379, 0xCC70436F,
0xB3173411, 0x63BA8C6E, 0x21851E43, 0x3454FD40, 0x159B6E15, 0x34A4AF42, 0x61A02132, 0xE509ED67,
0x1017CC23, 0x910D5807, 0xC601435D, 0x1D08DB41, 0xF492CE7F, 0xCB0B964A, 0xA2ECCA27, 0x2E0D6C2B,
0xAA133D07, 0x71903357, 0x922BED53, 0x81893560, 0xE07FB622, 0x938EA251, 0x789E2B66, 0x50110A6A,
0x890EFD23, 0x9C983D41, 0x42B47273, 0x65505C3C, 0x812AC747, 0x3F13457C, 0xDFEDF519, 0x45BBD950,
0x4E310362, 0x3C11B176, 0x3E7F5A6D, 0x9FEDAB77, 0xCC05247E, 0xD8C37F26, 0x34DCAB32, 0x104ACF1D,
0xE1F95A42, 0x37F3FA3B, 0xFE198E6E, 0x403A237A, 0x915CA67B, 0xCA94D512, 0x9A754104, 0xB8B1C47E,
0x9D864024, 0x69279B1C, 0x00DB7559, 0xC0B6BA28, 0xD0ADC22F, 0xFDD15862, 0x52EC0962, 0xB1524B16,
0x3C51BD44, 0x14361E20, 0x1B16DC08, 0xF3AB4B21, 0xCC1BFC02, 0xA75C4F10, 0x27611968, 0x99D07A72,
0xB773DC64, 0x646B3B6E, 0x2AC79163, 0xD35B7F17, 0x294C2732, 0x2951F203, 0x70B01431, 0x2DBDB078,
0x4BE09178, 0x7E855829, 0x802D6A71, 0xA0894879, 0x9710F432, 0x59666F18, 0xA66F6D58, 0x7B8FFF54,
0x4855311C, 0x66CDC910, 0x38CEB811, 0x0C58E856, 0x2D642E6B, 0x41EF5645, 0x8C0FB26A, 0x59F3DD2F,
0x08795755, 0x63A6F303, 0x7B6FB45D, 0x41D67734, 0x84EACC0A, 0x34B15E58, 0x9202BE09, 0xA5304623,
0xC4A11A10, 0x9649E158, 0x5A173A6A, 0x8FDC8E4C, 0xEA2DFE5A, 0xF6DD234C, 0x5BE62208, 0x13CCAD7D,
0x5DF24472, 0xAAEA234E, 0x96CA3004, 0xDD9BF671, 0x4D01FC41, 0x233A5812, 0xFCCA472D, 0x84263E2B,
0x80BE8106, 0x5EBA9568, 0x94840D00, 0xCE22F347, 0x5D6B4965, 0x0521991A, 0x8FC5E06B, 0x07CCF158,
0x8E706427, 0x95F27400, 0xAC070875, 0x6615425B, 0xC10A2C3B, 0x5A502332, 0xD8EDAF32, 0x48851F59,
0x5E277F2B, 0x5475A108, 0x71332C0C, 0x4B06DC7E, 0x45BA553F, 0x9ECD0570, 0x95A1B74A, 0x73F5A17D,
0xB563F110, 0x6946A529, 0x89149C70, 0x7EB3F559, 0xE183DD08, 0xCAAFF70D, 0x85571A04, 0x48942F65,
0x63C3035A, 0xE9A51660, 0x1D606F52, 0xF9FBF764, 0x89730E7A, 0x3B38E17C, 0x9815F263, 0xA39CAD54,
0xEF5DCA45, 0x241B095E, 0xAE31CE23, 0xA2504C40, 0xAE18DD2C, 0x36031C7C, 0x36088278, 0x5361EE57,
0xFE54586D, 0xF64D0539, 0xA0853956, 0xF3E52632, 0x8B13446E, 0x91079B19, 0x728DC91E, 0x4B165F6B,
0x91F83F47, 0xFA9B9115, 0x063B8B5E, 0x83440605, 0x64BD0340, 0x71FE3369, 0xCE99E641, 0xA090992D,
0x26426F49, 0xC0FCB53A, 0x16899079, 0xF96C2604, 0x85B3C519, 0xB7755842, 0x1629A14B, 0xDBEA290E,
0x7CBB064B, 0xA557DB30, 0xBD31F736, 0x4BC41C50, 0x36D67079, 0x1322433E, 0xB70F967D, 0x3A404332,
0xE0D0B006, 0x2D0A8918, 0x48979155, 0x25ABE51C, 0x94038B17, 0xA19F9F77, 0xC24BC974, 0xE480F141,
0xA710467B, 0x242EEF57, 0x572FBB0A, 0x9D5D782B, 0xD8B5200A, 0x068B7741, 0x570B2022, 0x0E149F28,
0x9E74A73F, 0x620BF060, 0x657D975E, 0xC1078B2C, 0xBDF2570B, 0x9EB5F50D, 0x790D2900, 0xFB83E52B,
0x4BC37A5F, 0x6CBAF003, 0x9A47DC06, 0x1DA4707E, 0x82B6D06D, 0x5220F161, 0xE6AD9D36, 0x8B4F2417,
0x1CD05A7E, 0x6AA2A204, 0x74D61351, 0x589B0520, 0x30D1E234, 0x52CBB710, 0xE6ABC008, 0x67EAC335,
0xA70CD74F, 0x3DF8E373, 0x28FF7759, 0x0AAB764B, 0x5048D521, 0x8D3F6927, 0x0370BB49, 0xAA7EA912,
0x5F8DAA79, 0xAE59C973, 0xE3F9C137, 0x4108BF12, 0x4469AE4B, 0xC7E62732, 0x64C1D367, 0xDF1EF64B,
0x0D9BA75C, 0x7C363230, 0xCABCC93F, 0xD9F0931F, 0xC9F41054, 0xE6960421, 0x319DE31A, 0xB3E44C5A,
0x45464416, 0x1E496507, 0x3BDE3452, 0x2696EC52, 0x306F826C, 0x7156912E, 0x18526B69, 0x37137D0E,
0x352EEB1E, 0x10212266, 0xEEB64F3B, 0x5FBC8928, 0xF59D1255, 0xB1B06A31, 0x3A9EED1B, 0x7D20E079,
0x9837BF5C, 0x6C683506, 0x56E02719, 0x813CC630, 0x66368C52, 0xDEDDF548, 0x2534186A, 0x4DF6900D,
0xCA2E6D5F, 0x6C1E4747, 0x0916E731, 0xAEE9FE5A, 0xFECE904F, 0x355E4B5B, 0x9A240C6D, 0x0C4A0A16,
0xF2C5A324, 0x20A6FD5F, 0x52E0C94C, 0x3AAEF255, 0x166B5C7E, 0xBB3A2109, 0xB045F520, 0xCCDC1056,
0xB7386165, 0xBB837539, 0xC0FDAB02, 0x39C4F655, 0x88075037, 0xDB08354A, 0xD008230E, 0xDA9F9B3F,
0x6E96C338, 0xB4E9133D, 0xF7F6D226, 0xD9260B22, 0xB449582B, 0x0CE71C69, 0xB4AE7432, 0x96AA4B5D,
0xEE8DC211, 0xFAD7307A, 0xEDC3631E, 0x115D4D23, 0xD1BAE049, 0x4BA95944, 0xE7DD0B3D, 0x594F5334,
0x8ADB5F5D, 0xCC30183A, 0xF737496A, 0x7AC3571A, 0xB7F5B952, 0x5FB17663, 0x0545B644, 0xB84DB03A,
0xA4B32612, 0x594B5127, 0xBDCEE37D, 0x6B416F61, 0x4465F85C, 0xA656F06F, 0x74581503, 0x38FC974E,
0xDB30A91D, 0xB1246468, 0xE247B643, 0x3CDA0F4D, 0x73E9E22A, 0x6BB23706, 0x39EB1620, 0xD95EC402,
0x6B68A451, 0xC9800A34, 0xEC0C1A25, 0x12C07411, 0x9A429C7E, 0x52B83F5A, 0xFDF26D0D, 0x491D0312,
0x2F122A32, 0x59303045, 0xAC46103F, 0xE117EF5C, 0xF05EFB52, 0xA0D57A26, 0x47C3A602, 0x23FBF038,
0x87CBFD1B, 0xC9B1A469, 0x639D101F, 0xBDDFF932, 0x2937431C, 0x80ABB544, 0x5A4B6513, 0x34811702,
0x59710322, 0xBD4E4D7B, 0x390F584F, 0xEDD3D806, 0x61679E38, 0x80CB1840, 0x0040AA0F, 0x23D9E912,
0x5394CD50, 0xB237CF79, 0x7A842609, 0x07BBB966, 0x8A4D5B1F, 0x47E8156B, 0xE74A7C19, 0x445A9424,
0x635F1705, 0x9430D357, 0x0DE97873, 0xA4F0CD05, 0x4D7D9342, 0x981D7C10, 0x3D302877, 0xFAD8036F,
0xD33EE266, 0x8A9A8F20, 0x0B0E9C54, 0xD3DDD003, 0xAC11E635, 0xA69C976B, 0x57AA4F62, 0x1D02482E,
0xD36A7C28, 0x82A81A29, 0x0FA0FF1A, 0x79522F5A, 0xF9BF525E, 0xEE501759, 0xDE61252D, 0x64E9F927,
0x15D43D41, 0xCC4FBA51, 0x578C266D, 0xAB6B1C4A, 0x4EA8D34F, 0xB1FCF137, 0xD5F4012D, 0x65BD0248,
0x83BFE23D, 0x48201D6F, 0x0D32F067, 0x5A492B24, 0xCE63EB32, 0x34AF8C62, 0x74CB4B09, 0x02786C20,
0xA8999C1F, 0x24BE406C, 0x282B944E, 0xA3F43E13, 0x871ADB53, 0x6D1FDD54, 0x1BC84577, 0x40FC536F,
0x362C8964, 0xD331694A, 0x14E6D769, 0x69DDFC3C, 0xFCCD0230, 0xFC2D0F5D, 0xD45D932F, 0xBB925304,
0xC080667E, 0xF96AC96F, 0x9414C419, 0x7C38A37A, 0x05A4B001, 0x7E3DD854, 0xA6C82672, 0x9166EA67,
0x50BAE011, 0x5811B74A, 0x400FAC00, 0x50897002, 0xAB786137, 0x50D0947D, 0x46FD9D2A, 0x835E3031,
0xA4F51637, 0xCB3DD42B, 0x8341813B, 0x79DFE667, 0x60D2AD48, 0xAA7C660C, 0x76EFF943, 0x88356B04,
0x9CE45D52, 0x967DA30A, 0xA2582263, 0x86CD4542, 0xE160E331, 0xCA13515D, 0x9E62FD71, 0x5DC1DC51,
0x3AC8BF5B, 0xD42DBE7B, 0x5825BF2E, 0x2FC7442E, 0xE1F0FD5F, 0xD5D59C2C, 0xBF01DD2A, 0x4F7EE748,
0x5BA5AF65, 0x72479031, 0x999DA94D, 0x8ADE5C35, 0xBB6E2814, 0xCF664379, 0xBC68336C, 0xEB31DC2C,
0xD70A7F70, 0xFE05D219, 0xC768D563, 0x95C56B31, 0x8718454C, 0x314E047C, 0x91F63F0A, 0x531CAB4C,
0xE28F8517, 0x9B87F06D, 0x07ED9C32, 0xAC2FAD27, 0x7F70DC79, 0x30E0457C, 0xE9A4E944, 0x90E2B128,
0x11908E2E, 0x4F00873D, 0xD7D7F865, 0x8D30F016, 0x4FDF714E, 0xD5738406, 0x0119EA33, 0x4AA9E210,
0x5256651F, 0xEC66C656, 0xA2F6C77E, 0xB6998B39, 0x390FF955, 0xA9E8C40C, 0xCF83261D, 0x0DAC1D69,
0x55F5C963, 0xFE36DB1D, 0x6FA42F7D, 0x25636519, 0x7E44FB37, 0x710BDA56, 0x711C6A29, 0x756EF042,
0x7639B373, 0x8D72E744, 0x637E835E, 0x7BFEF940, 0xF80CE934, 0xD758E74A, 0x12B25B11, 0xA8EDFF17,
0x12984A5C, 0x5E9E0E0D, 0x411CA303, 0xB8FE7F32, 0x23A19768, 0xED11FE1F, 0x9396A204, 0xF7B42816,
0xF1E0CB5F, 0xD312B407, 0xBD38665C, 0x60162B45, 0x88B80B02, 0x35ABB11D, 0xA690904F, 0x7AE8D224,
0x04588568, 0x55665A06, 0x15BDB506, 0xDFF58C6D, 0xB49F824C, 0x6C56B940, 0x597C9052, 0xB8E2673E,
0x6DFABF1D, 0x2D25BE57, 0xF9B2E00C, 0x8BADAB67, 0x7A987B19, 0xE2E71F0E, 0x4B8F9779, 0x10C8831B,
0x857BBA65, 0x3763396E, 0xF76DDB2D, 0xD09FA267, 0xB74FEC22, 0xAB43E248, 0xA1DD653F, 0xA4029178,
0x51BD866A, 0x7B589E7D, 0xFA2CC300, 0xCA2E7679, 0xAA0F9C38, 0x0E128940, 0x0B2A4C2F, 0x591FD113,
0xE2285D7C, 0x9B90684F, 0x6EC6CB41, 0xBC1EE462, 0xC8B0C02C, 0xDFF3B136, 0xD0160F28, 0x348ED260,
0x72918B4D, 0xCE9A625B, 0x9298C838, 0x9DA79D72, 0xFC9E1234, 0xB3EF3137, 0xA6823A06, 0xC21F066A,
0xE7513F41, 0xD2975765, 0x34DB387E, 0x2CBC6B45, 0x2267564F, 0x75A1B443, 0xB8C3FA15, 0x1D13DE39,
0x20FE292E, 0x67C64358, 0x1BE02A45, 0xEF368225, 0x035A9045, 0x311DFE44, 0x16F65A4E, 0x9F9CAA2D,
0x0F27224E, 0x2183B501, 0x30439708, 0xFD83955C, 0x34184C1A, 0x1C5DDF2B, 0x6483AF3C, 0xD3659501,
0x03246148, 0xCA47EE4E, 0x19730A27, 0xF30FA231, 0xCB818B26, 0x240AAF5E, 0xB15BF83C, 0xEC4BA32C,
0x1C081C33, 0xE25BE06E, 0x13C2534D, 0xCEAB4A52, 0xF86EDA2A, 0xD574581F, 0x69C88459, 0x6F2A3565,
0x5F90592C, 0xF8BA3279, 0xF7054C17, 0x58022801, 0xBE028F5C, 0xD2BEC927, 0x3876EE56, 0x5BA49F27,
0x1A11EF0A, 0x1C3BE058, 0xDF6D0A20, 0x392BC622, 0xFAAB5640, 0xC7872C46, 0x9E57863D, 0x91AC8870,
0x7FA5396B, 0x81BEBB4F, 0xFD23E371, 0xCCDB0C79, 0x3CE0D83C, 0x52D5A042, 0x476C5D4E, 0x75B0A555,
0x5C900921, 0x73CAE217, 0x5325FD18, 0x1B19CA1F, 0xDE48CD04, 0xAFA27F0C, 0x2BEE6466, 0x0B2A7D03,
0xCD443F6C, 0x3ACA967A, 0x416AE924, 0x60835D4C, 0x8D76EC26, 0x445A052B, 0x54AA1E16, 0xAE9DC128,
0x2B60E453, 0x32496E1A, 0x3F54F81F, 0x4790A417, 0x1729BF5D, 0xD56C8B20, 0xDB49FC0C, 0x8C438430,
0x4D60EC2C, 0x4DF0C90B, 0xA9DACF5B, 0xAAD22541, 0x0ED6D30A, 0xBC53083B, 0x19E7D04D, 0x8D0A1D35,
0x8EC71559, 0x2724B66F, 0xF973E21E, 0x561AA152, 0x84F90443, 0x61AABF1B, 0x57AB5D2A, 0x655BAB30,
0x3C85320D, 0x1D05D217, 0x6ECF4258, 0x6FD44003, 0x30F9026D, 0xBDB95145, 0x6B4B116D, 0x1E5FCA58,
0xB9BD5D3A, 0x232F3A5D, 0x4F0B923A, 0xDF341601, 0xF0A16475, 0xFDA8C63F, 0x6193BC26, 0x7D907B51,
0x81AB4B04, 0x0DE05227, 0xF8F00F10, 0xED9CFE50, 0x8FCB6F56, 0x9C1C030C, 0xE0992C36, 0xC3930449,
0xF2209725, 0xCA549520, 0xF21FDD73, 0x6D03EF32, 0xB0C0FC24, 0xDF08A80C, 0xA6EF995A, 0xE06ECC63,
0x20BD3513, 0x93992A69, 0xA5665155, 0x9D03E150, 0x76782C28, 0xB2969927, 0xC5976656, 0x34D0B15D,
0x1389C96F, 0xD93DCE0C, 0xA034D92A, 0x1B86EF64, 0xB5C37576, 0xBB4BC708, 0xED559A6A, 0x1FD5A13B,
0xC7A1704B, 0xABE7EB3F, 0x8966765A, 0xB8046705, 0xAAF95F65, 0x52B2BC5C, 0x8701C36D, 0x65692F6A,
0x7A0B542E, 0x73D27363, 0x4822AD4B, 0x7F2A8E78, 0x1C68BE38, 0xCAD7FB1F, 0xF69C851D, 0xB64EA467,
0xEEDC2B37, 0x9BF41D5E, 0xCA31B770, 0x955DE400, 0x55926656, 0x9B4DCD7E, 0x5921B31F, 0xB53E363E,
0xA1C5FE5F, 0xE0800970, 0x4D5B646A, 0x1A247E6F, 0x7EEAAA6D, 0xB85CBF60, 0xD05A3C6A, 0x9B3A9933,
0x8A22A616, 0x46CE507F, 0xEE0B6111, 0x0709337B, 0xB16A1323, 0x89235441, 0xD389905C, 0xBE67322D,
0xA23A2077, 0x14334A1C, 0x654A5D13, 0xAD0C9248, 0xFC3C3A07, 0xD6BBF02E, 0x9E11F527, 0x92235039,
0xB5193333, 0xE606A905, 0x6B11E471, 0x5D15EF4E, 0x7AE71921, 0x2BAE3547, 0x1526CC2C, 0x9207A35A,
0x0CB70100, 0x16494A25, 0x9AF4C817, 0x39FA6637, 0x01885750, 0xC17F980B, 0x6B834773, 0x9B119902,
0xA91D9F4D, 0x820BA147, 0x075E3F6D, 0x5AF7A617, 0xD2E54F1C, 0xD5C80367, 0x6312C528, 0xCB045D48,
0x6857BA57, 0x7EABC759, 0x6751670B, 0x8BDE9769, 0x2F8F5550, 0x8BAADC7E, 0x464F7D4B, 0x0362B548,
0xC4E9280B, 0xC94C2378, 0xFF9AFF71, 0x72EDCD3A, 0x987D5D02, 0xB304DB13, 0x81A5917A, 0x64F28260,
0x7A840A54, 0x5CFEFD08, 0x0D0F6737, 0x94E9DF6F, 0x5659DC67, 0x1C23D11E, 0xCA0CD76A, 0x04AFC91A,
0x42A89436, 0x805C0476, 0x78872F1B, 0x0B945A06, 0x60C6821A, 0x61F1216D, 0x09D1EF2A, 0x87348536,
0xDA81297D, 0xD0C43473, 0xB1899B61, 0xE5860A02, 0x36A2FD28, 0xB9354E2C, 0xB21EC459, 0xAB6DA64B,
0xF1E4E432, 0xA5C41C04, 0xC4EE9A57, 0x7698A501, 0x262AB37D, 0x68D8F42A, 0x274D5B4B, 0xA8B3014E,
0x90FDE63A, 0x8877DA6A, 0x1048D33C, 0xCA25F550, 0x8CADE417, 0xAC228A46, 0x518DDE30, 0x468F4A62,
0xF5C75A63, 0x199FDD74, 0xC9037B75, 0xE345A51A, 0x6C05DE45, 0x2726A41E, 0x06E6D63E, 0xE33C9F77,
0x066B901E, 0x7938A21A, 0x5627FF18, 0xD9326700, 0x66288045, 0x32CC3E24, 0x914D8705, 0x9693C91D,
0x3958E204, 0x227A7119, 0xB8B17315, 0x9FC67E34, 0x5691C621, 0x85445D7A, 0xFEFA6C5C, 0x95899D55,
0x16714C06, 0xCDC8FB6F, 0x29ED6209, 0xB4B0C052, 0x13573C6A, 0xADBACA26, 0x7B226A7E, 0x4AC04153,
0x2F1F3A1A, 0x54B86B75, 0x6F48627E, 0xCE74573E, 0x7E2A7537, 0xE22D7971, 0xB4E28D2A, 0x19653D05,
0x05E2C811, 0x551DD616, 0xCBD99415, 0xF1A6683F, 0x1831D542, 0x03ECC602, 0xFE4B5576, 0x23B89C0F,
0x6247B03A, 0x770A502A, 0x481CBC1C, 0x2E928C4D, 0x6C2D1371, 0xF9B9C734, 0xD5ED467D, 0xBBDECB76,
0xA09E7578, 0x2634CC34, 0x6D88855E, 0xE8327D5C, 0xD1A2F256, 0xC294151C, 0x4306B317, 0xADFAF34C,
0x4B962921, 0xC7C51A5D, 0x9FC42231, 0x0A139E06, 0x40B9735D, 0xB2BB7D15, 0x1B860660, 0x29CB036D,
0x0CAFCB34, 0x31097F1B, 0x45D0124E, 0xF3B29D2D, 0x243AFC24, 0x3AC68F03, 0x9E36C017, 0x9CE59D43,
0xD10CB50A, 0x93C1A546, 0x799A2D75, 0x286F0552, 0x484EC000, 0xE697A278, 0x4BC81D01, 0x47176416,
0x6F41C670, 0xA6981D66, 0xC2240531, 0xD8C70D2F, 0x5B4BE358, 0xF1633331, 0x3B36B66E, 0x26683057,
0xBA80DC25, 0x12CC9039, 0xF979A259, 0x70BF711A, 0xE559806D, 0x5A50E205, 0xBADD6E43, 0x334DC04A,
0xEFC79D4E, 0x6DE6E83E, 0x4AD0F620, 0x0A8CB434, 0xDF595442, 0x8F17A973, 0xD0B3E66D, 0xAFCA003F,
0x15DC3977, 0xEE838751, 0xCC116463, 0x01326F59, 0x3A8E7579, 0xDB989830, 0x5DB45A51, 0x4A6CBF52,
0xF8172105, 0x79397742, 0x7A49AF67, 0xD7AB705B, 0xEC68F027, 0xD1F5D108, 0xCAF2651D, 0x5F27E279,
0x131AA10E, 0xEAC7B462, 0x9CAD292C, 0xB3D4B14E, 0x34C42B3E, 0x0123060F, 0xC843DA5D, 0xB9066023,
0x39766032, 0x91D4343B, 0x30D2A912, 0x051E0742, 0x9B4A0D78, 0xF4854B16, 0xDE32D407, 0x5A8B502F,
0xE6A43509, 0x37DAB338, 0x92FA7A28, 0xC6CEA859, 0x00CDC557, 0xC5676039, 0x8FDF0A67, 0x3C560C68,
0x59EAA616, 0x04F3F80B, 0x6666EA1B, 0x518A2B71, 0x9CCBA22E, 0x88630445, 0xCB7DE672, 0x6D4FC04E,
0x14BCBB52, 0x0B5ED562, 0x5A23D473, 0xCE6F8C17, 0x3015F91E, 0x7D97AA77, 0x6B230707, 0xDAC42E79,
0xCF97E563, 0x01109A24, 0xA6DF4E27, 0x6EA7D744, 0xC3253648, 0x6965B05B, 0x91C00954, 0xD52A6519,
0x23D20540, 0x8147DF2E, 0x859DEE13, 0x41BD8B57, 0x70D2962C, 0x528B1D50, 0xE867D341, 0xAB9EE91F,
0xECF58C4B, 0x6F229726, 0x0490BA52, 0x4800EF5E, 0x52B19822, 0xB304BB39, 0x531ADF2A, 0xE6084140,
0xECFFF777, 0xFA35187E, 0xDEC78971, 0xCF67A040, 0x24FA3713, 0x9DD7883B, 0x4D179104, 0xE7568255,
0xA27EE167, 0xEB8BBC31, 0x0B344F47, 0x29004D0D, 0x522E1562, 0x2E48EF23, 0x20547C55, 0x4231A913,
0x741EA027, 0xAF1EE272, 0x31524212, 0x3A1ABA5A, 0xF5CCFA77, 0xFF5F3D59, 0xA43B655A, 0x85301912,
0xB0C17647, 0xF6C57165, 0x9FB0C364, 0xEEFC964E, 0xE9654B75, 0x60D8D500, 0x0CFB7B03, 0x747F4F72,
0xF9FFB77A, 0x6B22D134, 0x54B5A33F, 0xA7C85800, 0x65911800, 0xE2C5392E, 0x05EB0F77, 0x81B2CC40,
0x5EAF1610, 0x7C1E0E08, 0xB6184245, 0x60C1656E, 0x64AA3E09, 0x8B03E508, 0x26EAA959, 0x5C47C129,
0xDD923D23, 0xD8D2AF00, 0xFCE5794D, 0x58246E4A, 0x18FCBD19, 0x22EF6A37, 0x13A3053E, 0xB8F54377,
0x36162864, 0x1CDD9464, 0x2E39644B, 0xA40A786E, 0x150F0112, 0x44C3AB57, 0x96A68E5A, 0xA754184D,
0x66E0F361, 0x3A85AD7C, 0xD8F5364A, 0xC3CCB831, 0x775C6F13, 0x9A397675, 0x159F974D, 0x4DFC3953,
0xD94EF167, 0x4A4BFB37, 0xCBCF7842, 0x89E02614, 0x37F50A56, 0xCBDB5372, 0x4D468F13, 0x25702445,
0xA1614D4D, 0xBEB80515, 0x5E235900, 0x7F6C6E77, 0x88900206, 0x58B7036A, 0x7EB15D00, 0x02CDA949,
0x6CAF0707, 0xBD1CB832, 0x75B68F12, 0xDEFF987E, 0xFC169F53, 0x1CF7D828, 0x3ABB1833, 0xF361C96F,
0xD110C360, 0x7FFAFC22, 0x4E8FE468, 0x8CA68E0D, 0x9321B765, 0xFE69787A, 0x66A3452C, 0x79746E26,
0x3F3CF230, 0xD83AEF47, 0x7ADB5730, 0x06A76E7E, 0x1DBC431C, 0x9A717F16, 0x818A5716, 0x277F7F57,
0x2FA81333, 0x9550891C, 0x9CB7B676, 0x158FAB25, 0x2024DD7C, 0x6312344F, 0x57D0C70D, 0xB03E4D6F,
0x5B5F7E33, 0xC8A9F837, 0x3A162B66, 0x628F0C33, 0x767FC654, 0x2ABB1A2A, 0x7B833428, 0x47CB6C3C,
0x2F6C2604, 0xF9CB8619, 0x895C2C70, 0x4AC50551, 0x501EF762, 0x456DAC2C, 0x3AB75F6C, 0xBB281A6E,
0x6C50FA26, 0x05486D5B, 0x4A79825B, 0xA5C48509, 0x0A9CEE2D, 0x0860BD77, 0x3C774315, 0xD63FA84B,
0xDB3A6827, 0x3C37F244, 0x38AA1B6C, 0x19F1E46B, 0x75382416, 0x51ED7026, 0x1BEF4304, 0x26D4AE52,
0xA2801E2F, 0x0999D656, 0x746ABA47, 0xE23C9F2C, 0x0C18C061, 0xCB6AAC5F, 0x6DBCA822, 0x66432132,
0x18572637, 0x646AA86B, 0xF77B2D1D, 0x680A6043, 0x71368713, 0xB43B2D3C, 0x3A9A613B, 0x593AD518,
0x2D28A945, 0x4C6D815E, 0x882AAB78, 0x815D6D30, 0xBE9AA04D, 0xF755421A, 0xAD2C4621, 0xFE6A1306,
0x6B1E5173, 0x59001521, 0x1AE4B331, 0x13F7AD4F, 0xD9DB686D, 0xB974F04B, 0x8967CA77, 0x1D483D18,
0x50283859, 0xC1844544, 0x0A971877, 0x06D9B259, 0x0866BF3C, 0x0C11A63C, 0xB8EFDF13, 0x23CAB321,
0x88447C23, 0xA171B146, 0xEF29A62A, 0x00037452, 0x586C4228, 0x7BE5AE79, 0x97A1E633, 0x5868542E,
0x24FB0C11, 0xD2AA4B3A, 0x560D2919, 0x96CEEA5A, 0xAC48546C, 0x527E332A, 0x70671D47, 0xAA476350,
0xD1743A1B, 0x639F2812, 0x2C6C8311, 0x67EC394F, 0x01E00E75, 0x075B6622, 0x87533616, 0x55714D0B,
0x72C4E531, 0xBA403E60, 0xDC12E812, 0x334FE068, 0xFDF36546, 0x38508621, 0x294C1A56, 0xDE560B6B,
0xB0848E08, 0xC042741C, 0xC037DC5A, 0x7F5DDA46, 0xFB8E8D5A, 0x2631726D, 0xF020E546, 0x43E24829,
0x8250FC49, 0x53746F34, 0x664CDE31, 0x3186DE6E, 0x89B9402B, 0xF4757F14, 0x3DF4FC1F, 0xC64ED95B,
0x34A9282E, 0xB33F9A12, 0x347AC743, 0x14C5D079, 0xCA09D071, 0xC0044E7D, 0x2384536F, 0xF3A7541E,
0x3B78A774, 0x00273616, 0x0CD77779, 0xD4C62247, 0x105FE529, 0xCF881403, 0xEB010124, 0xEF0F1F7C,
0x46C10B59, 0xEAA5B273, 0xB799281C, 0x8551F541, 0x780FBA43, 0x2B667E7B, 0x0C0D1A5E, 0x7423D440,
0x320ABB15, 0x29D87A57, 0x9E1BEA2B, 0x1706D75B, 0x87C31634, 0xF859F019, 0xFDC28276, 0x909BD02E,
0xC9F3CA32, 0x87B69C74, 0x1D56A556, 0x8C44446E, 0x8C4EA11D, 0x4F65C018, 0xE01BC432, 0x09DE9326,
0x50725237, 0x454B9979, 0xF4C2B05B, 0x6A01C019, 0xE7944A06, 0xAFB42341, 0xEE542D3D, 0xAB7CB453,
0x32059231, 0xDE448079, 0xDF030013, 0x65C40F21, 0xE83CC54D, 0x54666346, 0x4B79BA56, 0x8527B878,
0xBF21C721, 0x833AE82F, 0x896FDA1A, 0x9B112047, 0x67F13742, 0x1C9CF77E, 0x86203E35, 0xD134D621,
0xB0F86F0D, 0x7A080D23, 0x95C04367, 0x2BE1D95B, 0x6194393D, 0x057CB933, 0x99824A36, 0x628D7601,
0x0D961E52, 0x13AD140F, 0xD84D8044, 0x3B2CC91F, 0xDC71B432, 0x3515817E, 0x7EF8716F, 0xBA5E242C,
0x59C72FB9, 0x9C602421, 0x6AED961B, 0xFCFE5F6A, 0x94D79648, 0x94658131, 0x6ACA071D, 0xB7833E3E,
0x936FB252, 0x64469F2B, 0x8DBBA80D, 0x7FCC2E0A, 0x9218BB4A, 0x7EF26A45, 0xCB126D7A, 0x7B2C1800,
0x0E468B7C, 0xD3736034, 0x4861B869, 0x9056A45B, 0x79627313, 0x7501074F, 0xF871EF15, 0x3DA74C22,
0xC30C6649, 0x82CA4326, 0x2FA7770E, 0x72930D14, 0x5134ED0E, 0xAC2EA754, 0x404CD95B, 0x8C56E031,
0x092F512A, 0xCC9F9624, 0xFFEAF74A, 0x47C83230, 0x85893A36, 0x444EC62D, 0x96F52512, 0xC1FC2571,
0xAA76485F, 0xE6A07D0E, 0xE0E8934F, 0x6ECE363A, 0xAC5BBA44, 0x0BE92A95, 0xA490FD70, 0xD07C652D,
0xE2139524, 0x578C77AF, 0x942AD05A, 0xDB82C070, 0x93312269, 0x22724C46, 0x7C4F1414, 0x738D8C32,
0xAB92352F, 0x2227438F, 0x16BADA69, 0xEF944C15, 0x75B1B323, 0x772D851D, 0x5FE3E749, 0xA2827014,
0xFE8FB606, 0x42DC1B58, 0x561A8E19, 0x43FDC772, 0x249B346B, 0xCB48FE64, 0x9EF7B27B, 0x2F5C846F,
0xD0A1A62C, 0xB4B5843D, 0x3679420B, 0x9DF07355, 0x3FC49D22, 0xA521F90A, 0xB1B2B557, 0x16689913,
0x2F6CA137, 0xDDDB6458, 0x11128C5B, 0x4AF5B751, 0xAB38DC2D, 0x342E2109, 0xE272D43B, 0x4B603823,
0x5841CD21, 0x8AFAC922, 0xFFC19F1F, 0x4D49F022, 0x3639647F, 0xF9894357, 0x4BEDF265, 0xA54B5660,
0x5EACC77D, 0x628F547B, 0xE38C5414, 0xB8B08E70, 0xA397587C, 0x59E4A877, 0x50EFC115, 0x7CE9662C,
0x5B02480E, 0xD9A66666, 0xFCD0F20B, 0x713AAE51, 0xA6100E31, 0xF894BD6F, 0x5517FD37, 0xF35D204C,
0x778B0D3B, 0xE2741E01, 0x7FCCC561, 0x6B7F901C, 0xC5117C21, 0x4C22225D, 0x587FCE40, 0x51342924,
0x959F752C, 0x51E7154B, 0xBC432003, 0x009E4C60, 0x73883C68, 0x4B8B343E, 0x54A70177, 0xA0801C56,
0x25FF6C06, 0x72320A41, 0x495B1807, 0xA011D725, 0xFF39122B, 0x297E585C, 0x187E9A3F, 0x2C149C51,
0x359E6D71, 0x9B9EA051, 0x5901FD31, 0xB937386D, 0x1B33941E, 0x46B5395E, 0x2989DC09, 0xA8AFB411,
0x2E60B14B, 0x5126F627, 0x85FCE813, 0x9FE68666, 0x3970774B, 0xCE30FE3D, 0xD2D33A43, 0x94391450,
0x03317A42, 0x6893F841, 0xB9F79C03, 0x1DAA6571, 0xECD8B031, 0xE4BD2965, 0x4351D828, 0xB6841865,
0xE88B7B23, 0xF08D9453, 0xF5180635, 0x96D39542, 0xF9155D00, 0x9F50C234, 0xCBB5B75D, 0xCC31E2DB,
0x206A617E, 0x6C398679, 0x39747933, 0xA8EBF149, 0x3BF59324, 0xCAAB177C, 0x87C07758, 0x0C3C597E,
0xEAA35C4A, 0x5AF0BB52, 0xEB53AF3A, 0xAD14761B, 0x44F49160, 0xAD55B75F, 0x594A0C26, 0xAC6C5356,
0x028E8576, 0x6B6A7776, 0xAD8B6E77, 0xE530AB54, 0x229A9341, 0xA4ABB075, 0x55C7731A, 0x7DE32F38,
0x75EBDB16, 0x31490F3D, 0xD72C2A18, 0xCA740235, 0x1CB7BC37, 0xE9664F3C, 0xE611E86B, 0x62F7354C,
0x9B8E593A, 0x5CBD2F38, 0x15CBB93E, 0xD1425C53, 0x927FFA4A, 0x36788062, 0xCC21F46C, 0x5A81447C,
0xFB27441E, 0x54ED0338, 0xBE335A7A, 0xB242710A, 0x9E5DC1EF, 0x7B989E31, 0x19696F76, 0xC194E47D,
0xD2743585, 0x0ADDF578, 0xDC934305, 0x390C3050, 0xF555ED16, 0x24C89E67, 0x97DB962D, 0x168CE34C,
0x46198DC0, 0xDAB8EE0D, 0x0C361304, 0xC740902B, 0xA8A95518, 0xB259291F, 0x3F0E7276, 0x67354611,
0x1539EC51, 0x5613F916, 0xC26AC82F, 0x10B32328, 0x45DE687A, 0x3AF4FA38, 0xC809E902, 0x3F9D2E3F,
0xB0287423, 0x0E15A600, 0x91750F21, 0xA6D37219, 0x90344368, 0xD39BF305, 0x9E6EC833, 0x598C172E,
0x0B7C0F4A, 0x03B6B203, 0xF7F7FC5B, 0xE72B1D6E, 0x08668B17, 0x90EA136A, 0x1AD77B71, 0xCD614941,
0x2AA18650, 0x8D11E44A, 0x11CDDC41, 0xB2267476, 0x61916E27, 0x2325EA25, 0xFCE92E5A, 0x71D62602,
0x24DC2234, 0xBDCEFE26, 0xF45B8225, 0xE05C155E, 0x8A7D7913, 0x9267A43D, 0x2A9A924D, 0xF1485A4D,
0x437DC655, 0x4BBAA176, 0x631F0205, 0x0BEBB13A, 0xF8454616, 0xC95C054E, 0xC98D762F, 0xADA25D09,
0x5576A739, 0x6413E978, 0x4BF05753, 0x9CF6CA12, 0x2426B67E, 0x36E02D39, 0xA953632E, 0x6991B415,
0x8776444E, 0xC18C8856, 0xA296F416, 0xD7922323, 0xD707EA6B, 0x8191C572, 0x8024C421, 0xC77D8C06,
0x27FF9137, 0xC974B21D, 0x32B67F1C, 0x60A0A62F, 0x6F78C21D, 0x08767D31, 0xE809EC55, 0x32673C7D,
0x377F0E21, 0xCA3CE704, 0x2B02601F, 0xF4F5B440, 0xDEF6B319, 0x0C03E02C, 0xB94EEB1F, 0x468D004C,
0xF03BB51E, 0xC6E6354A, 0x4DBA050D, 0xA88C3A6C, 0x4312DB41, 0x80EE7D52, 0x119AA938, 0xCD102F03,
0x6136B60A, 0x52EE9E6B, 0x167CBE24, 0xEA486F28, 0xBC0ED071, 0x1213396C, 0x4F10AE18, 0xC9169F3D,
0x8239FE1E, 0xEC2D0935, 0xE466B035, 0x6664DB0C, 0x82E2C971, 0x539A0872, 0x307092D4, 0xDB74CD71,
0xF0FE1441, 0xA67A5C1C, 0xAD3E4F6F, 0x29B11861, 0x97A58D21, 0xE33CB943, 0x7687D109, 0xE49EAA1E,
0x04FE7933, 0xC803651F, 0x9B59A27D, 0x153FFF38, 0x68B1FA15, 0x2735E323, 0x39B5082B, 0x79E66C69,
0x472DEE3B, 0xA4A6B00B, 0x3D21A25E, 0x41AC990E, 0xDDF1C14B, 0x1E4E7C22, 0xD0FC8E59, 0xC175BF0C,
0x0952935C, 0x273BB468, 0xB18AA72A, 0x337DC40F, 0x98BFF124, 0x96569E1E, 0x05EE563B, 0xE2751A3D,
0x65447E0A, 0x434AE168, 0x9F1A3D26, 0x04E8A57A, 0xBAF35946, 0x8ACCA418, 0x4FB5C82C, 0x13465D4C,
0x248A6E09, 0x2C271561, 0x8BEA5A12, 0xA833B8EC, 0x7367D844, 0xD2989E1A, 0xF761FD18, 0x83083ABE,
0xD9CAEE6F, 0xBE2CFD13, 0x47D58B3D, 0xB7448B4B, 0xDB1D7048, 0xAF64E408, 0xA87BBA3A, 0x8B2384BC,
0x66BD5B37, 0x1A13B776, 0x372AC219, 0x06CC3319, 0x5526023A, 0xE694915C, 0x76FDD91A, 0xBAE56C08,
0x22B33543, 0x9DAAE437, 0x87BB2633, 0x05A04A46, 0x2D1E5564, 0x939D124F, 0xD89FFF05, 0x39829211,
0xC6FD7645, 0x96523204, 0x664EA54B, 0xCDE5A84B, 0x8F2F990D, 0x4448076B, 0xA9480C75, 0xE9436624,
0x96608A3A, 0x997B5458, 0x73B64000, 0xA508CA53, 0xC184916E, 0xCB22E701, 0xDA469E36, 0xF8229204,
0xFD80A66E, 0x0D69414F, 0xF3F3612A, 0x38920819, 0x4C8E9640, 0x13D97021, 0x7FC14566, 0x84845970,
0x9F207A44, 0x77C08E7B, 0xDA7E810A, 0x44FC8333, 0x9DE7A049, 0x102B8B03, 0xA28DF462, 0x2CBD870F,
0xCB397B4A, 0x78DD1244, 0x82B6E84B, 0x78F9084A, 0x00779D7D, 0x922CC13F, 0x86FEE759, 0x28612078,
0x207EB863, 0x2AF6A66D, 0x017B5B1A, 0x73798352, 0xA90C9834, 0xDAA8B55E, 0xB661FE40, 0x90BF7921,
0x14447455, 0xA653DF17, 0x3852E95F, 0x70D6BF66, 0x766E0119, 0xCA042207, 0xE01C7002, 0xC6CFA565,
0x17E5A767, 0x30580E22, 0x2AE3A93D, 0x675EDD42, 0xC4E68758, 0x54355450, 0x1A82934C, 0x0AD10512,
0x1DB7ED00, 0x96E28020, 0x69094B09, 0x104E6D1C, 0x9FF96B74, 0xB7DC752A, 0x87D9B208, 0xE970A446,
0x98F9632B, 0x6E2E4965, 0xCCF0497B, 0x60FABC11, 0x8C6F6C03, 0xF0E9FA7F, 0x6F451C31, 0x2A10554C,
0x9402227F, 0xFA3B2914, 0x1C74F36B, 0x202EA042, 0x1EEBDD1E, 0x41623405, 0x50FBBB0F, 0xCFAA9931,
0x28E28068, 0xB40DA660, 0xC165CB54, 0xE3CD393A, 0xC3052E00, 0x91E68EA1, 0x5EFD1652, 0xDADA791B,
0x1C6E065B, 0x4C713333, 0x3CCF900D, 0x5F363C5A, 0xF798140D, 0x19FFBD65, 0x51C91961, 0x2008D67B,
0x8CC17E30, 0x6BFCCA5E, 0xB00D9B45, 0x2DDE856F, 0x35C95947, 0x7BBFF353, 0x0721C626, 0x6424C76A,
0x6BB12C61, 0x54668D15, 0xF1FE0A5A, 0x3890981F, 0x3B377E26, 0xD2316250, 0x40ACFD66, 0x67E30668,
0xA0CBA57F, 0xB8327C40, 0xFE71997C, 0xA92BE102, 0x23EAD55A, 0x51D7371D, 0xE936C062, 0x1D1EF94D,
0x7F63C765, 0xEF105054, 0x89ABAE0D, 0x6AF5E51E, 0x3C75E332, 0x1EE51D57, 0x70881432, 0x2734966A,
0x97512627, 0x3534D422, 0x9FEE1394, 0xD30D6248, 0x13809131, 0x1BE5FE03, 0x8FEB3AC8, 0x7F235C2C,
0x9DCDF318, 0x1E302B6D, 0x85BC942A, 0x19D0A704, 0xAE57FD56, 0xD9585A0F, 0x819D9F94, 0x68A5F26B,
0xB5DECD12, 0x2E78965B, 0x8C1E6F2F, 0xA7B43C33, 0xD38FCC54, 0x491D2A61, 0x715F6524, 0x8CE76D1F,
0x32D52256, 0x5D64FF53, 0x68B6216B, 0x08458838, 0x44D4F058, 0xA655086E, 0x3047B612, 0x902C9515,
0x4544D34D, 0x1AF0381F, 0xFEB60513, 0x641BFE5F, 0x984D8555, 0xDDBAEB6D, 0xC7FEF72C, 0x5BD67431,
0xEBC82F18, 0x5A737E70, 0x724B7069, 0xA48CE078, 0x744F6F64, 0x6A1DA20C, 0x7FE0C338, 0xE4FB4E55,
0x02A22172, 0x6FF4D24A, 0x0EAB8549, 0xF6B8E14B, 0x53AE5843, 0xE2CC9F2A, 0x8429C420, 0xDDAE0B6B,
0x1639E82D, 0xD2092922, 0x1F4D0B7B, 0x830CCF7C, 0xF75CC329, 0x61768D28, 0xD6D98366, 0x0E9C2118,
0x53F2982E, 0x09805B53, 0x002B3F3F, 0x6673CA02, 0x6E6AB60E, 0x4351732E, 0x0467923A, 0x8CF3225D,
0x5725304A, 0x5F04A104, 0x5649CC6F, 0x19A43E44, 0x1F496E6C, 0x7BE1866B, 0x21BE3225, 0xC147437E,
0x95B8E107, 0x65505A37, 0xDCF58065, 0x96696612, 0x68E4FB00, 0x79191D00, 0x9FEDF149, 0x9B8EAB55,
0xA5D5B545, 0x14E44024, 0xFAC6DF5D, 0x9C907647, 0x1F1BB233, 0x8F41A96F, 0x6C315C31, 0x4CE61500,
0x70B6B14F, 0x49511F4A, 0xF69F2777, 0x7210BE1A, 0xB1CC2C3B, 0xED1C612B, 0xD8258827, 0x9947AD60,
0xBD500E3F, 0x629A267E, 0xFB96F758, 0x93327822, 0x7801870E, 0x7A6F4531, 0x32C03978, 0x4376B203,
0x7555DA15, 0x9B6E6E04, 0xE04EFD3F, 0x0E6A1146, 0xE5B50721, 0xB26A3A02, 0xDCB0531D, 0x9CF9364E,
0xC04C2C26, 0xB6BD341F, 0x055BD21D, 0xA9623519, 0xAD17F396, 0xAB0F073F, 0xDE76A93E, 0x629A6D74,
0xB40D2F1E, 0x374EA339, 0x270EDE6B, 0xF1969E15, 0x5E1B1610, 0x813D261F, 0x3BD9650F, 0x7C85BB23,
0x00470F0B, 0x1760B42D, 0x3295D97F, 0x02113727, 0x3A21E81E, 0x2365DF7C, 0x6E923A12, 0x43BA6F7D,
0xA3FA3340, 0x6208E331, 0x36F81B04, 0x11C0CD3D, 0xE8913033, 0x576B1F18, 0x62FF677F, 0x3A6C870F,
0x5DD35841, 0x58467E31, 0xFECDB472, 0xD3B9E152, 0x961EEB4F, 0x344FDF35, 0xBC4D820E, 0xD33DED56,
0xE907BC5D, 0x18BEC71F, 0xB9E32257, 0x4837EA62, 0xD697DB27, 0x1D53BF38, 0xF62CFE32, 0xA5BF7718,
0x50D1CB63, 0x4A4ADC95, 0x24692373, 0xF7F1FD52, 0x60F2A502, 0x734DE0AD, 0x8FDEFC2B, 0x4E20E710,
0xED376530, 0x7245F307, 0x6E912731, 0x2A45121D, 0xF82BAC52, 0x5C0D179D, 0xC4BB544E, 0x33BE771E,
0xE491E537, 0x24577028, 0x4C9DD83E, 0xA4467E42, 0x5CBB597D, 0x52C75E59, 0xD626842B, 0x06E8896F,
0x6BC17272, 0x208E1E7E, 0x3380844F, 0x5E4FC154, 0xDDF1AC3A, 0x78FD5C0E, 0xF8A9A561, 0xD6BB7662,
0xECE66F0E, 0xBFFFA113, 0x97318953, 0xE06AEB27, 0x3FFCE231, 0x688D1D50, 0xCA8DF473, 0xA263A81C,
0x620BA464, 0x04E6A861, 0x3D8D932A, 0xED8C5375, 0xC6D1FF00, 0x328B2B24, 0xF4D1A04D, 0x00A79A4D,
0x1AD8A108, 0x3387E35F, 0xCCF7D520, 0xDE365173, 0xE141F92B, 0xA76D771C, 0x7707D366, 0x6C2A6324,
0x3FA42D64, 0xA4DE4E40, 0xEB8A3C70, 0x8DF49E45, 0x28D87D34, 0x43A66174, 0x38A2231D, 0x56A32644,
0x52CCC672, 0xCA41373D, 0x29C0A37A, 0xA1B1EA16, 0xF1D3FF2F, 0x2143D046, 0x82FC6A00, 0xA6D97200,
0xB2914364, 0xCD5C2C79, 0x0DBAA476, 0x7B29AF1C, 0x5F48A220, 0xA4A8B834, 0xA3317F59, 0xFA60FE78,
0x3B432475, 0x1B4E9567, 0xAF81DA4F, 0x24312C37, 0xDB869D2C, 0x68A23132, 0xEFC26A2F, 0x63D5C749,
0x9970CB52, 0xFEBE8A35, 0x903DB248, 0x7BEC861C, 0xB0200961, 0x1B4AA63D, 0xAC61506D, 0x4A684E7B,
0x346F8027, 0xD969B814, 0xD8A3A43C, 0x8E43D860, 0x9560C612, 0x4B231A4C, 0x47F05350, 0x24647F2C,
0x0DB7A517, 0x3C49F87A, 0xAF65DE18, 0xAB8A9407, 0xFE90C751, 0x166DC540, 0xFE3C165D, 0x4C465E0E,
0x1241FC18, 0xDB70D85C, 0x119E205E, 0x3821F72F, 0x7F3DCA12, 0x30AB4177, 0x4478F826, 0x9E30AB2E,
0x16E9354E, 0x889EFC48, 0x98801418, 0x86CAEEC7, 0xE3B4E540, 0x56D04E61, 0x44EF8601, 0xC956A51D,
0x8E16CE27, 0x0992ED2A, 0xDC4DF476, 0xEDA6D87A, 0x6ED9F037, 0x93804B0F, 0x5FC31269, 0xA6B81609,
0x0DF84807, 0x52A6585B, 0xF998C174, 0x8783FC57, 0x1B32C162, 0x878FA901, 0x31A60D18, 0xD7312874,
0x4B504429, 0x65242C65, 0x172FEB7D, 0x7078435B, 0xCB50052D, 0x2F9E342A, 0x258CCE02, 0xAEAB2877,
0x480F601D, 0x997B9D52, 0x560DFB27, 0x0D1CE11B, 0x4DF86C15, 0x08B0AD05, 0x87BD1741, 0x5E88D258,
0xCE5C9F5A, 0xAEEA440D, 0xE452AD74, 0xE7191F4B, 0x963A3711, 0x1DDEA102, 0x9E450600, 0x7358B410,
0x4CAC0E9E, 0x1C21B81C, 0x69171612, 0x8CD9C277, 0xDE7961E8, 0xAD815228, 0x918B5C6D, 0x24C52827,
0x307B6652, 0x457B9F47, 0xD9E67E27, 0xE71FFD2F, 0x3CAF9CDB, 0xFE45DA20, 0x45013F67, 0x9970472D,
0x8B1D2350, 0x84A98E5E, 0x94228E1B, 0x04317112, 0xCE22C254, 0xE3F25271, 0xC7364375, 0xC3A96145,
0xD1DC7B28, 0x0054E160, 0x232F7F42, 0xC6BA5273, 0x4E3FA54B, 0xDCE24672, 0xE83DFC3E, 0x9DFE5071,
0xDB79BD01, 0x79452518, 0xB67B9D4B, 0x07486647, 0x92EDC454, 0x4237F32A, 0x1A343770, 0xC2612277,
0x2DFB450C, 0x53C4DD47, 0xBC43FF39, 0x25E73A5B, 0xC8EDEC43, 0x5BCDBA2E, 0x9F569F00, 0x3F987D1C,
0x285CA719, 0x672D755C, 0x90299F40, 0x79E5A028, 0x2CC21C70, 0xB6C61301, 0xB1350739, 0xAE358732,
0xF5FE274D, 0x0218000B, 0x6775EE13, 0x9EB66B3A, 0x01051C07, 0xFBFD164A, 0xA4898B6E, 0x8B30C26B,
0x3E72841F, 0x5DD02C7D, 0xA6DFD868, 0x2DF7CF5F, 0x3A113A70, 0xAD389F67, 0x1A91B02B, 0x78337F3D,
0x5A6FAC3F, 0x27C9C729, 0xD345D924, 0x0C86640D, 0x34161018, 0x8D2FC54E, 0x02C4A251, 0x85ED2324,
0xAC49A413, 0x98CFB56D, 0xA663AF5E, 0x0E105837, 0x3988AE4E, 0x3F891E50, 0x8252B825, 0xABA91F08,
0x75F2FC39, 0x05EBBF43, 0xD1710031, 0xE7247F0B, 0x36569375, 0x8FFF835B, 0x0AA78152, 0xE5ACD54E,
0xC961B422, 0x14C77465, 0xA884954A, 0xE82F9709, 0xAD908869, 0x8E8D8576, 0x47843929, 0x1F763C30,
0xC0434A06, 0x228C3B72, 0x3E470A01, 0x62BF007C, 0xC628DA22, 0xC40D590B, 0x368B8C58, 0x453CF711,
0xE469F639, 0xAC5E1F27, 0x98F93C5A, 0x21244C11, 0x14FCD26A, 0x97D8D92E, 0x4091AA18, 0xAB5B2D71,
0x5C239C6E, 0xECAFE13C, 0x1E3E9BBB, 0x5B07B524, 0x502E1A05, 0x2F06D03C, 0xECEE3225, 0xF304732E,
0x22F7C666, 0x544E5B15, 0x463E512F, 0x44EA6E28, 0x4C6FBC16, 0x34CC7449, 0xF945061B, 0x3BAFD833,
0xC61F166A, 0x3BC98F18, 0xEDD95A32, 0xDD1A0247, 0xF176BA15, 0x2FF93F75, 0x302B8634, 0xE4A1ED14,
0x009F6D77, 0x1FE2545E, 0x55CF6D37, 0x96161612, 0x7B050E5B, 0x93662164, 0x104B3B0F, 0x4D327E52,
0x4F14C475, 0xFB364516, 0xDCAD9A5B, 0xEDD6165D, 0xE8A80D27, 0x7177097B, 0x4B81C009, 0x8B5B9264,
0x34F46A6A, 0x939D667B, 0x89A0A133, 0x6C106237, 0x4526130C, 0x6AF7E54C, 0x08DE314F, 0x36F07EEA,
0x7985203E, 0x931C4164, 0x17611D13, 0x985E7E91, 0xDCBD1E50, 0x292E072B, 0x4A114F59, 0x030AFE0D,
0xA5FCD539, 0x1D07F307, 0x9D70C030, 0xC85061CC, 0x673FBB66, 0x561B3E12, 0x82C29600, 0x9D4BA403,
0xB66DE872, 0xDE9D5702, 0x979F6F23, 0x164EDC64, 0x2FB84044, 0x2B734079, 0x9840776E, 0xDD63D744,
0x31CF2319, 0x74D8A010, 0x21021A00, 0xC77B6F00, 0x38B18825, 0xE90E973F, 0xCEF6E06D, 0x28D9D544,
0xE2107747, 0x535DE373, 0x1CC13E02, 0xA512177D, 0x6C8DFC4D, 0xA38ABA2F, 0xD95E6F4F, 0x51A9923D,
0x20BF2512, 0xCCD78E19, 0x9712E903, 0xAE66C402, 0x6010F91F, 0x745F1E71, 0xCE51113E, 0xDD78F55C,
0x793B9039, 0xB17FAE1B, 0x3AD5F055, 0x07153E1B, 0xF242D63F, 0xCD5FA445, 0x50F19416, 0x9BB0DC1D,
0x44CB1031, 0x7E70E61B, 0x57D25E65, 0xC94A6D67, 0xE49ECC5F, 0x4E07282E, 0x1C59F764, 0x1804E679,
0xDD9F0605, 0xD9EA076C, 0xA9243B1C, 0x1975DE59, 0x26AFF746, 0x37C9E151, 0x1308B85D, 0x41F0A36F,
0x51B1BF0F, 0x6B6C9D17, 0xABA7BF37, 0x9618623F, 0xFA049221, 0x69DC8B5D, 0x0BC4BF42, 0xE73AB243,
0xCB7AF166, 0xC3F5D86A, 0xC2E7C84D, 0x7F64DF54, 0xFCCCDB07, 0x0AE8F903, 0x5F6AC736, 0xB0838A23,
0xDAC86038, 0x84E1A06B, 0x89091622, 0xEC42F424, 0xBE3BFB42, 0xD2AC4C49, 0xBD35F64F, 0xC9D4CD20,
0xB0951074, 0xF969196F, 0x02B31366, 0xA236CD16, 0x7DEADB56, 0x04E75E07, 0x95608722, 0x92096240,
0x56980565, 0xDEA1E35B, 0xF473E672, 0x3C65D55E, 0x5687E958, 0x75DF7763, 0xFD11A819, 0xA08D0F02,
0x94ADB206, 0xEA49764F, 0x04F76111, 0xB760B429, 0x8C2E0924, 0xC3990722, 0xF0ACEA08, 0x3898AF72,
0x7C7E8216, 0xF1F32EE7, 0xE0F2BD36, 0x3B91D57D, 0x36FD9871, 0xE8CB9E2B, 0xD24FF74F, 0x46D21651,
0x105E5278, 0xE092AF20, 0x9580223D, 0x136CB96F, 0xEFD34E3E, 0x708B1D51, 0xA2352862, 0x102B6E05,
0xB90EAF76, 0xD0000358, 0xF6E67720, 0x04E05E6B, 0xA3AEAE1F, 0x2C245B0E, 0xC0B79C02, 0xC372153F,
0x22FC866B, 0x5FD18D3B, 0x4F6DF160, 0x86D12D53, 0xC027DF7D, 0x29ABD819, 0x37E2FD4F, 0x79111629,
0x5D8C9615, 0x5DC8F32B, 0xFBD44E13, 0x7B6EF074, 0x12840B6E, 0xFAF34901, 0xD1B26934, 0x9917C14E,
0xFD5D477E, 0xC2AD6772, 0x47A0622C, 0xFA00ED76, 0x3B56154F, 0x5863BE40, 0x19DFA2C0, 0xDA56631D,
0xF74C6520, 0xF0C6C246, 0x6305E9C5, 0xD9AF1F4C, 0x3B4B7F50, 0xD2DDB774, 0x22CB6F39, 0xF4D5E451,
0xF0735B49, 0x4283A871, 0x0B807080, 0x4C7E6761, 0xC381C517, 0x32625C2C, 0x978B3560, 0x277F3916,
0xD378B52C, 0x5169E821, 0x7DA59B13, 0x92E4A841, 0x2021EF33, 0xD23B2E04, 0x94E1B818, 0x61A23148,
0xE547EA3E, 0x64B2D30A, 0x57F4FF0E, 0x5DF68A23, 0x60CC1163, 0x6CBBB321, 0xD1D84657, 0x77686C30,
0x859EEA0E, 0x6E03684F, 0x5CC8971E, 0xBCE21812, 0x7201715E, 0x610AE103, 0x2ACEA55C, 0xDD9AB02C,
0xBCABAF75, 0xA1756B66, 0x422FC758, 0x62363013, 0x9166F02F, 0x18144361, 0x0686F07C, 0x94AEE46B,
0x566D2819, 0x4F02180D, 0x48879A63, 0xA4C37122, 0x4EE87A38, 0x68B67A6A, 0x1C8C2C32, 0x76D3185B,
0xCDA65674, 0x0C633E72, 0xEDA9FA43, 0xD3A3A65F, 0x7CF3684D, 0x549C025A, 0xA7999F5D, 0x99D55A59,
0x04F0F817, 0x07F54D13, 0x7ABDD13B, 0x205ED02B, 0xF34AA71C, 0x0E872E7F, 0xEC20B714, 0xDF17CE09,
0xEA79CF0E, 0x4FC91874, 0x87B63564, 0x585B0402, 0x2D5C2851, 0x29664D41, 0x8AC3E70C, 0x59B62C32,
0x9443BA30, 0xB5874B20, 0x521D777B, 0xD5117722, 0x803D097B, 0x883A0E63, 0x0DE5A71B, 0xD6F84E30,
0xEAB6EA1F, 0x5D88C84C, 0x653B482A, 0x308DA170, 0x04C39E5D, 0x0468E22B, 0x1AF0B912, 0x5B3A522E,
0x14DCE772, 0xBAD7476A, 0x31402F37, 0x1DAE420A, 0xE3D89334, 0x298F4173, 0x36748320, 0x26690333,
0x1297EC50, 0x8CBE2749, 0xC7F1543F, 0x3C82D27C, 0x9E7B6D03, 0xBD8B796A, 0x107C2635, 0x20A66360,
0x8DE5B00D, 0xFB3A0C08, 0x98929722, 0x27A63B7B, 0xEA70996C, 0xE0749B32, 0xD282450C, 0x1C84B634,
0xE6D06793, 0xE60D881A, 0x930F397E, 0xA86B225B, 0x9B216330, 0x4C16025A, 0x1058B83E, 0xA073BB30,
0xA834332E, 0x71803567, 0x1567CE72, 0x172F1D18, 0x3E6A536F, 0x3DB2403A, 0xA958D26F, 0x46D57905,
0xD9B8BB55, 0xC48CB22F, 0x3494A008, 0x2FF18E25, 0xA62DDF16, 0x0F8F4E06, 0x71699C69, 0xA1285B5D,
0xA4034D1B, 0x5245A915, 0xAFCD6469, 0x6E39B739, 0xC8AA4614, 0x68ACA26E, 0xF9095776, 0x86320C6C,
0x3549F149, 0x85AEFE6A, 0xD4671640, 0xB6795732, 0x1F801967, 0x9DB68927, 0xF1A29B03, 0xBD10142C,
0x95F25637, 0x2C12592A, 0xF996BF2D, 0x46356F6B, 0xD18E5A62, 0xAC9EFC85, 0x2C805F3B, 0x53C0BB42,
0x6460FC61, 0x8AB515BB, 0xA1DE8414, 0xAF47F26D, 0x93B8E847, 0x17BFEA19, 0xB186D067, 0xA6DFF47A,
0x64588914, 0x56C223CF, 0x9449DC4D, 0x956C196D, 0x573BEF1E, 0xCB1BB15D, 0xF97BED5B, 0xFC646401,
0x25789779, 0x5D263179, 0x4CA7911C, 0x762B845E, 0x7214B218, 0x740D1161, 0xE9BC5337, 0xBCC80568,
0x36CC1A49, 0xA1DD6F3C, 0xAC0F2C71, 0x8D6E5A73, 0x17377F7C, 0xFEAA951B, 0xFFBF957A, 0x1BE8D652,
0x9B4B571A, 0x27BEE454, 0x71F0C01F, 0x96EF4A7A, 0x24DDD47F, 0x78227348, 0xC08BCD7C, 0x97DB2F6E,
0x6DDCED6A, 0x599BCB2F, 0x67847608, 0x2546EC53, 0x8136F336, 0xF4BA3303, 0x431D3C45, 0x71F40E7A,
0xFA294208, 0x9CF57E6F, 0xC93A6929, 0xC663AD42, 0x0145E126, 0x112E9C3C, 0x2339D057, 0x35C6A170,
0xC0964473, 0xCF00BB59, 0xD9035176, 0xB6427804, 0x55512F0F, 0xFD25FF24, 0x4C38545F, 0x01A1DA59,
0xC642F63F, 0x33BCA310, 0xF8DBF308, 0xDA172F67, 0x15CBEC31, 0x3BC77357, 0xDDE0042A, 0x56A26C5B,
0x2A496850, 0x4EDAC54D, 0x486AB608, 0xC471FA52, 0xF4042527, 0xEB38CC66, 0x3DC99946, 0x0884EC05,
0xE6BC8D77, 0x5064432C, 0xE55BF142, 0xEE4F4B32, 0x239E5765, 0xF885A427, 0x89985423, 0xB51BB96F,
0x0D2BF31F, 0xEC07DD29, 0x20AB274E, 0xE41D0920, 0xA3DCE805, 0x4955C47C, 0xAB8BB400, 0xFA30081A,
0x7440380D, 0xA52D0F35, 0xFEF6273F, 0xBF561545, 0xAAC43428, 0x4029952B, 0x55EC996D, 0x01D17C71,
0x92C3CA68, 0xDC35330E, 0xB4443519, 0xBFCA1410, 0x6EE39C4B, 0xC3A2641D, 0x07187E2F, 0xAB62F806,
0xFE39D90A, 0xE4375927, 0x3A6FC803, 0xD8BD2318, 0x8E98D672, 0x78B3BB51, 0x15AE6545, 0x6DCD98EC,
0xDC212156, 0x6B61BD4A, 0x4453084D, 0xE93BC829, 0xD3C4271E, 0x49750218, 0x06D3C76D, 0xBB118374,
0x003C7F18, 0x7295C077, 0xB5711E61, 0x7D427C66, 0x480CD50E, 0xA41ECB09, 0x3B63E14F, 0xCDACB035,
0x1D84F806, 0x17865F19, 0x628BEE74, 0xA78FD63F, 0xEB6B4B70, 0x0F7BD14B, 0x3B628654, 0x34570C4D,
0xE8512E26, 0x3DC8CC50, 0x9089402C, 0x9B4B4744, 0x00E02626, 0xEE649E25, 0xF9FA6205, 0x1A5A7540,
0x49FDEF40, 0x9E4E9748, 0x5D46B176, 0x5621EA4E, 0x822F2274, 0x28F8F110, 0x5ACB0A57, 0x7007493F,
0x730EE41E, 0x71AC3E6C, 0xE3D80218, 0x3F82304D, 0x45AECCBE, 0x74B7837C, 0xA0F18A0F, 0xAFE03B19,
0x2BD3BDD3, 0x7356F300, 0x459F725E, 0x1F1B0C18, 0x72456F4D, 0x4F09D61D, 0x5F59750B, 0x73DEF677,
0x93789B8E, 0x28966A15, 0xBE671449, 0x3D0E0A30, 0x798A0260, 0xD412F256, 0x2D17C418, 0xEA502A09,
0xE8E1D730, 0x8ACFD016, 0x0818F47E, 0x4F989774, 0x83B4F92C, 0xB14EFD65, 0x96C1873D, 0x29E6C26B,
0x1898AA18, 0xBB00A515, 0xAC02AE38, 0x216CED2D, 0xD4815632, 0x5CAF8F6E, 0xB527696F, 0x65C0A12F,
0xE5EAFB5E, 0x0FB0BA7A, 0x003F5C06, 0x4169B04F, 0xDB35047F, 0xF31BD01F, 0xB3771619, 0x6A689748,
0x0777045E, 0x1A538577, 0x8190753F, 0x3F12BE07, 0x1B4E1171, 0xCA355116, 0x2E82EC65, 0x43880828,
0x4DD6551A, 0x9F96DF02, 0x67CB5522, 0x6FAADC59, 0x2DEB6D5D, 0x83F2016F, 0x5B387A05, 0xE0893324,
0xBAB38859, 0xE4427F14, 0xBA239863, 0x6464423F, 0xE5DAD252, 0x587F115C, 0x5715C354, 0xA50EB761,
0x2DBE700E, 0xC74A0504, 0x225F733A, 0x4C0F231D, 0x4035721A, 0x4F2FF93F, 0x2741CC27, 0xABEBEB33,
0x3E52194A, 0x8E45A51C, 0x61D93B2E, 0xF82BB04E, 0x76CB0F2A, 0xC16E660D, 0x892A1A26, 0x30647A0F,
0xF1BBEA24, 0xD3AAA63E, 0x4E1B741B, 0x7E5B3349, 0x7C0A266B, 0xDF609865, 0x61EE4523, 0x5944F220,
0xA24C0D0D, 0xBFC8BF22, 0x239C940E, 0x59D5E903, 0x78430928, 0xB3EC2D26, 0xE1C0532C, 0x25AD772E,
0x5549607B, 0x56BCAC6B, 0x1189B82F, 0xE8901C64, 0xC2578142, 0x29228B72, 0xD4D1C74E, 0x1A38105E,
0x8F3EAD54, 0x94CA1839, 0x787EC74B, 0x89896411, 0xF82AAC43, 0xB1B73E5B, 0x88F9235D, 0x2C40213B,
0x03C1613C, 0xF4947141, 0x7E3B1F39, 0xC2A57A2C, 0x1AE8D85B, 0x28F56440, 0xF5BCB9D8, 0xA9C6BF19,
0x91237B71, 0x191C8D70, 0x5F1F2D4E, 0x3110F476, 0xF8868E4A, 0x566BA87B, 0xABFA137D, 0xD38E4907,
0xF070F566, 0x0CFF6626, 0x83C04D1F, 0xF7382362, 0xED6FF716, 0xCBEB0823, 0xE8FCD209, 0x10674744,
0x9EF74B0E, 0x707B6E2B, 0x6B16EA4A, 0x31BEC96F, 0x9A28F830, 0xD3447B70, 0x80D67775, 0x98459F0C,
0x23C05D03, 0x9B2F7F56, 0xC3C13A65, 0x5D5AE207, 0xDEED9D5C, 0x98570165, 0x8CD9A72E, 0x73212051,
0xE1DE980C, 0x52C11E58, 0x59863A77, 0x33EDF506, 0x2C616E58, 0xF07C1662, 0x99037535, 0x67EE032C,
0x914E9029, 0xEC163573, 0x85C59102, 0x9653D0A1, 0x587E8449, 0xA396346A, 0x0BBAE13F, 0xF48714F1,
0x108C593B, 0xF2292C79, 0x3D85063E, 0xF177F66F, 0x2E55A010, 0xFE037456, 0x28873260, 0xC464D3EA,
0xB457EB7F, 0xFA13A265, 0x08F8C106, 0x444F5712, 0x9FECF877, 0xC1E20D44, 0x8FC7D67D, 0x4991A761,
0xAB594C28, 0xEB837D65, 0xC2444E29, 0xB052524E, 0xE365DD2F, 0xFD1CBA14, 0xC779E114, 0x2042D067,
0x5FCF220F, 0x2910AC5B, 0x048AF53A, 0x448E043A, 0xFE4FD726, 0x8891B540, 0xACE76D5D, 0xE63A303A,
0x0A94DE68, 0x97A78B12, 0xA9A0F042, 0x75F6D27C, 0x5B4FAB19, 0x1536DD38, 0x221CE37A, 0x7D28C310,
0x9443826A, 0x72C5CA3A, 0xA74E812A, 0x02B9565A, 0xE771F778, 0xDA3ECC4F, 0xAB678C03, 0x3C7ADE6A,
0xDDA2054A, 0x7C9B2942, 0xAA878B47, 0x85BD1F05, 0x4241DE4A, 0x65AD451F, 0xC9F7B32C, 0x0FBBA067,
0x9B171861, 0x54A11477, 0xDDD97457, 0x57C3D50A, 0xFCA8DD2C, 0x51D4BD33, 0x51A9F743, 0x8D2F2514,
0xC2419F3E, 0xA63EBA0A, 0x28968C67, 0xDB55197C, 0x61449B7A, 0xDD44635A, 0xCB2B5423, 0xFC7C116C,
0x496BDF34, 0x22CD287B, 0x3C935232, 0x9D58BF23, 0xE7899936, 0x8677C945, 0x287F9D73, 0xC97EE85B,
0x8F35EE72, 0x99A45700, 0x4473406C, 0xF452E708, 0x53F64A13, 0xDF063E21, 0x7398DA4C, 0x7E70E400,
0xDCBA3456, 0xD53B7E6F, 0x8407176F, 0xEE7BD400, 0x4B826B0C, 0xCB1C4B4F, 0x8CAE8610, 0x4E25AB44,
0x48EA0F65, 0xA3642D74, 0x225CC769, 0xB044B778, 0xA8BEAF0F, 0x5141A41A, 0xDF490A07, 0x8EC2E368,
0x7C859765, 0x26346353, 0xA08F5677, 0xAA78A165, 0xE67B5E5C, 0xDC26B44B, 0x2878063A, 0xDA342225,
0x0020CD5E, 0xA56E8543, 0x550D6A24, 0xFD3E5A49, 0xE3D71445, 0xBC5D0DC7, 0xC6350913, 0xEB5A660A,
0xFE557B71, 0xEF2BEF7C, 0xA8C2A60F, 0xE9BA643A, 0xE31E7D62, 0x49E5EC28, 0x323EF008, 0xE40B043D,
0xFA2D3233, 0xAFE28722, 0x5BB3B36C, 0x38234569, 0x50911635, 0xB13FFB1F, 0xFBEDFE70, 0x9B6AEF6B,
0xFB85EB69, 0xF976924B, 0x6949C216, 0x7A0E1C3B, 0xEDEB4872, 0x4CE7982C, 0x1838894A, 0x6C66A400,
0x9C05D039, 0x84FD7E07, 0x4067DE5B, 0xF9CE265D, 0x6D99297A, 0x057F9158, 0x92A12E0F, 0xA21D7674,
0xA9DA9643, 0xB5C3C772, 0x4FA5F253, 0xF1A90440, 0xF30DD147, 0x5C12140E, 0x1669A24D, 0x7869DA1F,
0x04DC3974, 0xF2FACB73, 0x13D44EA0, 0xD028577B, 0xFE025107, 0xBE72C044, 0xF3C5E5BB, 0x352FD001,
0xA2F6922D, 0x8AA2863E, 0x6E4A1603, 0xF45A196A, 0x6A54EA62, 0xE2533C25, 0x23EA3285, 0x0A5A5F7A,
0xA135A75D, 0xEAA5AC2E, 0xAC636517, 0x6CC3205B, 0x8DABD87D, 0x0D4ACE5F, 0x5A4A4045, 0x4F51FB15,
0x3595FA74, 0xB7DD8D0A, 0xE28F176C, 0x92041D30, 0x01599363, 0x76CCE55C, 0x5B1FE427, 0xCAA69769,
0x33D96771, 0xE40A2F08, 0xABFF6717, 0x33CF1D78, 0xAD25F822, 0xA882D961, 0xF402FC04, 0x4F374404,
0x1644BE73, 0x4EA50125, 0x9A10CE17, 0x34E1D803, 0x00019759, 0x05DC6803, 0x3808CD08, 0xD8D8984C,
0xE29DE44B, 0x218B0B64, 0xDC1D0350, 0x2F79733E, 0x3B59BE35, 0x117A5C2A, 0xFB34DE64, 0x76F5C102,
0x00B9F812, 0xF4E50169, 0x75AD723C, 0x5C4FBB64, 0x8C4A800F, 0x9407C26F, 0x2E399A2A, 0xE3FB7831,
0x6BEA4D69, 0x5FAF871F, 0xA7E22402, 0xBC3D7A3A, 0x8101975C, 0x6698333A, 0xC2A4931F, 0x96C8D660,
0x6483384B, 0xAF43607C, 0x70CE5C02, 0x54D71A12, 0x640BF64A, 0x5AA2BD00, 0xCB147C50, 0x876F840F,
0x1559751B, 0x32462E1C, 0x54BDC608, 0x676D9719, 0x2C473412, 0x99C16808, 0x8F6DA635, 0x2E89BE74,
0x608D4D4A, 0xB4B66A32, 0xD7C2472E, 0x1D857168, 0x9672E44B, 0xDF180576, 0xE8CE9424, 0x6E087571,
0x48251B73, 0x509C2318, 0x5441BB4E, 0x52429827, 0x34AC7263, 0x71340C31, 0xC8BEAB57, 0x48B1E175,
0x49F57C33, 0x0025787B, 0xCC16290C, 0x9DCE0468, 0x57574D6E, 0xAD2D005B, 0xC4ADC523, 0x676EAB30,
0x5A01BB54, 0xA67F6719, 0x8AB0D44E, 0xC5633139, 0x41198422, 0xBA789C54, 0x5918E965, 0xFD2E2611,
0x4BD96220, 0xF07C1E63, 0x1A2C244E, 0x4A6A4309, 0x62348D91, 0xA0B6A36E, 0xCF31CB78, 0xAC2D782C,
0xF4349F0E, 0x7FEFFE0A, 0x8B36CF74, 0xD7BEF435, 0x10FE7238, 0x32236524, 0x213A8D57, 0x0DB52B42,
0xD466F231, 0xDF5F2C36, 0x9CDCFD7D, 0x40478877, 0x20D50470, 0x8BE0E30D, 0x76357B1E, 0xEBBF5539,
0x5F78E271, 0x5D43913F, 0xCF67207D, 0xA9AFAE22, 0xA8397F4E, 0x16F0FE39, 0x39CFD810, 0x47B8FC42,
0x741E4E68, 0xFDE4D663, 0xF4D13019, 0x9172E729, 0xBEC9B210, 0x150CAD51, 0x1AC5295C, 0xB2EB5806,
0x44B18B35, 0xFD83C00C, 0xAF3A382C, 0x535FA06E, 0x43ABC20C, 0xCC293E00, 0x0DFC9755, 0xF1556E16,
0xEB5BC128, 0x692D0FA9, 0x5FDE3C6D, 0x28E5ED04, 0xD8318348, 0x8CF36EC6, 0xFCF95D57, 0xA794A80A,
0xBF097E23, 0xCEA2AD21, 0x0287D627, 0xD0D34F20, 0x7D439F14, 0x26DA21B4, 0x60AA0311, 0xEAC9A33C,
0x1DE89E6B, 0x270D9375, 0xB756B513, 0xA1E3F179, 0x98D9473F, 0xD5E0CB3B, 0x9137F77C, 0xEE035E78,
0x9775D950, 0x9E515009, 0x6108112B, 0x64482D61, 0x01102C17, 0xAD711C11, 0x7EE5D92A, 0x54884F5E,
0xC12BE00E, 0x00446359, 0x33EE5C33, 0x6C32393D, 0x78D4F021, 0x12229642, 0xD95FC84B, 0xF6F8EE42,
0xCA378031, 0x022E3532, 0xFDA59F35, 0x4AF90A3D, 0x6CABE433, 0x02F4127C, 0xB29D671B, 0x55C76E5E,
0x0036604B, 0xCE210532, 0xD01E543D, 0x7EF50907, 0x451E1645, 0x0C1BD272, 0xACC0106D, 0x591BC11D,
0x98E5570C, 0xC449D317, 0xC7796C58, 0xEB0FEA27, 0x2EFF7675, 0x1D115009, 0x2D094E11, 0xE1A0F128,
0x701CAB48, 0xCE25262E, 0x31ED146C, 0x814D8E3C, 0xDF27612F, 0x9418922C, 0xC9B60D69, 0x04D8ED0A,
0xBB000714, 0xADC58977, 0x02917303, 0x71148C56, 0x17847867, 0xDDBFC43D, 0x43EB057E, 0x992BAD04,
0xC3739D2C, 0x34555334, 0x7E771A39, 0x48E2D230, 0x9D6BF918, 0xD2DF3910, 0x70AA9C68, 0xC5414965,
0x435F895C, 0xAAE05975, 0x3B8AB260, 0x8CD7B315, 0x600C2821, 0x7CD9555E, 0x658BA039, 0xA94FF845,
0xFD67415D, 0x5209A476, 0xD48BB355, 0xD74C4175, 0xE4016C57, 0x2F135C2A, 0xA5DAFF6A, 0xD9A9B577,
0xBD967131, 0xB4A5C931, 0x8B537F5E, 0x1248C51C, 0xFD8D1412, 0xB168270C, 0xC5F8BF7B, 0xA3702E19,
0x2CDA5C6A, 0xC0EC205B, 0x6E245345, 0xA0B8ED50, 0xD7F71901, 0xB07E1453, 0xBE6F321C, 0xD83C6262,
0x24A8950C, 0x508EB314, 0xDC4DFC2C, 0x3A18FBF8, 0xE3D23F5D, 0xDE79C31D, 0x55D74E3C, 0x8C71C901,
0xA7DF9812, 0x2F276607, 0xCC00DC7B, 0x7F767D46, 0x9E40E42B, 0x6EBE6C21, 0x7804B676, 0xA3D15D17,
0x8A6F117A, 0x76982C02, 0xD2B95D0D, 0x05B5F145, 0xF0B50C61, 0x00DE9F3A, 0x598CB04B, 0x378BC570,
0xACEAB02A, 0x2822E051, 0xF54CBB38, 0xA2BC3C61, 0x3F812215, 0x56A1C77B, 0xA0A48F2B, 0x80290829,
0xF24EE56F, 0x394E8D3A, 0xAC2C796F, 0x3A331F5B, 0xFF844864, 0x887AC538, 0x4F7A941D, 0x50836E5B,
0x0D8FB146, 0x8B852814, 0x64C9AF5F, 0x9CFB5302, 0x63E6C556, 0x4DB31051, 0xDB50026F, 0xFFB44618,
0xA0599F9A, 0x4F202D1C, 0x867E5200, 0x629F023A, 0xF87E4DDC, 0x83C7815E, 0x58294679, 0xC92B552C,
0xFE783518, 0x3C2CE534, 0x7C61F561, 0x0EFBE051, 0x5F22888A, 0xFB353F0E, 0x483E762E, 0xD779D041,
0xFF82AF5B, 0x308DDF41, 0xCC9A6E01, 0x43807766, 0xFE9C2048, 0x72B52B1C, 0xC432160E, 0x8BE15F35,
0x0F14282B, 0x42EAE759, 0xE584186A, 0xF35C0A7F, 0x78C85B4B, 0xCD68AC13, 0x5661CA60, 0x14492529,
0xCD45A064, 0xBA6B2E2C, 0x8BE3AA51, 0x6EA7641D, 0xD08F2750, 0x23C30A29, 0x9BB9F200, 0xD783735F,
0xB83A3229, 0x2AA0AE70, 0xA104462F, 0x1EE8E15D, 0x7A948653, 0x0750D920, 0xA07E5321, 0x1D62AB71,
0xE6457417, 0x80095B0D, 0x68810940, 0x9B037A1A, 0x303F352E, 0x49B05708, 0x4E797221, 0x8C63BF49,
0xA64D5B77, 0xC7D29434, 0xD71BE76C, 0x1DB7545B, 0xC862EE08, 0x1878746A, 0x30DDF759, 0x1FCA150E,
0x38664873, 0x154A8D3C, 0xF1B6B752, 0xCA114923, 0x9E940B70, 0x10DC970B, 0x1D09F371, 0xDB16AA2C,
0xE432931F, 0xFFE58C59, 0x7CD38553, 0x67827770, 0xEF366144, 0xB4F5B51F, 0xD9798F54, 0x7811AB6E,
0x96D8D64F, 0x251A8D7D, 0xE42FCC53, 0x7A7F7E7F, 0x4C3EE82F, 0x741B213E, 0xA38EE94D, 0x749BAA50,
0x853EC767, 0x7DB0E105, 0xF3C50178, 0x7EA52E37, 0xCB16ED54, 0x03215267, 0x8A1CB75D, 0x135E3E2B,
0x2AAC4935, 0x00A6F44C, 0xBFEFEB4C, 0x647C594B, 0xDE43F86D, 0xEE5F8601, 0xB7CDE06E, 0x3BAAED7D,
0x6201FB28, 0xDBDD7212, 0xD6D38032, 0xADCDC214, 0x1CF4DE29, 0x59C12844, 0x6F629808, 0x89C92963,
0xC5B78708, 0x43132207, 0xDA0A3B44, 0xDEAA3737, 0x1D4D8004, 0x3ABCD71E, 0xE4D2087F, 0x469F0714,
0x60F7EE57, 0x1C78DC7E, 0xC6EB57D4, 0xB1D5AE29, 0xF7E4EF14, 0x5BC4D270, 0x95854616, 0x681EBF3F,
0x7CA4C767, 0xF48AF119, 0xEFCB571C, 0x47EF2467, 0x75F60250, 0x6EEB2E68, 0x43609C3B, 0xF461D274,
0x58E1D076, 0xB7D2E001, 0x38A9EE77, 0xDEEAB900, 0x7346B736, 0x73CE622B, 0x78225139, 0x5F65DE20,
0xE653C550, 0xF80F1B19, 0x7DBCAE73, 0xF9961B62, 0xCDBCA414, 0xA4C6FA13, 0xC0EF366D, 0xC40ED83B,
0xDDA0FF21, 0x0E72386E, 0xF8050F16, 0x3ECCC271, 0xE5EE9959, 0x6FE51374, 0x655E9D2C, 0xC1A9FA2C,
0xB4BC5B6D, 0xFA1CF429, 0xEAEECF32, 0x61F86059, 0x8139D256, 0x332A915B, 0x7047C557, 0x697F9581,
0x36780813, 0x399B8716, 0xDF671857, 0x8F1D2B8C, 0x3936F662, 0xE9A49518, 0xEDA37D03, 0x8888342B,
0xC957351A, 0x8EAB1252, 0xC2472918, 0xE4D1F7CE, 0xF8CE0A75, 0x52760259, 0xEB391D55, 0x9876CF57,
0xCC12C837, 0x5F662D32, 0x3525AA03, 0x0C4B7672, 0xDE279513, 0x92300447, 0x4D9F2E6C, 0x47AE6079,
0x1741060F, 0xBDE5B805, 0xE5CE4549, 0x4047EB32, 0x08FDBB0E, 0xE0BA3254, 0x17E13262, 0x556EE306,
0x1DD2396F, 0x4B16B044, 0x96513321, 0x6C08F06D, 0x9025014D, 0xC7DD7124, 0x27BFDB5C, 0x0C6D1E6B,
0x4BB0FE4E, 0x87D9C434, 0x742A5649, 0x55EBB07C, 0xCA209C69, 0xD8C29525, 0x21A30845, 0x5E1F5F67,
0x0960B453, 0xCE9C0C2B, 0x91EE8822, 0xD8765243, 0xDCB2B563, 0x002D9075, 0xCB959117, 0x3439A20B,
0x4835E837, 0x7759ED7E, 0xE5EC5C5C, 0x05362278, 0x4CD4DC20, 0x93FBA839, 0xE15A1612, 0x2659DC4D,
0xE174B720, 0x6188E937, 0xE9D8180A, 0x151AD952, 0x63789F29, 0x6FE28755, 0xF3085957, 0x7D696C03,
0x6F50356B, 0xAADACF7C, 0x7DB26D2B, 0x37658038, 0xF02C1E47, 0xA5B8CC56, 0xF9CB2343, 0xBC08494C,
0xE2F34A43, 0xB64BDC77, 0x550CAE1E, 0xC9DDE932, 0x97356228, 0x9DA4E405, 0x5FFE3851, 0x02DEA12E,
0xCB224721, 0x01DADD66, 0x3963A83A, 0xDA84F74F, 0x17367013, 0xD9933D5E, 0x9332285C, 0x55D79F69,
0x75071B7F, 0x94FEFA2C, 0x0625E04A, 0xE96A0A0D, 0x8A529D6F, 0xAB80192F, 0x330E5B50, 0x6C59B905,
0xB88D9F28, 0x8C4FB14B, 0x56BA112D, 0x53B9067E, 0x15BC8C7A, 0x9F904E0F, 0x43A27B25, 0x411E9867,
0x322F5443, 0x0AA53F0D, 0xE21EA132, 0xC248EC49, 0x75C1832D, 0xFCC33A39, 0x6971EB33, 0xD1D76A35,
0x6F9D2567, 0xBAAD29C9, 0x5B49474E, 0x078E716F, 0x9D648716, 0x1128645D, 0x16647C7C, 0x9F02025D,
0xD5F4BE20, 0xCAE16D5D, 0x6870CD1D, 0x622FA92C, 0x5C56F05F, 0x2BFFEB0B, 0xD1A30A41, 0xF93DB368,
0x65F1AB47, 0x922CC332, 0x6D9EDF16, 0x2F328A3F, 0x8F9F6C5A, 0xBD6EA113, 0xA8580318, 0x3E7B2619,
0x12BF3149, 0x061DF94C, 0x47464E0E, 0x32965C0D, 0xAC2B8A65, 0x8DB3C417, 0x955DB40B, 0x3E5D692D,
0xF56C8224, 0xFA920679, 0x0AF22304, 0xF400554B, 0x67090717, 0x231AE425, 0x0539003B, 0x0DE7DF27,
0x35CF3433, 0x96F54E35, 0xAA2D9A6E, 0x0DF4560B, 0x3043A90A, 0x18F4087B, 0xF1D779AA, 0x54088E1E,
0x7D0C9661, 0x2BA98228, 0x1C2D4587, 0x750A1065, 0xBDDE095C, 0xCF64407B, 0x901D907F, 0x69C7B266,
0xFB3D1F2B, 0x0AA6D953, 0x0BADF8F2, 0xDCD60768, 0x6CE44E78, 0xFDBEED11, 0x70EDC861, 0x21EE9539,
0x2F2C9410, 0xBFA51E72, 0xD14B8365, 0x05B5D568, 0x6BF21C7F, 0xCD74BB32, 0x36C22811, 0x5311EE22,
0x1B35033B, 0x88206264, 0x2B0E3B7A, 0x69A7A257, 0x0C235145, 0x43E88678, 0xB0582D2F, 0xD8D26851,
0x90D63F0A, 0x8D103558, 0x3BCFDC0B, 0xBF282D65, 0x2D0FB87B, 0x1A47E615, 0x83962576, 0x6A06F96A,
0x90642D57, 0x1BA62527, 0xF00DDE2A, 0x99620C39, 0x33550A2B, 0xB936A473, 0x0AC9240C, 0x4EDE6A25,
0x4B95DB0F, 0xEC209823, 0xC69F9F6B, 0x4212647E, 0xE83AD65B, 0xED6CF727, 0xD2C53248, 0x2A155734,
0xBFD22B6B, 0x028EE75A, 0xE72E1C61, 0x1D19373A, 0x8242E57B, 0xD7104E2A, 0x982AEF06, 0xD9FA4734,
0x9EF4252B, 0xE57DCA21, 0x916ECC73, 0xE04F8C19, 0x5226AA23, 0x3740C938, 0x2FCAFD01, 0xB3798422,
0xB04B600F, 0xC5488B6F, 0x26E5F86A, 0x675B2A0F, 0xDDE13E09, 0x4FE5B94D, 0xBBEFB37C, 0x5B971E72,
0x105B5342, 0x7080BE68, 0x1CDDC962, 0xFD5A2024, 0xCCFAE437, 0x93FA1526, 0xCACC510D, 0x9306F52D,
0x8F575F30, 0xFA1E282B, 0x6E74172E, 0xE52C5632, 0x66DAF743, 0x535C1448, 0x58E53B62, 0x7CE23452,
0x4001C155, 0xECA4E271, 0x71999179, 0xD969E84A, 0x29B51316, 0x87EB3D78, 0x7B6FF65D, 0x632F8519,
0x7A5D0667, 0x33642233, 0xC823C417, 0x9F187423, 0x06BD2C26, 0x94883537, 0x7BAD3020, 0xF5D11157,
0xDE87C06F, 0x107D4E64, 0xC36FB40C, 0x7C02E60A, 0xAA0CFC1B, 0x709BCE29, 0xB69E7071, 0x13ED6927,
0x13E4329A, 0x9DE10743, 0xBDF5F320, 0x4161941C, 0x38D5206F, 0xCB3C8969, 0xA8291122, 0xF3ABDF2E,
0xAFA30D46, 0xB2D26D76, 0x2EA6B32B, 0x0AF10C19, 0x01D0B77A, 0xD16FBC5A, 0xB00BB11D, 0x1FC87B1E,
0x9C399401, 0xF8856461, 0x206F1763, 0xD26B943D, 0xC1564A28, 0x1F534A77, 0xA3475439, 0x06D6BB32,
0x65C66C0B, 0xF8734A3F, 0x6D6A1A5D, 0x3F57280B, 0xD94D9E11, 0x0DF4100B, 0x5BCC1302, 0x149AE76B,
0x7974907A, 0xABC8250D, 0xFBD3C530, 0xF36C083D, 0xBEB44339, 0xE234B162, 0x81178333, 0x91BC3C10,
0x50B23179, 0x408ECF3E, 0xE7B0E765, 0xD1E94A52, 0xB2B99421, 0xA62027FC, 0xF0A9C229, 0x2A969307,
0x8624316C, 0x1518148E, 0x23726F7B, 0x975F2233, 0xB6438E46, 0x2158C906, 0xF11CA469, 0x333D0818,
0x237EAC77, 0x49D78CD9, 0xC363474F, 0x2F08EF7A, 0x10E27C7D, 0x64881B18, 0x617CE303, 0x2399E40E,
0x1AEA4D5B, 0x571C6C78, 0x55E4C77F, 0xA909367E, 0x186BD251, 0xF8AB4C3D, 0x949A751D, 0x573D8B04,
0xC621974D, 0x8E130025, 0x9E20B47F, 0xB2013206, 0xE94B703E, 0x06783A5C, 0x52386D1C, 0xCCA7AF46,
0xAF33281A, 0x91FDAD08, 0x14C58B5E, 0x4B6C7979, 0xD6549073, 0x60726307, 0x8FFDDF65, 0x3AC66858,
0x8DD3E964, 0x51681E0A, 0xCD7BD873, 0xCDC4514D, 0xEF04F84C, 0x472E9674, 0x39B7314D, 0x46880B68,
0x24E2932B, 0x5B7A766B, 0xB923CD76, 0x464ACA00, 0xE37CD057, 0xD5637077, 0x8DF2B32B, 0x35863758,
0x3546DC03, 0x1E49041F, 0x31DA4955, 0xCBF57D13, 0x8FA15729, 0xB9374D2E, 0xD337E75C, 0x215DD00B,
0x7F391B64, 0x3E630051, 0xABD86B0F, 0x6076D834, 0xAD705D38, 0x684EEA67, 0xF6A71A5B, 0x39E82156,
0x4ADA8656, 0x300D2226, 0x5AD01E24, 0xCA9BE721, 0x27507619, 0x2F03B345, 0xE108077D, 0x14658926,
0x683AEE54, 0xC77F497B, 0x0A7D9218, 0x78A53B29, 0x94C73B3E, 0xBDB92D1D, 0xAAADC441, 0x7A1A3B12,
0xB4198440, 0xB0A1193C, 0x17EF1523, 0x7DFA7B38, 0x78912A45, 0xD428576C, 0x0AF87327, 0x35251104,
0x04166667, 0xAACF9444, 0xF1A0DC63, 0x4AE1FF2F, 0x0292CE50, 0xE5D0A35C, 0xCD42AE32, 0x2DE8FC20,
0xFE5FD46E, 0x854ED62D, 0x87609E14, 0x14F51516, 0x0FD4676A, 0x47FD4A0F, 0x3D454E09, 0x09B14525,
0xBAB01A4E, 0x7DBBA90B, 0xE5B7F51C, 0x4B543669, 0xA5FB0E14, 0xE0DC9C2B, 0x80F4653D, 0x26840FDD,
0x65C6BD67, 0x3DB99016, 0x7717DD46, 0x4EBBA955, 0x9404812E, 0x1BDE2026, 0x3BC2F55B, 0xA62BF902,
0x16055C47, 0x346E7535, 0xC1F0A023, 0x78B7C125, 0xEA5F3B57, 0xD0514845, 0x21C7A95D, 0xDC585036,
0x06505F62, 0x5EC8241E, 0x18C25848, 0x3C753A1C, 0x6840FF71, 0x27E7A714, 0x3A668F5F, 0x066CA463,
0x5FD0CA59, 0xAFB4C12C, 0xEC11E73F, 0x7BEC5748, 0x96F47573, 0x36719760, 0x7E76BB54, 0x6586060D,
0x8B9F0659, 0x123BCA1F, 0x2FB89D3B, 0xEBC3782F, 0xE4EFF312, 0x460B610F, 0x2B9EC976, 0x617E6947,
0x881C793E, 0xE4E3BB23, 0x695B3E79, 0x6DDAE43E, 0xFEDA549E, 0x332A5128, 0xDC27E61D, 0xF416D609,
0x3B6072BC, 0x1977164C, 0x4B45A82E, 0x1E9EDD70, 0xF8D65340, 0xBD502970, 0x8793057D, 0x99142C07,
0x10971ACC, 0x5BBD3A71, 0x03D40278, 0xF37B4E65, 0x65A97569, 0x1A4E747D, 0x37558E3A, 0x40D2C62C,
0x73C30A46, 0xC8070907, 0x08D45F08, 0x0A8D0F4A, 0xE0FBD778, 0x3E8BAF54, 0xBAD4831D, 0x3D336F15,
0xE10A9A2C, 0xE89B5652, 0x0EA45D68, 0xE7259179, 0x8B4E8240, 0x54CCD520, 0x7D8D9B61, 0xC82DCF65,
0x7575E602, 0xF6E9C115, 0x91851417, 0xE6A24C18, 0xA0AA5D6A, 0x0B7F9816, 0x05B37125, 0x9C3D7823,
0xB372B925, 0xBF913E14, 0xFF0DAA75, 0x748D360E, 0xFA0B267B, 0x7334DB25, 0x50095359, 0x3869CC7B,
0xD6C15C57, 0x124E223A, 0x4DF8CD1D, 0xA480273B, 0xE9777756, 0xC660C47F, 0x0ED49070, 0x3EA7D329,
0x311E8F7F, 0xC7812370, 0x25ED5E05, 0xCC34B564, 0xA0B4B739, 0x239F6151, 0xE87D3077, 0x3BD2E272,
0xB15FB464, 0x8A00FC60, 0xE6CB3D52, 0x0B5F4D0E, 0x9C017A07, 0xA492633B, 0x052F8B74, 0xC4A73A63,
0xC11B7C29, 0x8D21FA22, 0x9893C21C, 0xBA72753A, 0x1CAA1855, 0xC0B8765D, 0x7FD98124, 0xDE8D174A,
0x3DC56D0A, 0x76D88424, 0xC0BFA77F, 0xEFC2FD1A, 0x5258366B, 0xCD1BCA00, 0x660CB606, 0x6F5F3140,
0xD03C7009, 0x4F6E1907, 0xD242FD45, 0x1299721F, 0x493E3A2B, 0x2308C05B, 0x6F6EDE37, 0xCB702D0D,
0xBBDE3672, 0xFB9DE247, 0x4AC1B704, 0x20A90D49, 0xF16E4351, 0x2E92E04C, 0xE0A9A201, 0x55DCFA44,
0x64E30278, 0x8277DF1A, 0xEEEC4E6A, 0x9DF71F28, 0xA4903318, 0x61E32711, 0x8CB37A5A, 0x6BDC5F3B,
0x2D72E145, 0x3CD0346B, 0x23D7D22B, 0xD8A6184E, 0xCB029056, 0x24DDA769, 0x2D552DAA, 0x3925DE70,
0x08904E45, 0x9F72235A, 0x43B04265, 0x3AB5AC61, 0x9F3A0237, 0xDC41BA17, 0x37FCCF61, 0x86912260,
0xB1978C29, 0x5A34C843, 0x04BFDD53, 0x83647C7E, 0xAEDA2D74, 0xB687373E, 0xD1C6CE02, 0xDF960F69,
0x6E1A0342, 0x8DE3644C, 0x44E88B14, 0x9D7C206D, 0xB1E11060, 0x26ABAA42, 0x7B49E856, 0x5E600502,
0x67D0374E, 0xA842C954, 0x3AA3953E, 0xCB501359, 0xCE4CD935, 0x9B03933B, 0x90355F71, 0x6B3F3829,
0xFDB60B5D, 0x585D7101, 0x428FB247, 0x1D5A784E, 0x4E923E53, 0x1E27954E, 0xFDF50565, 0x3169BB47,
0x9F19C012, 0x873AF74B, 0xFEFE970D, 0xD37B7FA6, 0x8E113063, 0x8CD2145F, 0xEEF6643D, 0xC041AAC0,
0x4B7C4513, 0x61E6E516, 0x0B10DD3F, 0x0C93F124, 0x4B9F1423, 0x18F6F710, 0xB8E9F42A, 0x4DCF34A5,
0xC6E6AA17, 0xC939176E, 0xC57A4836, 0x9B36054F, 0x6BEF5058, 0x65805126, 0xF9DC8A24, 0xE966F810,
0xB9FE8734, 0xA686E74B, 0x9114BC51, 0x19881C01, 0x6119C32E, 0x2EDBB801, 0xE5A42E68, 0x216BCD4A,
0x6A8D1F24, 0x14408D3F, 0xEF7AE373, 0xD179167D, 0x71912160, 0x04E33149, 0x163B7D3A, 0x6876ED2A,
0x184C1229, 0xCCFE0817, 0x03A6D065, 0x7D3D334B, 0x98B19C47, 0x31D3F817, 0x3924D105, 0x3C274922,
0x2C12B17B, 0xD281323F, 0x2831370A, 0xC8157307, 0x196BF347, 0x234F3A63, 0x291E3170, 0xDD5D8860,
0x61F6BF55, 0xE3F95A44, 0x788BA25E, 0xBA8C7C65, 0x8F118864, 0xB453C96E, 0x4C64263C, 0x1A81D968,
0xFF0B4B41, 0xE731EB3A, 0x8F73733F, 0xCF236576, 0x1DE59C6D, 0x58A69273, 0x3604C133, 0xAAE52E46,
0x6DE5673C, 0xD6505A7F, 0x67F22426, 0x0BECFC00, 0x9BB11754, 0x6238E203, 0x18F03275, 0x037B3A68,
0x2DDF711F, 0x147C1C77, 0xEA951304, 0xFA5C7824, 0x66738A01, 0x26753E73, 0x2C35787C, 0x62239B52,
0x4833AB07, 0x97AD285F, 0x27F79564, 0xB44EC55A, 0x1CD6CD06, 0x00CE391A, 0x86A1243F, 0x74ED9574,
0x5D8B0317, 0x8B25077D, 0x8F416928, 0xD10DE010, 0xA6905A0B, 0xDE764675, 0x3974EE10, 0x023C2B4B,
0x693AE54C, 0x4E67EC04, 0x525DF832, 0x9A24057D, 0x2B98D81C, 0x9535E000, 0x46DEBE3F, 0x4DEDAF44,
0xB8826903, 0xB402150F, 0x4F23A322, 0x29708926, 0x6292145B, 0x6F968604, 0x7777D54A, 0x83170906,
0x611A853A, 0x006F6774, 0xA4D1604F, 0x5E55EC1D, 0xACD29C05, 0xC04D7B95, 0xA9FA596C, 0xA7314F1D,
0x2C67DE7B, 0x55FAC579, 0xB7518857, 0x4A02CA00, 0x3656B002, 0x5215026B, 0xC6986255, 0x91F03821,
0x7A68A330, 0x4C8D421E, 0x087F3E3E, 0x9CE4EB54, 0xDDAAC54B, 0x11C6F853, 0x66FDA759, 0x3AAF8042,
0xD6F1100A, 0xE78ECB35, 0x7A76727A, 0xA97FCD36, 0x641EDE2F, 0x6E782871, 0x85F4D74E, 0x717FB44D,
0xA11DBD7B, 0x80D0AD7C, 0x3796B76B, 0x5BD9E246, 0x40163830, 0xFA05AC7C, 0x7DC2B464, 0x05BAD93F,
0x81269D45, 0x48BD0A3B, 0x4A36E00F, 0x864FC665, 0xBC282806, 0xFDFC3C63, 0xA244850C, 0xD5C30C0C,
0xDBC60404, 0xD4518006, 0x94B9EAE7, 0x62E33B41, 0xA181E30F, 0x51C9C002, 0xC2D708A3, 0x7FB6A117,
0xDC5E6909, 0x16554321, 0x5A7AF929, 0x8565D226, 0x7E5A3048, 0x8866B474, 0x8F126086, 0x2C53B73F,
0x0ABBA851, 0xB5C9577C, 0x10A05654, 0x63A2267A, 0xD0CA3A17, 0xAE97AD32, 0x7CA5B720, 0x44527118,
0xE0778172, 0x77D7CF7B, 0x757ED236, 0x0F31BB6A, 0xCFDAAB4A, 0x00F05272, 0x2A845F65, 0x7843F447,
0x9009B155, 0xE53D847B, 0x3FBED06D, 0xF79A0E4C, 0x9640A64C, 0xFAF6712D, 0xC9E97576, 0x12547568,
0xF0D8F676, 0x7A073A65, 0xCAD6BA63, 0x2217DF4E, 0x9476CC27, 0x123B8954, 0x22A0B243, 0x28CF2204,
0x24748D1A, 0x3C2DAD0A, 0xF0170A31, 0x61A80574, 0x03609428, 0x21847108, 0x4725BA4F, 0x6277B75E,
0xEB663835, 0xB66BA344, 0xAEB5A563, 0x54E53906, 0x3D94DF4D, 0xB58B196F, 0x10936B61, 0xDB84D166,
0x09FCB86F, 0xB9021571, 0x424DE03E, 0xF4F29672, 0x6502346F, 0xF3598768, 0x55F6833E, 0x3B130275,
0xDD6CD203, 0xBD99B578, 0x2DC7193C, 0x7099FA19, 0x7DF4DE57, 0x26AF0461, 0xEF6ECB12, 0x444DFE35,
0xD6B80348, 0x1A5BBF1B, 0x179CFD6C, 0xC2318A6D, 0x27953502, 0xF3EFD13D, 0xD7D3EF52, 0xBCF90203,
0xCB2B0624, 0xD6253B04, 0x52881A62, 0x9F977172, 0xA404ED38, 0x1223EF25, 0xFB58752E, 0xDAA47563,
0x1B792D06, 0xC4D3D546, 0x0C9D2067, 0xBF196D7C, 0xFCBD3434, 0x44AD0F7C, 0xF5ECDB2F, 0x19A12774,
0x4D946154, 0xDC3DB90D, 0x0AF80677, 0x8FFD7522, 0x98AB3617, 0xDAACB167, 0x8BF11E00, 0x18A08648,
0xA9853922, 0xE2ED767F, 0x76B41141, 0x027FDB13, 0xC5006D21, 0x141F837B, 0x14EA5416, 0x198D755E,
0xFA671C41, 0x60930B7D, 0xF1CF1A0A, 0x43BC8669, 0x9A85DABF, 0x96789F64, 0x66DBA850, 0xECC76635,
0xD4DBED56, 0x12544D3C, 0x43CF193E, 0x4B9B8759, 0x9FE2CA2D, 0xAF51E618, 0x4139FD3A, 0x9928F029,
0x98A4D174, 0xE23B3920, 0x3F04BC14, 0x6E647650, 0x3CD7AA1E, 0x41B5E533, 0x5353F432, 0xDDB91479,
0x3E48827B, 0x8D737021, 0x4962E74A, 0x7727ED43, 0x4A745231, 0xEB6C2F4A, 0xA7FAB42A, 0xAC699F77,
0x55CBFE6B, 0x4E0E2A41, 0x7BAAA216, 0x5D628522, 0xEE9B5C5C, 0x6A7FF639, 0x21AE373B, 0x8E60ED60,
0x0991032F, 0x5A00C851, 0x0FEC492A, 0x26534E3B, 0x56C81149, 0x093A5149, 0xD357395B, 0xC605A968,
0x42099903, 0xC8BDF0DD, 0xDAC3DC5C, 0x6243C22C, 0xF6030F30, 0x897F7AAB, 0x83790C68, 0xE011C85A,
0xDD098450, 0x5216C903, 0x2F494324, 0x331D2F73, 0xCE37472F, 0x5A6D3BF0, 0xCF626106, 0x32A3D144,
0xC8CE352E, 0x33260943, 0xBF020575, 0x2668EB55, 0xA6E7807C, 0x84508836, 0xD8E55253, 0xF7AF387E,
0xBA95BC3C, 0x7CA39D58, 0x7D272C1D, 0x633CBB10, 0xA2605C2C, 0x041C3C47, 0x34EC0323, 0x57C17B6D,
0x87C58758, 0xD2F48725, 0x4B2C6A23, 0x45862049, 0xEC1B9F14, 0x4E9D2237, 0x1399DF15, 0x28625A2A,
0xCC5CAB6F, 0x0C3C5D3C, 0x1860D442, 0x47465928, 0x62BA7E61, 0x5936FD41, 0xDDCAB922, 0xAB72B951,
0x35F78D3E, 0xFC350956, 0xC188A26E, 0x4B80935F, 0x2F1D7D6A, 0x24E0DC0A, 0x9E696676, 0xE547E32B,
0xFDE0411E, 0x1191FD5E, 0xAC2B461F, 0x0EA9912F, 0x1CFB5B3B, 0x6342C162, 0x0C6A9301, 0x4BF19C24,
0xAA71C17E, 0x2C012C34, 0xEC86304C, 0x4C47737E, 0xDAB07522, 0x06FE1447, 0x353DE95D, 0xB266C95A,
0xDE1DB854, 0x11F90338, 0x4AF83E48, 0xA8C5312A, 0x41A1A744, 0xFE9FE915, 0xEA9C3804, 0x3BF05453,
0x409BCF66, 0x1E246F0F, 0x13A4D347, 0x0C1C4101, 0x5EB6F95D, 0x127B507A, 0x07A39918, 0xA3D9872D,
0xDD2AD54C, 0x69E91546, 0x8460CB47, 0xE9673C49, 0x7252BB10, 0x3488A619, 0x0EFB2C3F, 0xC1613A23,
0x4F26D84F, 0x7FDAEA41, 0x057CE205, 0xB222674A, 0x7C29287C, 0xCC3A8243, 0x96229F6F, 0x7E046D28,
0x9061FF33, 0x0F078059, 0xBDCE8774, 0x99C94050, 0x6BCEA148, 0x5A74673C, 0x1DED233C, 0xD4BFFB7B,
0x152DF040, 0x3794C712, 0x7A4C5815, 0x7AAD1D2B, 0x13E52930, 0x6E785152, 0x49A42014, 0x328A7829,
0x956F2F2A, 0xC18F360F, 0x46175A0A, 0x99A57984, 0xFF882A1E, 0x777EAA78, 0x6592B206, 0x782B7F32,
0xA8093812, 0x9CE67A36, 0xFB7E1D42, 0x6DF53311, 0x8BB9054B, 0x6FD2774D, 0xA1DECB44, 0x1B77125B,
0xD92C8E64, 0x20570E3F, 0xF683857A, 0xE9728936, 0x99E2BB66, 0x6B21B84C, 0xDF5C5616, 0xD5098941,
0xE26BDF10, 0xD3863B00, 0x9834C22E, 0x9FACCC33, 0x27834C75, 0xDB18B73C, 0x3F4F652E, 0x5292D73F,
0x8DBFFF7E, 0x54E24135, 0xE913FC29, 0xE6BAE544, 0x9455611E, 0x6FC52309, 0x1BB1003E, 0x602D8363,
0x2B967723, 0x2828CD2F, 0xB626617B, 0x39E0472D, 0x6D14A30A, 0x9D24D861, 0xCE22CA0D, 0x3141FB12,
0x43B027BE, 0x176CD134, 0xE2563553, 0x64CC073F, 0x5EA40AC8, 0x543F044C, 0xD0FBF751, 0xA806F149,
0xDAA5123F, 0x1278F969, 0x71F23F0E, 0xBBF45618, 0x6FDC1F9C, 0x9E441057, 0x0E8F301D, 0x2AC86B40,
0x5182C40B, 0xC73F5809, 0x1F70C628, 0xCB5D8320, 0xCE369250, 0x49882D15, 0x4FF1D020, 0x271CF925,
0x0B5AB048, 0x1702E825, 0xBB4A8306, 0x82B2E838, 0x83192C5C, 0xE92E9B6A, 0x6001C872, 0x2944F34F,
0x85251064, 0x523F2A62, 0x1C677F70, 0x70794C32, 0x89E09213, 0xFD340058, 0xE4227610, 0x0050AF40,
0x15DE4F6D, 0xD39F7515, 0xA66D6955, 0x14D05155, 0x696D082C, 0x0078F944, 0x88FBB75C, 0xF8BB1A75,
0x500A1642, 0xC18C2000, 0x362E0D08, 0xE077D01F, 0x04149D36, 0x9ECF2368, 0xD4FC8259, 0x9F38B962,
0x8F5E4B44, 0xD1B40E73, 0x019E010F, 0x2A90A357, 0x97239B79, 0xC191944F, 0xD8A78B0C, 0x11292A28,
0xA64CDC49, 0x2CBD313D, 0xE3B97E27, 0xB7056853, 0x5CFB7421, 0x5DE4CF6B, 0x3A44CA7E, 0xDBA72806,
0x5F197B4A, 0x579B244B, 0xFC418D7B, 0xB5076643, 0x9EBF584C, 0xBA535545, 0xE738E05E, 0xD19D5173,
0x6B953C5F, 0x8944082A, 0x33440F36, 0xFC95BB4B, 0xC740575E, 0x44B74C20, 0xAAC49D73, 0x68C31C7D,
0xE848B618, 0x29FA0032, 0xB600371B, 0x240F9851, 0x83992147, 0xF213F769, 0x679D8D02, 0x5B42C646,
0x8CE88A67, 0x8482F626, 0xF6BE4219, 0x136BF131, 0xFB43261F, 0x3C60216E, 0x89223A7D, 0xF2337B37,
0xCA835751, 0x7485F12B, 0x9300572D, 0x31954D28, 0x1646AE1B, 0x86395167, 0xFDF33F17, 0x3A066C74,
0x228A0734, 0xE2106439, 0x27325B7B, 0x370D8015, 0x0DEA7C43, 0xB1ED5E54, 0x4C2E1033, 0x5F03020B,
0x05D8D343, 0xC5EFBC73, 0x443ED5B9, 0x46ABB961, 0x924B5C26, 0xB8B40417, 0xCD068030, 0x0E494633,
0x5D3A7235, 0x02255424, 0xBE965E1C, 0x240E6431, 0xD9694D41, 0x3353AE30, 0xA0421623, 0xD51C215A,
0x5CD72F48, 0xDBD76107, 0x46C58E53, 0x9B49997F, 0x3B1E7415, 0x16E8DD62, 0xC6720E05, 0xB8464B47,
0x8977CB4E, 0xB6DF190D, 0x3B01A620, 0xF17A9E57, 0x248F1A01, 0x56AE8679, 0x302D3C49, 0x9920E82A,
0x00CEE93D, 0x8BB2EB7E, 0x41E17A38, 0x0CB2355B, 0x0DA18B70, 0xD13BF30E, 0xA2C32072, 0x5897F912,
0xC37BD363, 0x1E334F39, 0x25C6EF57, 0xAE033971, 0x8ADE996C, 0xF67CE423, 0x216ADB1C, 0xB56977BE,
0xA2A1C018, 0xE92A801E, 0xFB7EA12D, 0xC0F5CAD8, 0x68CCD676, 0xAE22EB34, 0x1F41086F, 0xA4CD7A37,
0xDDA4D05C, 0x4FD0205E, 0x4FF5771F, 0x9EAEBCCD, 0x2C8CEC36, 0xF989FA69, 0x86AD2E33, 0x119B6C18,
0x1B031929, 0xE3B33052, 0xDFDA052F, 0x8480BD30, 0x27CF0564, 0x3319D53D, 0x70574867, 0x06FEB856,
0x4DB5B729, 0x866E357C, 0xC5AD194F, 0x0CCDE861, 0x4389CC67, 0x5F836410, 0xEAA7A366, 0x30BFF17F,
0xC9B13906, 0x6E05BA76, 0x67BCD341, 0x57E2A35B, 0xC6DBAB79, 0x5C06DC2C, 0x93FA915F, 0x483D3770,
0xFBCC3D37, 0x1DA66467, 0xC6CDD20A, 0x7E913A29, 0xD0EE8240, 0x31486649, 0x5915C658, 0xABB91466,
0x849EA459, 0xC0CC132E, 0x73338741, 0xE9D04E05, 0x2C77962A, 0xC0F02F14, 0xA60C3D50, 0xB3D81E6C,
0x98F5EC76, 0x59167351, 0xB4F58C39, 0x06DDB954, 0x55B4B878, 0x2D919144, 0x424F3934, 0xF0439207,
0x41D81B20, 0x66C64B4B, 0xB569ED5A, 0xD67FF417, 0xD8E0707E, 0xB3B03C2A, 0xAE00DF2C, 0xAA3D0734,
0xDC333437, 0x83811E50, 0x9BE26D77, 0x1B7D5674, 0x3F1B3C75, 0xAD2CB415, 0x4C35581F, 0x26C4AE7F,
0xB5D4E95C, 0x6497933C, 0x9FA5EE07, 0x84D6B071, 0x45DC3440, 0xE9511A30, 0x87A4CA7B, 0x7E117E53,
0x93EA3252, 0x61596C1C, 0xD1460056, 0xE7D0DE21, 0x57F90038, 0xF45CEE03, 0xB8E93F10, 0x83AAA47A,
0x9C33AE7E, 0xFC7F3757, 0x1F3B517E, 0xE0762E65, 0x040EEB1C, 0xA82CDD59, 0x7F097177, 0x006EC863,
0x65B7F30F, 0xCAF26503, 0xF5E57837, 0x4632DE4A, 0x68538B68, 0x08DD5846, 0xC6007751, 0x963A2205,
0x33862919, 0xB99AB810, 0xC3F1EB04, 0x1090EF70, 0x5749AB13, 0x17E84D4C, 0xFBAF286F, 0xE67B2A3F,
0xD5D3010E, 0x91EF2AE9, 0x2D3C4843, 0xF962BD1E, 0x33050167, 0x16AE4A72, 0xAB74A738, 0xBECB057A,
0x55762E4C, 0xE605EE6D, 0xF1683A28, 0x12CBFE70, 0x7DDE8E40, 0xF548EA21, 0xC99F324F, 0x1F80DE3F,
0x1490175E, 0x462E762F, 0x7D18B564, 0xB751D610, 0x33D72D40, 0x142C3473, 0x84B2007B, 0xA8143A2A,
0xB36CF87E, 0x7544707F, 0xB7F40858, 0xBADD3132, 0x08A22962, 0xC068206C, 0x1B17AE2A, 0xAAE70233,
0x10645375, 0xFD431634, 0x865B6347, 0xABA6F614, 0xBFD05040, 0xC9736324, 0x0E048B55, 0x14D81C0D,
0x73193C1A, 0xD567BA19, 0xE20B7F59, 0xB913C149, 0x17EFF236, 0x22A78B5C, 0xF984C3B4, 0xBA822F0E,
0x5C8EDE30, 0x58BE3308, 0x7FDCC192, 0xDA7AA444, 0x2CC63B00, 0x43DE887B, 0x52656358, 0xA3BCFD47,
0x67254413, 0xF7098F6A, 0x01F7BCF2, 0x3B017C03, 0x2592E053, 0xDA77E77C, 0xA4B5CC64, 0xF993FC25,
0x690F4D40, 0x7A659F20, 0x6A142B7A, 0xB7B4B653, 0x88162111, 0x82A4C560, 0xB5F46C44, 0x0EEA9832,
0xA6D73C59, 0xAB9F9E2B, 0xE812ED3B, 0xBF843244, 0x54CC2B18, 0x2215C359, 0xF0F9D43F, 0xF4096978,
0x4112317B, 0x3BE95622, 0xB264D36B, 0x7FC41908, 0x20686D6D, 0x9FA7B77F, 0x6023ED7C, 0x03B65543,
0x40477132, 0x763ADE3F, 0xC38F4B3A, 0x6991EB6A, 0xCEC4BB37, 0x16B0E727, 0x20EF3531, 0xD01C4C12,
0xB12F901D, 0x281F5A45, 0x60BB0827, 0x6EC2E93E, 0x12193527, 0x1919D302, 0x5A94B91D, 0xEEDF0434,
0xAC88307C, 0x5D187229, 0xB419D555, 0x400DA60B, 0x7070AD3A, 0x9BB60067, 0xC044E272, 0x86492940,
0xE315C620, 0x975AE306, 0x45067D45, 0xB0D6D668, 0xF2CD4433, 0x75564628, 0xD576766D, 0xFC77CF42,
0xC829547B, 0x7406A57D, 0xFDA74F2E, 0xA45D265B, 0xF797EA60, 0x29CF817A, 0x3EC1D321, 0xB24A3372,
0x4E45457F, 0x616B110C, 0xCDB3B705, 0x162A8C18, 0xC930C131, 0x01188D29, 0x4F8CB06E, 0xC4EC3468,
0x0E0E0C02, 0x63EBC909, 0x10EE9B49, 0xEE98C655, 0x2F84B975, 0xD4F3EE40, 0x05097D21, 0x7C60BB5D,
0x4D3D8B74, 0x5D202A0E, 0xF7469368, 0xAB5D952B, 0x5A289360, 0x2DF33760, 0xCFFDF265, 0xE096B52F,
0xC69DC536, 0x72BE2B1A, 0xB69C405D, 0xA8C60C15, 0x5663E168, 0xB15C230B, 0x27AAB848, 0x46D3E76C,
0x74D2D868, 0xE1BC3E5A, 0x399F5F26, 0x4F10021B, 0x8872AD7E, 0xF681A12B, 0x9B7F574B, 0x42E6B307,
0xB1A8E6C3, 0x12003C1E, 0x60BA8364, 0xF4402506, 0x3156BB19, 0x4AF0B10B, 0xD9FA7E42, 0xB605EE01,
0xF2E91132, 0xF9390703, 0xE4D83B14, 0x14CBB704, 0x2BC4B649, 0xD30C520D, 0xAC70F156, 0x96AEA308,
0x71816E49, 0x37BC487A, 0xEB01B56D, 0xC5D0644E, 0xEA93385B, 0xB41A3430, 0x692AD50D, 0xBC7F0208,
0x16B33116, 0x2D972C46, 0x17A8F30E, 0x2130F458, 0x6BCA574E, 0x828E7072, 0xB8AC8B67, 0x0415FB46,
0x829BE15F, 0x68029850, 0xD1C18813, 0xCE8E5D41, 0xC2160D48, 0x6666E303, 0x5EC41253, 0x9BD0055B,
0x61F9D33B, 0x43620627, 0x8EA0A153, 0x05A2D91C, 0x8BB0FE0A, 0xFFFEBCE0, 0x55EC5925, 0xCC626D63,
0xDC09074D, 0x123D49CB, 0x435A394A, 0xE606B21D, 0xA0C7887E, 0x7B8C0549, 0x763A9B6A, 0x66E2013A,
0x18BD330B, 0x3A29B1A6, 0x27793452, 0x80A26F73, 0x63E72728, 0xC8975D7E, 0x70680915, 0x38C9C34B,
0xAEF76735, 0x0B021855, 0xCED4755E, 0xE0E3E94C, 0x8D64FB50, 0xF6BFD01C, 0x74E29F3D, 0xA3498574,
0x283B3452, 0x668C6059, 0x15483337, 0x02ADC108, 0x29B18976, 0x4843DC23, 0x1590BB14, 0x66841E72,
0xE4304B12, 0x33EF7406, 0x7892AC53, 0x9B191D3E, 0x7FDDCC78, 0xDF326956, 0xF2AE8D0D, 0x7AEB515D,
0x73199E0F, 0xC3371F76, 0xA533307E, 0x8ED6067D, 0x7D1FBA4F, 0x393F0055, 0x452BB677, 0x92EF7E62,
0x3F9B4871, 0x0B014D0D, 0x7265E75A, 0x8E9E0F02, 0x796ED922, 0xFFA66F0F, 0x9D1A1508, 0xCB588459,
0x98343F24, 0xD7D63E47, 0x63C50619, 0x10CFB25F, 0xBA87D16A, 0xF091F16B, 0x7E4D5100, 0x02267677,
0x2632E031, 0xA95E7117, 0x4AE1EA39, 0x619A6A64, 0xEA4F7646, 0x7432BC66, 0x18023D39, 0xE8946C4B,
0x7215471A, 0xBCF5341F, 0x1E809232, 0x5804BB42, 0x7308B67C, 0xA5458272, 0x1B2B5D77, 0xC00F180B,
0xE868570E, 0x1635CF0F, 0x11840C7E, 0x29446665, 0x762CA31F, 0x5E57200F, 0xE88C1D6A, 0x401C5A14,
0x9E88AA27, 0x5B0B3E18, 0xAD29C518, 0x4164F80F, 0x0D432305, 0xA7C6420F, 0x1FF9E61C, 0x67A42B52,
0x0630F002, 0xBA252D10, 0x6788AE1D, 0x6FA40E63, 0xAD08B047, 0x6A49A649, 0xE0898D00, 0x08F3B464,
0x65041058, 0x5C98C31F, 0x90590A78, 0xCFF50279, 0x60B09761, 0x1B97D72C, 0x63A63536, 0xCF9E7B54,
0x07737541, 0x38F2D717, 0xD6182B78, 0x8BAE854B, 0x68D6FB36, 0xB2B75577, 0x47CF5229, 0xE92375AB,
0x374B8E45, 0x16EF5B37, 0x24496749, 0x30376975, 0x5E123714, 0xCD516159, 0x3A79752B, 0x45A7825D,
0x624CF013, 0x5E2B5A10, 0x280F5A39, 0x92FAD503, 0x2184B62A, 0x6D41B030, 0x89BD4D05, 0x760BF56C,
0x19BB2476, 0x22F55B2B, 0x38DA9169, 0x16D89E1E, 0x86F5F10A, 0xA14C4D08, 0x86505B02, 0x46459633,
0xB5197079, 0x9A80F424, 0xE5ACD763, 0xAF8A7A45, 0xD0951104, 0x47CEEB5C, 0xB3255746, 0x50B94E77,
0xFB8B8052, 0xBDC78C11, 0x68B5B515, 0x4B5D5B1E, 0x78AD2A79, 0x162CE762, 0x70686D36, 0x100B4E31,
0xFC7D0065, 0x07910B27, 0x8FBB6354, 0x96418563, 0x254CFDF4, 0xE4656475, 0xBC39B94E, 0x3EED712A,
0x6C0D7881, 0x85C4B739, 0x81E8AC5C, 0x93AD9C1E, 0x0959164E, 0x57D2E223, 0xDCDA6C09, 0xA3CF8238,
0x5816459C, 0x859FED77, 0x3BE5F547, 0xBC6B3200, 0x1A111053, 0xC60B4551, 0xAAD2291B, 0xF21A5808,
0xBBF6D920, 0x4AD4045F, 0x0DA3A070, 0x3D6F8C50, 0x3188C61C, 0x5954FF0D, 0xF0457124, 0x147DBB73,
0xD1AB9677, 0x1A254177, 0x3FD17865, 0x40FEF66A, 0x9BF7C208, 0xFE88351B, 0xCF3B9030, 0x2EED2F51,
0xB2FEDE09, 0x9BB1CF3E, 0x1B0C4C73, 0xE849F933, 0x4553BE57, 0xE98CB310, 0x3CA9135C, 0xB46D7052,
0xEDE2C36E, 0x7D821331, 0xF924232B, 0x98E90721, 0x5FB14D5A, 0x4B081D7A, 0xC2A63377, 0xE46C2021,
0x63145407, 0x87C76163, 0x417E7B23, 0x59C91B20, 0xA83B4B36, 0x5A686778, 0x563B9743, 0xA042B82D,
0x9E093339, 0xFEF1047F, 0x5F36BE5F, 0x24FE2725, 0x680A9F48, 0x1BB0C47B, 0xB5EC980A, 0x0C504A17,
0x4F107C31, 0x357AC355, 0xE3C0957D, 0x183FF233, 0xDAE72E0E, 0x4ABC692B, 0x7046F15A, 0xBB9FC70F,
0xE6AD8E28, 0x4BE1CC67, 0xD35DC001, 0x6D8BDE0E, 0x2D45D957, 0x0330FA43, 0x6DD2715B, 0x33FE8055,
0x5CD9353B, 0xF074971A, 0x0E9A2869, 0x79146A53, 0x341FFF0F, 0xEC75EA23, 0x6C74E84C, 0xE1DA561E,
0x7FF7007A, 0x6221FD09, 0x486B0409, 0x7EE73A73, 0x18CEA918, 0x54BC0D0F, 0x9EC1DA4D, 0xC6F1F200,
0x9608B20B, 0xFBE72A75, 0xFB30B24B, 0xCEB4D81B, 0x43133E0B, 0x1B3A8C17, 0xAB389836, 0xCE2FE00B,
0x1E26D118, 0x6285F552, 0x66589673, 0xD0C51F36, 0x066AA77D, 0xD389B015, 0x1F0DC02B, 0x17C5D10C,
0x449D1854, 0x1DEF0733, 0xA780025C, 0x958B4A32, 0xDFD80C39, 0xCDBC1045, 0x1A93A5CB, 0xD1715300,
0xB82BEB5C, 0x94C5CA73, 0xB22B4B6C, 0xC7A1EF52, 0xE93C6235, 0xAFEA8D3A, 0x335D4547, 0x5765645A,
0x0E84B620, 0x889B7205, 0x43107D64, 0x5A15F574, 0x19307E52, 0x47E7BD76, 0x6792F65D, 0x3A254015,
0xD4CAB628, 0x3DD5D323, 0xF9EC4C63, 0xDC7AB863, 0xB9265443, 0xF54A1D00, 0xB18B6076, 0xDC23C44C,
0xA10FED25, 0x89F5A16C, 0xE3EFCA4E, 0x8291684B, 0xEDBAEC4C, 0x36B6072C, 0xCF57823F, 0xCA2DBD23,
0x2FA3D810, 0x2114A46E, 0x55989D48, 0x9FD23427, 0x5E09A055, 0x02E29B29, 0x5873B355, 0x8F48BA15,
0xD2E64C28, 0xE5AAD049, 0xA08EAD05, 0xE97C6387, 0x8E15CC71, 0xA7F7C71A, 0xDE42B312, 0x7753F7B3,
0xF7D1860C, 0x3CFE9E3E, 0x7AA6061C, 0x9CEC077A, 0xF3604676, 0x1E587633, 0x12536973, 0x441B8EF6,
0xAA2E1919, 0x1C60A748, 0x88D13558, 0xEFABC262, 0x79490B1A, 0x17D3166F, 0x53627455, 0xB37B3536,
0x9A61484C, 0x8D12B31C, 0x335C4C4D, 0x13599D57, 0x7C7C9929, 0x55820373, 0xBFE60F7F, 0xCABF733C,
0x54DB7A0D, 0x9EAFA01F, 0x40BAFA30, 0x2308E366, 0x1066856D, 0x7103EA53, 0x42F42137, 0xDBC8DA4D,
0x2E2AE230, 0x295C903F, 0xD89B3229, 0x2B7DF313, 0x90530E78, 0xDC6B4F6B, 0xF41C8308, 0x4CDB1F02,
0x7DCCD63B, 0x2BC2A102, 0x1F8DF755, 0x84B4EA7C, 0x599E052D, 0x8897606E, 0x8C87272D, 0xB1BB584B,
0x1A66213C, 0x02962E69, 0x4F91E344, 0xF1A6D526, 0xCB72FF01, 0x5C3E1A6C, 0x4EC7D45D, 0xAD603E1A,
0x5E470E35, 0xA0A4E737, 0x1E212F00, 0x95CA4716, 0xD809722B, 0xB44BE93B, 0x36B7CF1E, 0x41ACD42F,
0xA5A54F67, 0x4BD15750, 0x7ED50158, 0x6F0FAB00, 0xE5D3D74F, 0xE2BCF400, 0xBDF4942B, 0x8FC5A74E,
0xB0F45704, 0x417B742A, 0x2546F24E, 0x06E0225A, 0xB1793533, 0xA7E9CA50, 0xCBA56E57, 0xB940AA25,
0x88735C0E, 0x4CB23A71, 0xAC064945, 0xB8B90910, 0x13286851, 0xE2883005, 0x2310B566, 0x20F94063,
0xC74E881D, 0xA5D3774B, 0x2B966703, 0xA53E232E, 0x78CA0C2D, 0xAD164E1C, 0x604C701F, 0x902CA34A,
0x603A3678, 0xC977C812, 0xD292F242, 0xFA24B82D, 0x7314C750, 0x0CA3873F, 0x93B0D310, 0x98B8145A,
0xF4558124, 0x4C02DB4A, 0x1283F812, 0x3F3C2E1F, 0xB863D80D, 0x9EC27D3A, 0xBC936B07, 0xC79B040A,
0xBE86E459, 0x87A2482C, 0x21C28133, 0xACD94854, 0xBA4F854F, 0xD0ABDCE8, 0x2391DC3F, 0xE981D847,
0x0DAC2F66, 0x26AD614E, 0xBAB04C38, 0xCB9D507B, 0x2A984D5F, 0xCBD4CB13, 0xF1D4A423, 0xEABEA53E,
0x2CC5AA77, 0x5A62BB7B, 0x0EFB793B, 0xFA49C708, 0xB4CA6D3D, 0xCA0D465F, 0x0347C51F, 0x698BCC44,
0x274E5735, 0x63C70439, 0x230E9000, 0x61F7B23C, 0x8DC18B5D, 0x5CCA3833, 0xC727E13D, 0xCA20C677,
0x18CB916F, 0xC8B3B502, 0xDF7BA741, 0xC5CC0672, 0x5ADF213D, 0x285C755E, 0x3EA8AA4B, 0x4823BD46,
0x675CAC04, 0xA6D2CD63, 0x3D7B6E04, 0x026B7347, 0x3E20EF66, 0x073EB361, 0x6A99B10C, 0xCD25C032,
0x0C80AC02, 0xE1FF1C6A, 0x30D2EAF4, 0xD483C435, 0xEE840704, 0xDF082379, 0x91A4479F, 0xEE0ECD10,
0x50482160, 0xD7369119, 0x31494A14, 0x95EFD260, 0x4E06D170, 0x204FC766, 0x4DDDE2CC, 0x8636B071,
0x65B1040B, 0xDD955F48, 0x7937D320, 0xA496BB25, 0x6C18F63B, 0xBB9C233D, 0xC8442355, 0x0DF4442A,
0xB11EE20D, 0xBCE2B406, 0x0C5CFF5A, 0x3CC3C207, 0xE56FD300, 0x5D1F586F, 0x469DC106, 0x9712F402,
0x812A814F, 0x8328A947, 0x7236E27A, 0x56489D28, 0xF3DA932E, 0xCC861353, 0x1055F559, 0xC0A29B2F,
0x718D9207, 0x368C0041, 0x56CD5A22, 0x4DC0EB01, 0xD3DD0C7A, 0xF86AE059, 0x181CD72F, 0x6D738C19,
0x3274676C, 0xDA3EA546, 0x30841F40, 0x654B5D78, 0x839E7B4E, 0xA5328B35, 0x02D95979, 0xD4BB7803,
0x79A3AE06, 0x15C42948, 0x46B46C22, 0xF738E506, 0xE6690506, 0xD5B37643, 0x3A8E1801, 0x9C114348,
0x57C01C2C, 0x24291C19, 0x5C7B696D, 0xBA398C72, 0x57783E2A, 0x97D34D32, 0x86E7F20C, 0xA701366A,
0x26762171, 0xE3750B01, 0x9DF52E1A, 0x4937C807, 0x22679424, 0x3138E825, 0xA4588922, 0xF677827F,
0xB1583F4B, 0xA8FE1325, 0x7E2C545F, 0x7D47F477, 0x0FE7B80E, 0xD1A41002, 0xBE48E537, 0xF5722A00,
0x3E2FFC4B, 0x604DE61E, 0x41F3EB6E, 0x9AA40458, 0x438F3E68, 0x3001571A, 0xED09570C, 0x688A3353,
0x5DC9610B, 0x7CBC1A2A, 0xAA335677, 0x87DB6D3A, 0x9098484D, 0x84D1C37B, 0xED0B9C2F, 0x4520DA47,
0x2499E21F, 0xCAA12526, 0xE03B386A, 0x1D61B138, 0x383A5C25, 0xEB037930, 0x5E251F63, 0x118A9834,
0x5905E90D, 0xCD3E4E7A, 0x12846F1A, 0xF7067554, 0x1C30F103, 0x2F5A1877, 0x41DE7324, 0x3D5CDA2B,
0xDD267A10, 0x0B5AAA55, 0x741BAC10, 0xBD1A084A, 0xBCE28EDD, 0x99A27B54, 0x289EA77E, 0xF14DD064,
0xDCC2987A, 0xD41AC261, 0xB9D8B67F, 0xD525C171, 0xB8FEBB6E, 0xF6D1C66B, 0xD4A1F670, 0xA9D95244,
0x29EC2750, 0x7E32426B, 0xB19AE80D, 0xC85A8403, 0x4E1AA278, 0xE5D2056F, 0xC8192815, 0x0F3A847C,
0x3C932F37, 0x9F003161, 0x79FE0E53, 0x5137DC2E, 0x2103D52B, 0xDB3F7C6D, 0xECD0C97D, 0x73486472,
0x59C87B42, 0x95AFA316, 0x0AF9340C, 0x2F2ACE67, 0xBC240A67, 0x850EDA62, 0x264CC237, 0x8312103D,
0xB153E027, 0xAA714B17, 0xD122C52B, 0xF7084A10, 0xDF6D9B03, 0x8E88DA2D, 0xF025B85B, 0x1D4A4353,
0x44902F47, 0x9D0AF1AE, 0x76A03D40, 0xA209BB25, 0xA7F7BB74, 0xB0A6549E, 0x49075F39, 0x53D4F310,
0x14202F27, 0x9C87E13E, 0x04F91064, 0x8336516E, 0x0E6F6322, 0x6A16C4DB, 0x0FB0FD36, 0x75452D5F,
0xDB0C8D1E, 0x52628F1B, 0xEBBCF559, 0x9E8E642B, 0x36B3F166, 0xF2CAB030, 0x1760CF20, 0x62E41534,
0x66BD0419, 0xD8F7E45D, 0x6D97C715, 0xC5CA5878, 0xD932191F, 0x713BDC1F, 0xEF32FB6C, 0x7E412406,
0x61993F79, 0x04233908, 0xDD1B9734, 0xBD2C7044, 0xCECB1864, 0xDF93655F, 0xCA02A83A, 0x0075A47F,
0xE10DC00A, 0xC2416C6A, 0x7C8F255A, 0xF21DB208, 0xAEB4B250, 0x270BCD53, 0x6B855063, 0x89C0270F,
0x26768006, 0x8BCD6F72, 0x038C4178, 0xC870C608, 0xCDADC04B, 0xF78F785E, 0x9B435D04, 0xDA75BB38,
0x17DDB834, 0xD6C5D554, 0x845C7441, 0xA7155D5B, 0x9330D76B, 0xF79F7615, 0x84194878, 0x39E3401C,
0x11F12129, 0x1D8D7819, 0xC331B951, 0x972EF763, 0x5EF9114C, 0x3644A87A, 0x4947C93D, 0x250F9B29,
0x64628C66, 0x97E69246, 0xDA956269, 0x80F3D116, 0x4208C002, 0x02E6773D, 0xF0B9C760, 0x25FD8414,
0xD78C4D30, 0x9D15EA79, 0xB612375B, 0x947F1E33, 0x02C53035, 0xAB0FCA25, 0x93CED14C, 0x8107ED76,
0xB33BF87D, 0x7C842D3B, 0xA1B5EB1E, 0x0649F448, 0x48B88B42, 0x116E4938, 0x9C4F3D01, 0x2057885E,
0x29B9BA7D, 0x3DB5C578, 0x2DC37500, 0x8907F219, 0x3F1FE345, 0x6DE4F47A, 0xB3665364, 0x29E7A17C,
0x579C030C, 0x720C9920, 0xC18FE93C, 0x62EB2627, 0x0A73D31D, 0xF4496319, 0x6FD61D59, 0xDB95993D,
0x2F404C3A, 0x4D160D6A, 0x4305F363, 0xE9063B6A, 0x5C2AB61B, 0xDB46333E, 0x45692501, 0x2FD9E673,
0x0C71FE38, 0xBB43EF76, 0x8AE66233, 0x6A7772CD, 0x7050DD15, 0xA5345B2E, 0xD6F5BB72, 0x24681228,
0xC8A98538, 0xDD30EB61, 0x55F1DC2D, 0xE9FCEF1D, 0xBDC9037B, 0x473CF60F, 0x6EE45B4E, 0x08E60B26,
0x40B9077F, 0x3F96A553, 0x1423AB53, 0x1B9CE83B, 0xD44BE92D, 0xA9E3D37C, 0xEB09920B, 0x7BC4C428,
0x45DC9D28, 0xCA2D9D11, 0xF167A640, 0x5302DB2B, 0xFE702E76, 0xEDC54302, 0x4754012C, 0x00DBB513,
0xD87BD05D, 0x0E542625, 0x61E97036, 0x95C3AE33, 0xD6D96E5E, 0x7EADA756, 0x4FC7EB3B, 0x8406256E,
0xCC537128, 0x4C363D72, 0x1B09B02F, 0xD0240058, 0x958C0833, 0xE0CFB871, 0xF52AAA10, 0x062D0840,
0x4E3CCABE, 0x5A3CF474, 0x98DF8652, 0x84F79B5B, 0x146F9696, 0x0D42480C, 0xEC494220, 0x0FD8AE7E,
0x3F01266D, 0xD1DFC075, 0x2C780C58, 0x053FEC4B, 0x8DD55DD8, 0x141E160B, 0xA5D8E340, 0xF4200A17,
0x0A666122, 0x98D0B025, 0x6724396A, 0x046FB646, 0x62DE1D70, 0xCCDFF243, 0xBCA0CB54, 0xC635A333,
0xE9EE2701, 0x717D406A, 0x91E5FB0B, 0xBCE30A1B, 0x47A8B072, 0x1AA56752, 0x0791C93F, 0x92C2B16E,
0x1999904A, 0xB453716E, 0xEAEE2C2B, 0x865F0624, 0xEAF1C067, 0x6C2D8843, 0xCBA2BB05, 0xC4E94254,
0xF6DB893E, 0x64EA6B21, 0xEB3C2177, 0xB8C9FC7F, 0x00679C66, 0x26B8662C, 0xA97A7740, 0x005EB53C,
0x90842514, 0xCE2C627A, 0x3B6CAA3C, 0xFC93FF36, 0xD00B4475, 0xA431DF07, 0x581B4C24, 0xE453A806,
0xB2F6316E, 0x3D2FCC21, 0x5704FB47, 0xB0169C75, 0x29C4286D, 0xA44BAE79, 0xAC6E082F, 0xB42AD352,
0x2705D778, 0x1BCBB72C, 0xA8ED7954, 0x22B3F82C, 0x94510E4E, 0xA280826A, 0x11093C19, 0x7F99C431,
0xAD7BE42A, 0x5DDDC141, 0x2E66313C, 0xA236F211, 0x66693D2D, 0xF2E98238, 0xBE9C7E1B, 0x6D6B3250,
0xAA79AD0D, 0x02ED9330, 0x0CD49978, 0x5C54F56C, 0xA973D721, 0xB2807517, 0x73E71631, 0x6A8DA34A,
0xB221464A, 0xA71FE238, 0x401D1365, 0x0ABC2170, 0xD4E5606C, 0x21D24A70, 0x9270D058, 0x78919729,
0xAA667A05, 0xBEF5DE30, 0xF7258375, 0x8474967B, 0x0C8ABE6F, 0x5AA7FC28, 0xF14B5407, 0x17BC575B,
0x03E8A751, 0x77482270, 0x0AD95553, 0x2FE27407, 0x3E58C64E, 0xD939A525, 0xC415A75E, 0xEAF43E17,
0x7AA7C643, 0xF91C4A79, 0x564E1B18, 0x5C5A373C, 0x1E53FB37, 0xC3581F04, 0x4361CE63, 0x29DB5A3E,
0xCB80DA1B, 0x268AF968, 0x8343BDC0, 0x5B715915, 0x50179A51, 0xF2B17677, 0xFC839233, 0xBF61F01F,
0x62F4C148, 0x405CB95A, 0xBF0A2F61, 0xAB5B8925, 0x14E1B673, 0x8B5E1912, 0x2C464474, 0xBEEBEE03,
0x3A7CD03A, 0x2034352F, 0xFBA9BF60, 0x00D3427A, 0x0101865E, 0x3CB18324, 0x88484814, 0xEE873943,
0x4895AA3F, 0x561ADB6F, 0x5C43224D, 0x9129D577, 0x1521771D, 0x9DCE7E0D, 0xB85AFC68, 0xAF5E7B65,
0x019F8D7D, 0x617D3F66, 0xCC203B28, 0xD0FD904C, 0x87686754, 0x093F3F59, 0x8EEDE355, 0x6862842C,
0xDF38E623, 0x3C56C62D, 0xE504B84B, 0x269EA93C, 0x49225C24, 0x1DE22F34, 0xBA6FE254, 0xA68243DC,
0xA2CB325B, 0x6D691C7A, 0xDD05BC41, 0x9BD20AAA, 0x343F1F77, 0x4AA7B273, 0xB7303B61, 0x177B3A64,
0x56801B54, 0x4FF08C17, 0xFD57554B, 0xA37EF7AC, 0xBBF27449, 0xBFC4D959, 0xFC58D35E, 0xCAB71643,
0xF0059C46, 0x3C3D7219, 0x9984061A, 0x448A0053, 0xBE377467, 0x29161219, 0xFC9F4767, 0x7A316B1B,
0x2967A40A, 0x88B8EA40, 0xC8DA8D54, 0xF9ED2D6B, 0xF2A9A817, 0xAF707971, 0x4DA6FF4D, 0x55FECB37,
0x4E12345F, 0xD775EA17, 0x7AE16C1A, 0x6817120D, 0x33934449, 0x48EEB82A, 0x63E3A068, 0x71A7942B,
0x6CD94524, 0xDFAE8B67, 0x56EB5834, 0x70B4612D, 0x41565558, 0xBAB35357, 0x1BA50D3A, 0xB27A315F,
0x8CE7536C, 0x9D963C2E, 0x12684F5A, 0xEFE86A4E, 0x7A31BD29, 0x47DC9966, 0xB31AC31E, 0xE51E2B7B,
0x7A6C7A4E, 0x4AC22A19, 0xD0FF8F6A, 0x23F12F76, 0x03610264, 0xD9339E5C, 0xD3005E56, 0xC4107733,
0xA725B102, 0x9673454B, 0xBF4CAB29, 0x8C72C77A, 0x54656720, 0x45074D6B, 0xF320912E, 0x33C05E03,
0x1C93245B, 0xAC4E3B04, 0x02869D6C, 0x5D88A035, 0x8171BD19, 0x04AD0957, 0xABC62C0E, 0xA4E22059,
0xB12B5912, 0x6A791038, 0xAB6C4437, 0xBDD64D53, 0x50989423, 0xD5DE9870, 0xAE93A216, 0xB9FF8B49,
0xC43CC078, 0x8F41E85E, 0x6868F54D, 0xCC0D4B7F, 0x8536364C, 0x6249CC4C, 0xA14C5546, 0xD2EBE67D,
0x64000813, 0xD08F6D50, 0xB9043E72, 0x0614926A, 0x50353B42, 0xEE939048, 0x6CC80569, 0x63ABEA5B,
0x1980B770, 0x76142D2C, 0xC3A21734, 0xB760CC7F, 0x5A96C71A, 0x42B19822, 0xE71CF266, 0xE56F666E,
0xCF146A21, 0x2C17EA03, 0xD2D58932, 0x9F87E827, 0xF1B67D05, 0x8072703E, 0x972D591C, 0x58C0A962,
0xF0D59E14, 0xD56445E3, 0x9A21D055, 0xAB08977E, 0x3D32AF29, 0x64592148, 0x7D43D47A, 0xCCFF3415,
0xF2FDE37E, 0x415C177F, 0xC021C025, 0xFB993406, 0x8D041865, 0x735D6F20, 0x26AB8868, 0x39AD1B47,
0xE8E60503, 0xF186FA2C, 0x77335159, 0xBC409401, 0x757BF91C, 0x4D569729, 0x483DC459, 0xED70BF41,
0x2BD54021, 0x5E46917C, 0x42BCA343, 0xA2C17640, 0x7975466B, 0xD36C5F07, 0xA33F761E, 0xCFF9B215,
0xA0C15A10, 0x8554FD7C, 0x76D0EE49, 0x689F2825, 0xFCE7333D, 0xE91C1B11, 0x769A5F26, 0x4215E461,
0x7FA8385B, 0xE2926E73, 0xCF777214, 0xB8830E0A, 0x5D657C76, 0x6AA52012, 0xF0A8448A, 0x89DFF231,
0x758BB320, 0xCB6A1A7D, 0x226D85A2, 0xA27A1336, 0x48DC4073, 0x7E323740, 0x27FA0132, 0x7683A975,
0xC8B51D5F, 0xEF45611F, 0x47148ED2, 0xAB2C9C65, 0x6EA6B704, 0xEE3B9256, 0x3327841B, 0x95FE0B1E,
0xC8D41E56, 0x05CE2F03, 0x3B71873B, 0x7DF74C0F, 0x95091C03, 0xACCBA440, 0xEE879411, 0x73066F1A,
0x7017B55F, 0x23EECD70, 0x9BC9C055, 0x264D5E18, 0x324F8A61, 0x89854937, 0xCDF1B32A, 0x72A5E118,
0x98C39735, 0x9FBD7E0E, 0x30E8CC50, 0xF43FA206, 0x11625763, 0x71A6D70B, 0x6DD60D55, 0x61AF0449,
0x4F33256D, 0x7E26AB66, 0xE703D10C, 0xA0712465, 0xA3B6A148, 0x5AE1E616, 0x32BEF406, 0xFB0D572F,
0x9B72B726, 0xF20F1E73, 0x651AEB0C, 0xAA4F0472, 0x04D1677A, 0x95708269, 0x3BBAAF75, 0xDDF7B977,
0x8D4B5764, 0xB5E3C95D, 0x49D7D342, 0x9040D834, 0x905FFC24, 0x8F83247A, 0xBFA8186D, 0x2BE64458,
0x216DA811, 0x4DB9581D, 0xE074E131, 0x8FFD8129, 0xF2345A77, 0x5A1A2D3B, 0x0CBE4D73, 0x37D0C167,
0xB2465B03, 0xE79E5D6C, 0x38F43753, 0xDACDFF30, 0x7B40041E, 0xD89FD446, 0xEB65CE1C, 0x4696E055,
0x7AF2A345, 0x1495111F, 0x340FF17F, 0x1BF41F0F, 0x1330061C, 0x1243AF4A, 0xCE1AE57E, 0x20955502,
0xE3C1B625, 0xDD84D41F, 0xC6DB1A43, 0xB7B4D43F, 0xBD2FE33B, 0xC905FB46, 0x8013D348, 0x99E3E13E,
0xB2C50E07, 0x42A3DD1C, 0x0469AD6D, 0x77D97B33, 0xAA5A694E, 0x3DBA8174, 0x62ABAC3E, 0xAFB1DD75,
0xBC068670, 0x7A445645, 0x60CF937E, 0x0AF36745, 0x4F331906, 0x454A7812, 0x6081B63B, 0x7E6F5859,
0x5B119A7F, 0xB295316D, 0x52CC4626, 0x0555A856, 0x5B065832, 0x5EDB3814, 0xF7905F6C, 0x4A119074,
0x34957BA5, 0xE59C264E, 0x396D2F59, 0x130FFE21, 0x9BC73E6B, 0x72C37574, 0xBEF6351A, 0x8435FB6C,
0x61C30451, 0xE1746220, 0x6720F90F, 0x446D4A74, 0xD4F1BC12, 0x0E696A5D, 0x95B6B50C, 0x2F5EDF63,
0xB0831A0A, 0xDE0BBA62, 0x4409DD1F, 0xB175B46D, 0x63F4E53F, 0x2CB2BD2E, 0xDAFCAA3A, 0x670F744D,
0x262AAF10, 0x41D9AC5C, 0xB7567847, 0x347DB114, 0x3EB96941, 0x498DDA23, 0x5F19C847, 0xA0071C12,
0xEB30D648, 0x3A949B7C, 0x48589A31, 0xA362966F, 0x6B701E60, 0x98CE2F73, 0x8342E429, 0x3CDC9F4F,
0x1581A762, 0x43ABDB75, 0x256AFC0C, 0xEA23C244, 0x6238BF14, 0xB1F9349C, 0x0DBB5C09, 0x836F5F6C,
0xAA731214, 0x3E73E9E9, 0xDE68772B, 0x4FF1E857, 0x7B8F7179, 0x6A8AFB31, 0x511FE213, 0x8D9DD86A,
0x7B65052D, 0xF911C2FB, 0x84990172, 0xFC96746A, 0x61EC6D4F, 0x09AD0661, 0x3E8C321F, 0xB2019C08,
0x20548766, 0xC53C2E0A, 0x9485441C, 0x8A4AF92E, 0x2E7BF03F, 0x5A2E872A, 0x7B5F4E0C, 0x36CD561E,
0x71C42D11, 0xE906A228, 0x61CBD15F, 0x59A2382C, 0x9C7AA540, 0x54E81071, 0xA6BCFD2B, 0x6773542B,
0x413E615D, 0x26CB8475, 0x6DE7BE16, 0x6D73164F, 0x0FEFB950, 0x1AB72415, 0x5F0FF80A, 0x45396135,
0xBA3C241E, 0x93215865, 0xCF2BE965, 0x0C771564, 0x8DEA2C41, 0x0098173D, 0x6ED95C19, 0xD75AE238,
0x2177AD29, 0x36921106, 0x4F82191A, 0x4F8A236A, 0xC0418553, 0xEEE6261A, 0x07059734, 0xFAE1F47A,
0xCEE86A3E, 0x0AD25A03, 0x6A041001, 0x9D126E55, 0xE547AB77, 0xE30B6245, 0xE67F6664, 0xEB170812,
0x59F5CA3E, 0x4B74EA73, 0x8B35A30E, 0x98872B00, 0x100D0327, 0x1D692760, 0x667C5E1B, 0x64BBB131,
0x956DC173, 0x4DAF3015, 0x97A54177, 0xBBD3F66A, 0x7E4AF95B, 0xB8CEFB39, 0x54037334, 0xC97A3C1E,
0x5A9F0D5B, 0xFAA1EC2C, 0xF857B37E, 0xD25C3369, 0x068B3961, 0x4E10EB3A, 0x5A3DD928, 0x0718AD09,
0xBB76D76F, 0x94DAFF2A, 0x15AD0316, 0xAD84B331, 0x81DC2D77, 0x9160D206, 0xE6C53E70, 0x2743787C,
0x68C1E415, 0x70CE5C56, 0x24668170, 0x24113E0E, 0x0B71D868, 0xC34F5B61, 0x4263AD6D, 0xE7CAD82A,
0x22A7BC0D, 0x28AC5D7F, 0x529BF504, 0xE0DACB55, 0x47F0ED4F, 0xAECF7E33, 0xF4F57265, 0x0CF2AB2E,
0x57FEF872, 0xB4798454, 0x6E73E959, 0x6CD87862, 0x0E86A32A, 0x15E05A30, 0xCE14EE5B, 0x8A390AE2,
0x78A2BE53, 0x8DDEBA71, 0x72315156, 0xF571536F, 0x601E9F05, 0xBFB2B57E, 0x2226FC6A, 0xC2DA836F,
0x652D9136, 0xB0D4691E, 0x6AD06D6C, 0xAC93406E, 0xDD70CF18, 0x1ACE3476, 0x303B3E72, 0x6F008E78,
0x321AE500, 0x89498731, 0x1856380E, 0x3B7AC74B, 0x595F3463, 0x1D547733, 0x4E24F835, 0xA235F03E,
0x39CF8B07, 0xE92C9D7D, 0xE19E0906, 0x03DF616F, 0xFC2CD12E, 0xCFE81E26, 0xB064173E, 0x13BF1678,
0x13CAEE27, 0xC00F963D, 0xB9810465, 0x38E6D524, 0xBED1FC3A, 0x85F3EE63, 0x92BABA09, 0x6733882D,
0xF4AC0807, 0xE6960755, 0x2FC89718, 0x9F090A2C, 0x12561EB6, 0xADCC2D7B, 0xDEDE510A, 0xE93D8336,
0x81389CEF, 0xF0183205, 0x3B4FCE24, 0x5161493D, 0x229A6C77, 0xDB309E1A, 0x25FC544C, 0x070EA004,
0x1BE37D92, 0xE26DE218, 0xA16F3C3C, 0x8D01966E, 0x568F8E78, 0xA5E36B27, 0x5E985933, 0x470DE572,
0xDB95BB12, 0x1C986326, 0xF590713B, 0x6392364F, 0x64F8BC1C, 0xF4BAB357, 0xC4B3A35B, 0x0D8E1C40,
0x1152B346, 0x879E6301, 0xFB5D1C6F, 0x94A8A04E, 0x50920C64, 0x32F5E003, 0xCA74FE18, 0x702D0C7C,
0xED99517A, 0x62673219, 0x49386379, 0xBE82F713, 0x3FB3C925, 0x38D23B06, 0x3FFE3145, 0xB258693D,
0x8344AB27, 0x965DE879, 0xE7504B01, 0xF1D6A87E, 0xA01E084A, 0x5CA6C260, 0xC44DC000, 0xA35D337F,
0x5079583D, 0x81081F2C, 0x7AD2597D, 0x6A4F9757, 0xC5AABB69, 0x8D0D2C2B, 0x5929AB00, 0x4D0CB147,
0x7BA5E903, 0x98D3F657, 0xD344BA5B, 0xCB29CB75, 0xAC61B47A, 0x0B58430D, 0x8C130544, 0x73FB5B0C,
0x4C007913, 0xA92DB052, 0xBC330412, 0x82A95271, 0xC515DA1A, 0x090CF84D, 0xEA645C59, 0x14370153,
0xF68A3D74, 0x43419D27, 0xFAB6BE28, 0x5A297370, 0x4417F05C, 0xC1A95C3B, 0x76B9CE12, 0xD89E3041,
0x840B3763, 0x488F5C21, 0xA4115022, 0xEAD0BD2D, 0xF32A6D6C, 0x36E1612D, 0xEDEA4671, 0x1CEAB71D,
0x4A04F63B, 0x51749B17, 0x1971AF09, 0xBCE2FC47, 0x9C7D2C57, 0x8EA8B72A, 0x3411951D, 0x84F0D33F,
0xCEADF448, 0x5FF0E434, 0x3E8CD76D, 0xCB0AC51D, 0x22DF9916, 0xB36E6B59, 0x12237D63, 0xFBD61819,
0x5F2ECB2A, 0xCAFF7521, 0x724EF041, 0xECEE713A, 0xB11E624B, 0x4B60DE25, 0x673BC568, 0x48119225,
0x948E3676, 0x78ABC459, 0x2DB1DD48, 0xBAB9811D, 0xE0D3857C, 0x9011CD04, 0x0D7883C2, 0xCA5C1C38,
0x74554016, 0x5F7CBE47, 0xAD40675B, 0xE6FE051E, 0x8955BF5C, 0x30C30F1C, 0x7CB1A760, 0x6CBC1022,
0x9620DF29, 0xC7391B0F, 0x89B9C853, 0xF70A045C, 0xDC032870, 0x002CE500, 0xF4A26269, 0xBFE21557,
0xE4ED6736, 0x4DBFFE0D, 0x0AFDEA78, 0x2F76B34B, 0x534E7736, 0x01609278, 0xC77BBE5A, 0x9C4DC279,
0xE8EA1260, 0x9734D715, 0x4E2AB77C, 0xBF7DD53B, 0x27470578, 0x59A3D75D, 0xCB153071, 0x6FDEC671,
0x761EA65E, 0xE2115F43, 0x8208215F, 0xDF5E0C4C, 0xF0124906, 0x811D8C02, 0x635EFE67, 0xD771663B,
0xC4B18170, 0x3BA69449, 0x79F5B63E, 0x298193B7, 0x50729E65, 0x365F4509, 0x54F6374E, 0xA45994DF,
0x57952C60, 0x35B31F66, 0x6F6E4B1E, 0xF023DF26, 0xD0C47234, 0xAC2FEF2C, 0xCD573617, 0x079C9FE3,
0xD4BF8561, 0x1146F462, 0xEAC05937, 0x16E0E655, 0x0BFA8D62, 0xC5B71B42, 0x80EE2659, 0xF67DF333,
0xFCE3FB4C, 0xEA689D4F, 0x6B9C0850, 0x24DEDC3A, 0xA526F216, 0x4C635E3F, 0x139F9E55, 0xFA80744D,
0x57FA2348, 0xC0803740, 0xF2622076, 0xE9938630, 0x4F019A5B, 0xDA6CBC3D, 0xAE49662E, 0x3CEA0521,
0x111AFA6E, 0x1C353807, 0xAF932D12, 0x8D193D5D, 0xE285D319, 0xD4EFA81D, 0x2401BD18, 0x6588642A,
0x1F81C109, 0x4A965F3E, 0x9ED99507, 0x6DFFED49, 0x13D19306, 0x05CF1747, 0xE1F5523B, 0x9A29222E,
0x7F716738, 0x8E9BA55B, 0x5372F358, 0xB111FC3E, 0x5961AA34, 0x7CFC2573, 0x6B4E7630, 0x4F344958,
0x95E1F044, 0x47CEBE65, 0x7F238A15, 0xAAD8EB39, 0xA615251C, 0x21D63655, 0x00779A2A, 0x62604F47,
0xF738713A, 0x80093906, 0x2550383C, 0x26CF3921, 0xF8AB1F43, 0xC7704C7E, 0x884E600E, 0xDE55BA2B,
0x3C22DB0C, 0x385B772F, 0x7D3DCD0E, 0x59523551, 0x7E58747B, 0x35BBDF5A, 0x9DE9B641, 0xD4E02056,
0xB4A65627, 0xEE28523C, 0x77F5F95F, 0x5545297A, 0x52D3E53A, 0xAEE5CD71, 0xA50ED872, 0x1CE01F37,
0xD2D03148, 0xAD0D845F, 0xE1E95758, 0xD33E682A, 0x03504E5E, 0xF692F869, 0xE1A0375B, 0x37FD2E7D,
0x8347E642, 0x8273102A, 0x68114517, 0xFF790F03, 0x0071C427, 0x74167859, 0x4ECE2354, 0xAB5F0930,
0x4515EE7F, 0xCE01BB6C, 0x138B7A61, 0xE1BB5C3C, 0xB17AA812, 0x36D28B23, 0xF375C462, 0x3168D655,
0x0C02E401, 0x0369517E, 0x41855E6F, 0x4239552A, 0xAB8EDE1D, 0xBDBCEDAD, 0xA15BED73, 0xB068460A,
0x879AA028, 0x1D082512, 0xC92D8353, 0x07797A64, 0x3645623B, 0x6043F210, 0x2364513D, 0x05720541,
0x0880717C, 0x87BD9951, 0x3242D34D, 0xE6BAE44A, 0xED29A634, 0xC059672F, 0x4CC6773A, 0x53A95F2B,
0x6F27740B, 0x052DB92E, 0xEB043651, 0x899EC809, 0x71CDD260, 0xCC24FD5D, 0xFCB9E56E, 0x3FDCBC28,
0x44143302, 0x935C4A3F, 0x169BCD49, 0xC8C79544, 0xCDA6A434, 0xCDC1444E, 0x1EADCA6D, 0xE71D601D,
0x0FBA664B, 0x41800207, 0x15B0CF60, 0x093E9340, 0xE0AC620A, 0x9FFD8C58, 0x7794D461, 0x4AFF9237,
0x95298C71, 0xBA12420B, 0xCA016DDF, 0x0FA5112C, 0xD71F9216, 0x17B51476, 0x9A8B6ED4, 0x51CD8C6F,
0xC5D6065B, 0x8A7ACF3D, 0x07BA3353, 0x30C9B818, 0xE9411D5B, 0x1516425F, 0x3463069E, 0x3265425B,
0x0CE3C846, 0xCEB4745A, 0x673F4711, 0x9C656151, 0x232FA85A, 0x4481D71A, 0xB2B87362, 0x449C5062,
0x8F0DCA1A, 0x29718739, 0x644A011A, 0x9AAF2927, 0x18370318, 0x8845B029, 0x9C95D721, 0x79348E52,
0xB228F10C, 0x92519950, 0x5AFAF15C, 0xC3588975, 0xBF2E595E, 0xAD40BB7A, 0xA83A8D14, 0x5318C701,
0x82FC3108, 0x5EB77E23, 0x48BF3F5B, 0x4AE92277, 0x76D37B60, 0x78315272, 0xA9846F61, 0x6C57346D,
0xDC516F47, 0x8471F63E, 0xDA8AD827, 0xE7680A3A, 0xF7366656, 0xFE514411, 0x4FFE5C01, 0x0C24BF04,
0xD8189D5A, 0xAA887C3B, 0x51948E1D, 0xC4791D03, 0x1886D770, 0xCAF2BD37, 0xB3F9E900, 0xB9F25A76,
0xA479D873, 0x0BA0607A, 0x305FDE28, 0x26BFD41D, 0x35DE904A, 0xAB60265E, 0x39158F69, 0xFD5EB465,
0x6E41772B, 0xE5938F5E, 0xA506964A, 0x261ECA5A, 0x382E8D0D, 0xCF1FC636, 0xD42C6905, 0x81C5F21F,
0x1271FD10, 0xE38AB86F, 0x8F929B38, 0x059EAD77, 0x4C56A65A, 0x858B464E, 0x33B8B325, 0xEE2AEF50,
0xAF60F43B, 0xDB7EC552, 0x7C284F1D, 0x760AD169, 0x0729C70D, 0x20BA6D26, 0x8D67FD7D, 0x5B8B7954,
0x8ED77C44, 0x5576A255, 0x6E95B75C, 0x62D88116, 0xF131685B, 0xB2871501, 0xA2467E2E, 0x9030DB5C,
0x09287D7F, 0x8CE2B161, 0xA5337464, 0xECCA087F, 0xF08B7D36, 0x2F4B3910, 0x6F97B72D, 0x4A63567F,
0x37A5A22D, 0x4F463301, 0x7290F90B, 0x00146F02, 0xCEB4A51F, 0xFC83775C, 0xF03E095D, 0x5EC00B0D,
0x16900D78, 0x67E4916F, 0x41FB1B47, 0x59B54819, 0xFB4B61EE, 0xFBD0816E, 0x5B3D6725, 0x63C37504,
0xFEC9F124, 0x83D04967, 0x38A37004, 0x7A353F39, 0xEBCAF327, 0xFD03CC7F, 0x31D29379, 0xDE06050A,
0xB06DBE44, 0xBD529368, 0x90674120, 0x4105A26C, 0xA427204A, 0xBEEEC176, 0xA4480675, 0xB5EE0F13,
0x9830E34D, 0x09B1D768, 0xAA366F0E, 0xE5DDAC17, 0x181E0B75, 0xC445FB63, 0x0C818443, 0xCF086051,
0x26BA9932, 0xC9C30813, 0x33B8A311, 0x96A1DC58, 0xE68F772C, 0x8A259B2F, 0x7A7BCF17, 0x18A62D5E,
0xFA04B348, 0x93A5ED1C, 0x2E096B7F, 0x32FCE031, 0x3F660A7F, 0xC84DD76D, 0xF7626301, 0x147E1757,
0x52641F43, 0x57E5A1D7, 0xF37AC07F, 0x23E4314E, 0x277D6C3C, 0x7EF054B7, 0x62F4C265, 0x899B1154,
0x20385334, 0x736DCF40, 0x722E4F77, 0x860DE12F, 0x6A8FB36D, 0x4A41EEA4, 0xF7FC0E37, 0x80205D14,
0x46835D24, 0x8F54E70C, 0x9A49C861, 0x64CDCC25, 0xBE4BD107, 0x7CB42B12, 0x6B6F7472, 0x2F574F49,
0xCB59DF7B, 0x55F94003, 0xB21CCF39, 0xD7B96538, 0xB6FB756B, 0x8EDC130C, 0x57EA7E76, 0xA0614517,
0x6EF6C831, 0x073E2408, 0x61D5446F, 0xB5988A41, 0x81B89231, 0xAE69042C, 0x5B30DD48, 0xD7E79C2B,
0x7C286443, 0x5633A11E, 0xA54B796A, 0xB440D346, 0xE9644308, 0x97E53A6A, 0x3904B469, 0xA8861968,
0x9175627A, 0x1149A600, 0x2079E17A, 0xAA756267, 0x807E2712, 0x11208500, 0x492F775E, 0x46635112,
0x766E1556, 0xCF522D30, 0xAC3BAB19, 0x96337952, 0x85EF0660, 0x9769B871, 0xAC71501C, 0xA33E810F,
0x820FA002, 0x1CA96752, 0x6C16656F, 0x24069145, 0x46ECD61B, 0xC2229F1C, 0x54549C34, 0xA8D8781E,
0xDCD0B062, 0xCDBB252B, 0x41309648, 0x16AB1A0D, 0xC66AB950, 0x1232FB67, 0x34F53130, 0x75940834,
0x44787F4D, 0x35B0CD2B, 0x1C0A9A1C, 0x84A46668, 0xA3935449, 0x9FC21874, 0xA202552A, 0x816C2A7A,
0x76D5B94F, 0xF92F5E78, 0x5B7FC40C, 0x1E8C0516, 0xD7D56D7C, 0x2145886C, 0x5101E331, 0xCEB4B468,
0x6694EC54, 0x145D0661, 0x34DF3A12, 0x021E3E37, 0x054BC928, 0x8D7A1C64, 0x698F5456, 0x63B3C90E,
0x79E16374, 0x1E2E924F, 0xA2C02A49, 0x60038626, 0xAB242358, 0x7DD4C024, 0xB857CF71, 0x5748A333,
0x93C55446, 0x9F7BB630, 0xEDF5CB7D, 0x6CEB066E, 0xEBB1D43C, 0x4C957937, 0x8A63FD31, 0x0F561D0A,
0x78B8AF19, 0x63469931, 0x027C6A59, 0x9FCC2BFE, 0x86179D7E, 0x91433A26, 0x8A087D69, 0x9741E124,
0xDB892E11, 0xF37D603E, 0x08583345, 0xB855FE24, 0xAAB7CC51, 0xEBDF3522, 0x1B0DDE57, 0x7ADBB228,
0xCBEDB46F, 0xC95A1F38, 0x97D15E6D, 0x61EFC626, 0x22861E43, 0x5C2C1316, 0xD5E2653F, 0xF86F6314,
0x19ED4A62, 0x350ADD09, 0x28CF6638, 0xB879935F, 0xCB565F2A, 0xC168663F, 0xED14FA74, 0x25EF3322,
0x01CB8701, 0x05349752, 0xC69ED707, 0x3D9CF81F, 0x866C8F3A, 0x38895018, 0x9297C377, 0xCA445B46,
0xC1237677, 0xFAEADB77, 0xB1FAC643, 0x4372F468, 0x66DEB068, 0x87172F59, 0x142E2C30, 0x2081EF5B,
0x539025E8, 0xDF33B301, 0xA9A00731, 0xC3E76513, 0xEE099488, 0xC0790834, 0xFFA3D865, 0x40326153,
0x22F1744A, 0x7FAB1D7D, 0xB2DC556D, 0x8C2B1205, 0x7D39D2ED, 0xACFDBD70, 0xD9E9F17F, 0xE6A8DD21,
0xDFE7AA0C, 0x01816E4A, 0x0ADB5645, 0x2DDB9E29, 0x4151317B, 0x18853549, 0xA6463261, 0xD309333C,
0x4B2EDC1F, 0xE071CB79, 0x2F98B964, 0xF2809A7A, 0xD1BDA506, 0x9FC7A34E, 0x3968C804, 0x55D43739,
0xDBA8BC75, 0xD4459619, 0x01F5441E, 0x67509543, 0x8B4A8F76, 0x06A8BA1A, 0x8DEE9D1C, 0xDF88BA69,
0xFDF89C4E, 0x1CD8D36C, 0x2CC4C656, 0x7E34F829, 0xBAE8A75C, 0x6B993D4E, 0xF50D4340, 0xFF249F2F,
0x2C8A747D, 0x7D59184A, 0x1E910879, 0x39C71448, 0xCD25255C, 0x67013839, 0x1E797039, 0x69346459,
0x7FE1186B, 0x409BCA58, 0x23ACE12B, 0x18CD2C74, 0x14BE4214, 0x5D802C05, 0xA6C53A4E, 0x9C548F1C,
0xD9CB565D, 0x22911E72, 0xE3995878, 0xCE43D562, 0x46AC8E63, 0x4082411A, 0x837FE920, 0x12B08506,
0x9A39DF0B, 0x05741054, 0x04E8170F, 0x3AAE4048, 0x3C33CE73, 0x2AD7E35A, 0x37CCE954, 0xCBD19167,
0xB2A61A6F, 0x4D96ED37, 0x02EA3613, 0x31A34902, 0x1BA3892C, 0x7AD28335, 0x91F4394E, 0xCFE2E37F,
0x7F5E7347, 0x214C1B49, 0xEA439135, 0xEC482628, 0xECEAE812, 0x04134024, 0xDE1DFA4D, 0x0CC06378,
0xFB97B051, 0x9F6CB96E, 0xFB17F762, 0x581C1C7C, 0x26C06459, 0xD598FD58, 0x6BAC934B, 0x4E2EF94C,
0xDBE4CF75, 0x709A1B07, 0x35DEE651, 0x9C017021, 0x1C023465, 0x73D69435, 0xC70ECF6B, 0xBA6E0122,
0x9FA3B15A, 0x911B7452, 0x59501A52, 0x09334567, 0x1543430D, 0x2178594F, 0x338D5A36, 0x68C9F520,
0xB0AB1171, 0x514BA675, 0x31FFA4EF, 0xA5352141, 0x4D5D5F3D, 0x067BCB26, 0x8038DB08, 0x5E2FA063,
0xA1AC2F57, 0x19086D04, 0xA3B34363, 0xF9E8044D, 0x25BA0D0E, 0xD063326E, 0xF6CC6F4B, 0xF50D0B2A,
0x322D5911, 0x503B4D57, 0xD6F3E142, 0xDD247916, 0xE1A00F1E, 0xA3AB7645, 0xD8C85206, 0xE1C28375,
0xAE345A4C, 0x8C211059, 0x30A96050, 0xEAF76D0B, 0x1066DA02, 0xA458B141, 0xA589B425, 0x0542B053,
0xDE47D646, 0x2589BB25, 0x0BCE9833, 0x416D336C, 0xD1DE537A, 0xF12E2271, 0x064B2536, 0xBF44D451,
0xEE1DBC3D, 0x756A5011, 0xC5AC4D1E, 0x86E39664, 0xF3431F49, 0x2377202A, 0x8910D54F, 0x720281EF,
0x07821D4C, 0xCC282676, 0x9A4F7E68, 0xB602E684, 0x101ED600, 0xF3F6A607, 0xCB53870E, 0x5C4C4746,
0x87E73E14, 0x7222A728, 0xBC46721D, 0x79F892C6, 0x97DD1B1C, 0x8DDB8635, 0x86A68330, 0x4E36743A,
0x61FFBD63, 0x4E5DA105, 0x80316036, 0x5975B030, 0x94E3C371, 0x5E2E976D, 0xA4574F29, 0x3445124B,
0xDB063A04, 0x9D350A23, 0xF4E3BA53, 0xDF1F6C2E, 0xB1E3D815, 0x2C0D487C, 0x850FAA2A, 0x0DCB8716,
0xA063D869, 0x3E1A1D13, 0xD708720B, 0x4408DE6B, 0x03C71F6B, 0xAE60B367, 0x25C7B548, 0xD82B3571,
0x9C296C5D, 0x42666D7B, 0x13DEEA6C, 0x311DD82F, 0xE2926744, 0xFC426014, 0xEA5DA22D, 0x1603D528,
0x134EAD49, 0x3DF6B54C, 0xBA37023B, 0x13973965, 0x047F5554, 0x9622D422, 0x9F925C10, 0xC061DF79,
0x87D84206, 0xF97D4621, 0x53C36D6A, 0x1E55D410, 0x36C5D052, 0xD72E2F73, 0x954C6308, 0x7B2A330E,
0x4867C65D, 0xC700C35A, 0xE7AB9D20, 0x458C172C, 0xD2F81247, 0x03AB0355, 0xF54D8466, 0x2F92A93D,
0x5507393B, 0xAC3EE15F, 0xDB030936, 0x8B8CA140, 0x52C17A1D, 0xCE1DAF7D, 0x011D9800, 0xE8C1B60F,
0xF4ED6E27, 0x26F0A742, 0x946EFD0B, 0x131A2D6E, 0xC149F139, 0xD22ECE7C, 0x68BA4D1C, 0x1DCA4168,
0x532E5844, 0x6B7E0B69, 0xA898D810, 0x40A9710E, 0x4D990A03, 0xF489EC7E, 0x892AC821, 0x00445F5B,
0xB1573B61, 0xE866C323, 0xBCBD3540, 0x94202526, 0x41D8B37B, 0xB962190F, 0x8DAC8F3F, 0xE35B5C00,
0x6195411F, 0xF3FE4D00, 0x55EA0228, 0xEE54BE2C, 0xE0F3FC61, 0xA4090911, 0x566F3001, 0x07FC6C11,
0xB97E0D41, 0x7E4EB307, 0xC046A574, 0xA745D709, 0x5D02045A, 0x1895B47F, 0x5AEA2F31, 0x502E035A,
0x61B38C67, 0x0AE4C580, 0x63749F4E, 0xDF3CCB1C, 0x1EE3A837, 0xFFAEED46, 0x4EFF8109, 0x76986F26,
0x3FFEEE0C, 0xC41C1D0F, 0xC1D7B175, 0x5EF03E78, 0x26666B4D, 0x242EAA2B, 0xC3775100, 0x6CD1795E,
0x85FC8F33, 0x2EDE1632, 0x68AE6D47, 0x1B50C035, 0x5283186E, 0x31EE0066, 0x4C40E001, 0xA058B078,
0x0B2C845F, 0xAC4EE85E, 0x9EA5293F, 0x0634B248, 0xC400BA57, 0x48F55C66, 0x5025153C, 0xBBA26347,
0x8275524F, 0xF84A8C2D, 0x96457E41, 0xA9C0295E, 0xE4290B79, 0x7C41BA71, 0x6D733915, 0x22772941,
0x22DF7D09, 0x9D83E455, 0x9A37F535, 0x6BAA2368, 0xC0021030, 0x33A8BF55, 0x96E64294, 0x82BF8A0B,
0xC2CB401E, 0xB12EBF20, 0x825F75D7, 0xA2CABC1A, 0xA12E6F61, 0x18420B22, 0x3C80312D, 0xBD3D7818,
0xB9119E45, 0x5EB9F53F, 0x25EE6B87, 0xAB476E76, 0xD7A76A58, 0x365A2A53, 0x1F9E962F, 0x52012507,
0x68247D0D, 0x228EC937, 0x9A285C52, 0xA33A2E3C, 0x24DD8A29, 0xD2001E6E, 0x5464680F, 0xAEA5382D,
0xFD98743C, 0x02E34464, 0x9CC1CD4E, 0x4979D13F, 0xFDF7F656, 0x4F0B1253, 0x266F7302, 0x3ECD2B43,
0xF605EB38, 0xDC76A63C, 0xABF9C979, 0xBBA27360, 0x19D42B47, 0x20C77D0B, 0xE4FF640F, 0x72F51E27,
0xD09C3E1F, 0xAA159C3F, 0x5EB6BC29, 0x1D6E3533, 0x3BA89B3A, 0x82C25304, 0xB1CC2C6F, 0x581C3975,
0x90C2271F, 0x061F4251, 0x1E23B214, 0xE5830D6E, 0x10D0E659, 0x480C0E6B, 0x9310F76D, 0x7F6C796E,
0xB4D4693E, 0x16114713, 0xCF84717A, 0x26BF8B4F, 0xE8EFB030, 0x55B73216, 0xF854371F, 0x85A31E5F,
0xCC52D10C, 0x6D63363B, 0x780D1403, 0x814E901C, 0x161EF538, 0x55020A30, 0xBB684C72, 0xEB55E317,
0x4BDC9A70, 0x5ABF395D, 0xAC82DB6C, 0xAB35E54D, 0xD4B65A27, 0xFBCEBA31, 0x80D27C33, 0x33CC8D32,
0x8532E307, 0xFC469975, 0xAE0E1127, 0x74888D73, 0x7D12FB1C, 0x8C4F4F15, 0x385A9977, 0xF9E3FB1A,
0x97FE6F71, 0x9E4AC32D, 0xB7FCEB30, 0xED78E106, 0xF8D4C645, 0xDFA9BD1A, 0xA888A605, 0x1201EC39,
0x15C44D71, 0xF7A6D114, 0x6E37E838, 0x3AFAB741, 0xEF526844, 0x67715577, 0x946BEB46, 0x98D2B811,
0x1836655C, 0xD580EA78, 0x2C5BF604, 0xF0AF062F, 0x630FA347, 0x91281922, 0xA5172464, 0x53817E11,
0x9C88AA57, 0xF8EA872B, 0xD89EA635, 0x496C200E, 0xE2185C7F, 0xFAEEC85E, 0xA6E5E71F, 0xF521760B,
0x53DA83D3, 0x46FC4518, 0x5844FF02, 0x55907F64, 0xC2D18703, 0xAF3A312D, 0x5B53B55C, 0xA135741D,
0xC0EF4F40, 0xBC334E42, 0xA3222440, 0xD96B3F2F, 0x2F1CB267, 0x5FBC6002, 0x4F87230E, 0x0EE4CE59,
0xFB18B91D, 0x2359E47A, 0xF10FCE5E, 0x0A0AE62A, 0xCA05D90C, 0x4284FA7E, 0x5AF3FD68, 0xA932D27C,
0x4408C60D, 0x278FE40B, 0xBA025B23, 0xAE5B9B63, 0xEF2E6F79, 0xC157AD5B, 0x4DF2C64C, 0xC904BB43,
0xA156170F, 0x98E5946E, 0xE0759552, 0xD9BC4649, 0xD245E432, 0xFBA4C938, 0xE10D5B1C, 0x636A401D,
0x00206846, 0x17802337, 0x40360B34, 0x8D39A75F, 0x4661DF45, 0xE21E2BB4, 0x6EB14D20, 0x5BC24D18,
0xE0E8A53F, 0xCDF8A996, 0xE0626C60, 0x3927BC59, 0x448D5402, 0x928C9704, 0xF7FE4502, 0x29BC5030,
0x0D3BA94F, 0x58193AF8, 0x6D777151, 0xE437196A, 0xF0D1A12B, 0xE242C009, 0xDBEF2264, 0xD1778F78,
0x166AD932, 0x95A2CC79, 0x17D11A7F, 0xCE25166D, 0xD2E75349, 0x9BCFDB28, 0xD97D361F, 0xB0D5D74F,
0x8741550E, 0x35D2026E, 0x2CD3520A, 0x8C77777B, 0x985E0E4A, 0xC9815E73, 0xAA8E8B00, 0x6F7A225D,
0x9BF0996C, 0x6C2E4E72, 0x5C33E249, 0xEE7AED75, 0x21F78806, 0xC45F361E, 0x4837F476, 0x5FC3844F,
0xB1825748, 0x80CBDC48, 0xC759A867, 0xEFD98028, 0x04E2A979, 0xCEE42E4B, 0x5437FA42, 0x883E5A52,
0xCB9DB900, 0xE240137F, 0xE7278572, 0x43335D4C, 0xC86D4E7D, 0x54552341, 0x7E5C5D16, 0x65EDCD7A,
0x25714816, 0x100BD237, 0x3A52E57C, 0x2AEFF933, 0xA4C07B53, 0x38978462, 0xAC5C664F, 0xDFA83C38,
0x0DB2F26E, 0x777F7D3F, 0x938DE65E, 0x39166D5A, 0xB7D60F70, 0x8183E040, 0x998C8A13, 0xD5DE501D,
0x50829F1B, 0x3CCD9967, 0xF6EBE63F, 0x373ACD21, 0x37942D3B, 0xCFE99C63, 0xA0056E3B, 0x9BCA3547,
0x110BCC05, 0x0A664967, 0xE4E1B05A, 0xEE0B0C31, 0x6086DB78, 0xDCC0E716, 0x7DDFDD0A, 0x31D61925,
0xC7CA236D, 0x01A23D61, 0x337FB635, 0x1CD85762, 0x6B32A041, 0x9074963E, 0x80FA6733, 0xCC302068,
0x31F7F406, 0x313A8118, 0xDB946926, 0x4A6E6610, 0xE5A8B36A, 0x87202267, 0xE9008131, 0xE047A659,
0x9996C269, 0xBA9CC94C, 0xDBC4AA0C, 0x23E9E64F, 0x1409C018, 0x577B9203, 0xEC759120, 0x9C472B5D,
0xB311232D, 0xA627790E, 0x4142450C, 0x0006C872, 0xA93E5F5A, 0xB181562F, 0xF8301042, 0x1DF6E1AF,
0xBDA67615, 0x0AE10225, 0xAE293179, 0x18BCE956, 0x8B41B23C, 0xE48C431A, 0x2DCEC80A, 0xE5C6153A,
0x3F700B4F, 0x5681C107, 0x9FB9C105, 0x8CF0685C, 0xE46F9302, 0xBE5A9E60, 0x6417253B, 0x5324477A,
0x15580026, 0x70B9E442, 0x9109AF15, 0x3CD75652, 0x580ABE7A, 0x7828D15F, 0x220D2C50, 0x6245011B,
0x87F5C817, 0x60683F37, 0xCE15452F, 0x691C6154, 0xA524C808, 0x7AF4CA1B, 0x707F0C62, 0x767D1E13,
0x15DCA122, 0x1633ED7A, 0x672E3121, 0xDC0D5066, 0xD9BC0770, 0x8B48D52D, 0x8EED9128, 0x1946D64C,
0xAB9C7D0A, 0x71E32D5C, 0x8A762B27, 0x08F5EC63, 0x5E3A9C8E, 0xE330CE0D, 0xCA56325A, 0x8711D458,
0x822404B6, 0x7963AF0B, 0xC4DC8126, 0x03C9023F, 0xC0BFE95E, 0x8305404D, 0xDF2F723E, 0x7C01F573,
0x90A3A0D9, 0xE6476478, 0xE5F3481F, 0xCAE00969, 0xB87BFD36, 0xB86F9E33, 0xCD389E2F, 0xF6FD3A2D,
0xDC5F340F, 0xC5090D69, 0x70823D23, 0x0A6DD203, 0xF5D2293B, 0x0D71E36C, 0x56D9DB33, 0x7B6DC511,
0xF4AC7E5E, 0xB93A3377, 0x42A9477F, 0x3368CD68, 0x1251ED4D, 0x71DE6A02, 0x23493E55, 0x18050F0E,
0x653D3F20, 0x89618639, 0xCF511116, 0x2B675158, 0xC683EF24, 0x26D7683E, 0x9369C814, 0x1A3F0503,
0xEB38B764, 0xE3EB1F56, 0x326C0725, 0xFBCDAB2F, 0x0E555600, 0xE71BAD6B, 0xD99C7366, 0x4424C25B,
0xE405B668, 0x86EA9252, 0xE605115F, 0x795B490A, 0xF572890E, 0xF6A9F077, 0xA135433C, 0x7C6A3276,
0x7330DB69, 0x1594E42F, 0xA8397610, 0xE1AEA422, 0x467B9165, 0x6AFF403E, 0xDDB1A601, 0xD872D57A,
0x724BDA35, 0x015F5763, 0x33251325, 0x3CC42970, 0x6E858174, 0x38EAC15F, 0x681CFB77, 0x98AFDC1B,
0x6575860C, 0xF0A4B67A, 0x5FE28A01, 0x9C78282A, 0x52AC8E07, 0xCAFFB075, 0x69074E4B, 0x6D32E046,
0x7A20047F, 0xD94C7E16, 0xA85B454D, 0x445A9F58, 0xD439DE48, 0xD670F001, 0xF8D11920, 0x6D17DA70,
0x9F1B8F6A, 0x09E3D106, 0x98723303, 0x0A1FCD0F, 0x20F4D016, 0x415D3427, 0xD2921464, 0xC5EFF56F,
0x768FCA20, 0x87FFB13A, 0xBB74B302, 0x338E9174, 0xBF8A1F61, 0x9DFC3C42, 0x94571475, 0x438ADF72,
0x929D8D00, 0xFBF5336D, 0x55845169, 0xAE8F5222, 0x54B2635B, 0x113E1852, 0xBEFAA954, 0x40B77320,
0x80F48C22, 0x8B54156C, 0xC93E1D3D, 0x86251928, 0x9BE2D456, 0x5E15CD0F, 0x710683E5, 0xEEA3696C,
0xDA02C079, 0xCD128578, 0x3C124F64, 0x5F013809, 0xEF80C24A, 0x6A0EFA44, 0x4FCFF053, 0x842A984D,
0x32B06432, 0x2F15421E, 0x216DCD10, 0x5EA34718, 0x7C4DB73A, 0x052E7636, 0xDC602D3B, 0xF7224F1A,
0xECBC7039, 0x63BFFC17, 0x236DE01E, 0x88175E0D, 0x20AF044F, 0xA8203E7A, 0x3C2D6D45, 0x6D660D4B,
0x7AA87607, 0xBB5F8235, 0x6D72C46D, 0x9687461D, 0x1F318C72, 0xAE3FBD58, 0x1D30623B, 0x4AD72615,
0x92BCF942, 0x46CDE474, 0x0DD9453F, 0xC9A34507, 0xCB0CCC5F, 0x8A1B117B, 0x816EAA4F, 0x80C45F38,
0xDFD36249, 0xCC4D535C, 0xAAD55D10, 0x2BECCD8C, 0x96B31F52, 0x2D6FC85E, 0x344A302B, 0x57DB20F6,
0xE6E5E22F, 0x4854BD52, 0x254AED74, 0xA3B65E18, 0xBE58EA2D, 0x5E256F36, 0x53596B35, 0x60CDCEDE,
0xB647266C, 0xB526A96B, 0xFE07EE02, 0x0F9B8204, 0x45620A1A, 0x972A9951, 0x8FA0A73C, 0x8423FF75,
0xB051522F, 0x51A0BF46, 0xB7BC7E47, 0xA2C7F942, 0x1D96CA16, 0x9C17E956, 0x32800108, 0x57395379,
0xF9578D34, 0xD5A68F03, 0x30ABDD2B, 0xEBBE2E6A, 0xFDE6E65E, 0x20FF6D44, 0x2449470A, 0xE164E863,
0x853A6A27, 0x954FB35C, 0x5C0AFD4D, 0x8D739100, 0x2BF88916, 0x63413862, 0xDF008C3C, 0xE473516E,
0x233FCA57, 0x0F936542, 0x67F07238, 0x777EE312, 0x1C287910, 0x5998C46A, 0xD22C906F, 0x4E026963,
0x70D61066, 0x05E24738, 0xBA3CBB6E, 0x1FCE0476, 0x9FE2367E, 0x4D1BC81F, 0x71172F74, 0xAFC1D167,
0x0C8C3836, 0xC1B4E820, 0xF1189D4B, 0xE87DFA53, 0x19CD2D46, 0xB1E43F15, 0x6B760312, 0x8DC25744,
0x4BA0407F, 0x840E284C, 0xF122374C, 0xD1B7A548, 0x188A250A, 0xD8DB680C, 0xDE94D45F, 0x1DD05528,
0x8044A205, 0xEAC8224F, 0x14119102, 0x1A48212E, 0xAA77A11A, 0xA1D60455, 0x1A889478, 0xA6863F25,
0x114E8B72, 0x4AAF8C53, 0x4D776A3B, 0xE4179067, 0xC3AA8A67, 0x64C99B3A, 0x1BEFEC60, 0xCB644B76,
0x52A0671A, 0x1C4C2543, 0x2D295E6D, 0x6C890F32, 0xD5B62D0E, 0x3A7E325C, 0x50E5D966, 0xCEE05677,
0x42096372, 0xCC56F94E, 0x30C5AD37, 0x440D4D6A, 0x3960193F, 0x6BE9CD05, 0x3C0A7375, 0x01DC4F6D,
0xFB3A7857, 0x9A29570A, 0xEAA6450D, 0x1186FA27, 0x2E552549, 0x8F1CB362, 0x5770ED03, 0xF84B994F,
0xE6F21013, 0x43BEE438, 0x5C357613, 0xEFBE2438, 0x788AE444, 0x54E57D90, 0x8F68320B, 0x007E9E27,
0x59D6A82E, 0x77DF8B1B, 0xE30E8F3C, 0xA6863378, 0xEBA61228, 0x0630D535, 0x6E65F721, 0x6E223F3A,
0xDE357921, 0x70A45D2D, 0xA8F93227, 0x21A4E82F, 0x7D9EB22C, 0x745F4862, 0xBE371A3D, 0x263DF012,
0x00D3FC46, 0x538C2B5C, 0x2ED3653E, 0x9304F054, 0x45C75A55, 0xB8A82074, 0x33230913, 0x87222D04,
0x49B42E6E, 0x2823F61A, 0x50A02626, 0xCAA6FF55, 0x33CFAE07, 0xA5103912, 0x21DA9D23, 0x92F5981F,
0x2D119E00, 0xA484667F, 0x050AE22F, 0xCDD51D19, 0xC3C6FD54, 0x631B3269, 0x8C151846, 0x3437A221,
0xA27E8213, 0xA5D2B426, 0xE4F7C4E3, 0x7ECC2338, 0x2CBF5E4B, 0x5602AC17, 0x5DED39D9, 0x57F49A55,
0xE84A8475, 0xD74DA01E, 0x32B2404A, 0x8D98AD27, 0xC540A43D, 0x0B36DB7F, 0xC74870E1, 0xC8D4D855,
0x944BFD3A, 0x50280D4F, 0xFC553416, 0xCAD7AD5E, 0x17B74505, 0x6D98122C, 0xEEE40234, 0x72554645,
0x7D02AE24, 0xFF64513A, 0x5DBB0273, 0x5E434D67, 0x08A60161, 0x063F2955, 0x46271B60, 0x0D5F3D0C,
0x4388D512, 0xE4B5BD1E, 0xF85EC31E, 0x74BC4668, 0xC5C9016F, 0x3FE1DF46, 0xBF814735, 0x1C2F8058,
0x14224A24, 0x4639C94F, 0x8739A004, 0xEE0F2D5C, 0x25898047, 0x69BB9B49, 0x97375124, 0x8F3B493A,
0x9E776755, 0xB24BAF10, 0x6C98F862, 0x868D2270, 0xC6788D48, 0x5F1D2977, 0x1E413954, 0xA52C121D,
0x5C613F36, 0x9260D459, 0x986DCC5B, 0xA38DF870, 0xB38F1E64, 0x3BE2493B, 0x19808A27, 0x87E1B922,
0x7F9E4129, 0x128F2D2C, 0xEA08750D, 0x7F25A52F, 0xB24DFD7B, 0x4245ED49, 0x8F04E811, 0xA2FD8066,
0x03A00705, 0x3760716E, 0x52FD9A64, 0x84DC0560, 0xD3FC603A, 0x56999026, 0xCB16EE5C, 0x8ECC9811,
0xC8EB1A5F, 0xAA9F0140, 0xFCDE5C35, 0x525ABA01, 0x0706FA0F, 0x2E914266, 0xA639674F, 0xB46B377C,
0xB10CA266, 0xD9DDE275, 0xC45B3901, 0x310F161D, 0xED0E0769, 0xF3588D02, 0xF0079261, 0x5BB2042D,
0x5F4CE63F, 0x8F1E294C, 0xCAE06F49, 0xA2359462, 0xE3D4BE6E, 0x3EE18750, 0xC7DEBA5B, 0xB12CBB62,
0x2FA0AC0C, 0x47004909, 0xAA34027A, 0x2ED7DFC1, 0x3320F228, 0xC0A2CDED, 0x51C3A724, 0x697683CA,
0xCF5CD243, 0x67B7DB99, 0x3C081D27, 0xB41A7C20, 0x4A634727, 0xBFD63F1D, 0x99342F12, 0x5FD8FE25,
0x4D8EC535, 0x07DA651A, 0x6941462E, 0x266A2290, 0x43343663, 0xE93D8643, 0xFE76CF6C, 0xD3C1206D,
0xB2A5E001, 0x0C80E5AC, 0xB151EF18, 0xB5B29A4D, 0x9D9EE301, 0x945B703D, 0x65323D27, 0x356D893A,
0x134193FF, 0x76BD8417, 0xEFBC9C03, 0x2BB1611A, 0xB1E32004, 0x8C09A916, 0x95BD7E1C, 0xAC04A08D,
0xC3A1CC01, 0x68D24370, 0xBA6DE64D, 0x21327107, 0x11389839, 0xB5326B0B, 0x39CE26BD, 0xE89D0D32,
0x4AF84447, 0x40AF3C15, 0x894FBF49, 0x98F1C211, 0xDBD60146, 0xEC845550, 0x8FDC3B2C, 0xF1653B60,
0x34369227, 0x020DE88F, 0x7A511675, 0xFB500F5B, 0x8B983726, 0x68997355, 0xEC3B3A22, 0x853D154D,
0x11417913, 0x42265D77, 0xE2276C4B, 0x37F28203, 0xAADB153D, 0xE82FA402, 0x2CC8DC43, 0xA8992EBE,
0xFEC863D4, 0xB45BF8B0, 0x88737598, 0x0A19B347, 0x0816657E, 0xF6652C7A, 0xFD815B4B, 0xC5C99F16,
0x85282477, 0x8E151079, 0x003EC722, 0x80FAFF36, 0xC1A0F444, 0xE2685477, 0xDD2DEDA9, 0x1729D8DA,
0x6272A3F4, 0xF6A0B095, 0xD3C7B135, 0x25A37366, 0x62C82B5F, 0xD4B4DE0C, 0xEA1E9726, 0x40A0B408,
0x6917B211, 0x50A1A24E, 0x528DFC43, 0xDAAF3335, 0xD94EB35A, 0x7CE0256C, 0x411CC81D, 0xB2424728,
0x0553BDA1, 0x544126FD, 0x64DF0494, 0x8FB836A3, 0xDD441B59, 0x7074ED44, 0x46DCCC3B, 0xA7524458,
0x50E76311, 0xF333DF6B, 0xEF378237, 0xB0BE0F0B, 0xB1D9DB46, 0x0D999F08, 0x74DFB756, 0x6E8D626C,
0xBEC64F0C, 0xE7093D77, 0xF233A108, 0xC63033A8, 0xFAB7FCEF, 0x3083418B, 0xBE35E486, 0x06306419,
0x9EA9A85C, 0x5230540E, 0x946E2244, 0x36A6455B, 0x5B474779, 0xBFDE006A, 0xD5947873, 0xD291B02A,
0x98212941, 0x97B7FB3A, 0x347DEE19, 0x4F11A06B, 0x0C046144, 0x89821E7C, 0xF1D3103A, 0x599FA90D,
0x25266066, 0x91B36440, 0x55BAB473, 0x5882E2DB, 0x0CB33C2B, 0x7A7F749B, 0xBC992F3B, 0x4CACA09E,
0xCD265B0E, 0x5CFAD9EA, 0xAFC75F3B, 0x9DFDE409, 0x93C4582C, 0x717B927C, 0x846B7227, 0x3A71510F,
0x019D4F52, 0x4F808861, 0x4BBC2A18, 0x132B5BC4, 0x0E9DFE5E, 0xD1367807, 0x52B1E85B, 0x0288591C,
0x6913733E, 0x268A758B, 0x6F3C9E7A, 0x33B7D363, 0x675D5556, 0x559D3266, 0xC4366823, 0x8F28D269,
0x3D50DCE6, 0x430D7A76, 0x05EF8545, 0x3FCB9B47, 0xDBA5503A, 0xBDBA4125, 0x9D2D4C0B, 0xC039E3C4,
0xA6CF444D, 0x75D74366, 0xB599CB03, 0x702B901B, 0xD7A6337D, 0x578BC743, 0x624B33F7, 0x0F2E5F0B,
0x4A0CCF7A, 0x21276954, 0xF3210C43, 0x9F9D5D02, 0xCF0A1932, 0x6A58B030, 0x5F9B051A, 0xDD494B78,
0x11BBD96A, 0xF05E79E8, 0x47D1E61C, 0xF8CA3649, 0xA6B14502, 0xDB601E35, 0xE3C17351, 0x7BCCC535,
0x95516369, 0x4BDC8630, 0x0CD6FA2B, 0x990E4232, 0x4769E14C, 0xA0325F62, 0x91A7DD73, 0x4E80BCDD,
0x34CA36CC, 0x08EF4CAE, 0x64346D9B, 0xBA0A3C04, 0x3A059147, 0x848CCB09, 0x249C2C13, 0xFBD22361,
0xE0607874, 0x98C6B407, 0x8468C07C, 0x96D84776, 0x84D66734, 0xEB90AB06, 0x4F45C19B, 0x55118DBE,
0x2FDF21A3, 0xDDB30CC8, 0x6F0EFC7E, 0x98C2CC21, 0xEE7A6176, 0x42E04173, 0xAABA7A20, 0xD921313F,
0x8AE3A825, 0x2520B965, 0x453E8E7C, 0xFE7BCC29, 0x0C6FA935, 0x6D935B62, 0xD028EB45, 0x856F2B47,
0x7F74EDA9, 0x49782DFC, 0x60A3C8C9, 0x534398E9, 0x1DE8766A, 0x593DEC43, 0x21F02111, 0x98245B3B,
0x4242D32A, 0xBEF5F51C, 0x12A5191E, 0x857BEA43, 0xFFDAAB43, 0x30289054, 0x063F8118, 0x5E27CB28,
0xFF99EF69, 0x2A5C2E6B, 0xC6067E02, 0x5869C4E4, 0x221A57F8, 0x5A929D9B, 0xAC2ED1B6, 0x3F499F67,
0xAC7B561B, 0xF203F670, 0x47282A0D, 0xA2A6822D, 0xE7A4EB25, 0x1D120315, 0xB804963B, 0xDEE5A556,
0xD7621E4C, 0xCBF04970, 0xB311FC26, 0xABCFF251, 0x99BAD67F, 0x257B392D, 0x007EAD27, 0xC5A5721A,
0x8E6B373F, 0x062FD24E, 0x3C2CC935, 0xE78208B2, 0x61EF377C, 0xD76038ED, 0xB318136C, 0xCE1B4089,
0x0D47AB67, 0x332E87A3, 0xCF282A48, 0x98107335, 0xA31D5C58, 0x0453A86A, 0x98296520, 0xF7844C47,
0x55DC0434, 0xB12CD507, 0x342A1822, 0x27AFE1BC, 0x7158270E, 0xBA87F25D, 0x7BD00270, 0x1C906040,
0x44FC2117, 0x5A81CAF9, 0x79BFF14F, 0xE56A1B28, 0x91BEB31B, 0x14B65F7C, 0xAFB71324, 0x13F8EF25,
0x9BBA4BED, 0xFCA61147, 0xF09F7277, 0xB3E1015E, 0x904B7416, 0x4EEA7F11, 0x75E89749, 0x7D1693C4,
0x5B03191E, 0xA25CF03C, 0x7B73DE78, 0x6E46F949, 0x5894291C, 0x58187A76, 0xF98184F3, 0x65D43945,
0xD4E76B68, 0x357CBE34, 0x3A48DD56, 0xA156F569, 0xB54D8F78, 0x4477753D, 0x224B7F56, 0xABDE8119,
0x1C7C4A5B, 0x154044D2, 0x25524F6B, 0x48F68B2B, 0x53734B47, 0x63F86578, 0x73850272, 0x2018EE29,
0x4E773F67, 0xBF0E6644, 0x67A83C2D, 0x48FB5A5A, 0x5F805821, 0xCF32204E, 0x80D1C163, 0xBFA62AAA,
0x42B0F3BC, 0x587FE792, 0xF3086E83, 0x08731D2E, 0x99ED9C4F, 0x1405AC03, 0xE05B714F, 0x4F887634,
0x29CA8D10, 0xB95AEF51, 0x60E21E7D, 0x833EB64E, 0x94322C11, 0xB724427B, 0x7943CEA1, 0x270CFBCD,
0xEE91A7BC, 0x001329FF, 0x5DD6480F, 0xD10E164F, 0xF41E8857, 0xD8C04409, 0x475B2B0B, 0xE20C3F3E,
0xDBE4A02A, 0x260CA925, 0xA585C969, 0xE449807E, 0x34DDDE56, 0x3856F664, 0xB1579D13, 0x89C91768,
0xC7F72085, 0x80C6C5F0, 0x66F2DF8F, 0x72200483, 0x00CEAA64, 0xD4868F0A, 0x9EF74130, 0x1690EA64,
0xB7D17C1E, 0x8C48A86D, 0x3E9B8901, 0x338D4A27, 0x82E2C250, 0xCDB1E355, 0x09093623, 0x98FD7A21,
0x9B499B05, 0x93551015, 0xDA1BDB2E, 0x241311C2, 0x744BE3C1, 0xDCC5CF83, 0xCA297FE0, 0x16B9F841,
0x75E7EE77, 0xD80B695C, 0x80861A7F, 0x16793D36, 0x0B9DE237, 0xCB79714C, 0x7948B262, 0xED341D6D,
0xD1D4FE62, 0x08B97C54, 0x56314C64, 0x2DCD483C, 0x3836AA1F, 0x4D3C2301, 0x5AE00716, 0x28F4066D,
0x47BBA263, 0x5D3E0D0B, 0x44BA087C, 0x6A640BB6, 0xCDE4E972, 0x614CBAEF, 0xD4E56A7B, 0xCEF6498B,
0x0F08E94E, 0x546D16E3, 0x5976D104, 0xC9E0DE69, 0x00053C22, 0xF0BCC165, 0x053B8B26, 0xCD3A4F0A,
0x7A15AB3A, 0xE82A6415, 0x92934525, 0x651B898A, 0xFFB50711, 0x5A08FF75, 0x1212B230, 0x5FF90230,
0x1B3D5666, 0xEDBF4DD2, 0xBBCDC43B, 0xFBA23054, 0x59BD6323, 0x36649C5F, 0x6F0D3325, 0x42CBBC1E,
0x4F4DBCEC, 0x16F49406, 0x5DAF1734, 0x1C504C5B, 0x123D2626, 0xB4E77739, 0xB7119612, 0x3B2A8ECC,
0xC10EC85C, 0xA8C51A65, 0x8550266D, 0x623D4E65, 0xE355D130, 0xB0076011, 0x082AC2B0, 0xDC348D17,
0x011CE45B, 0x87459B00, 0x4BE9E004, 0x72EFDA20, 0xF68B4A48, 0x2E344C1A, 0xE84B2C5A, 0x4990C849,
0x2BD78F48, 0x5E4012E8, 0x1B61070A, 0x3EBA1A62, 0xD79E861B, 0xABBD2A36, 0xFE753F64, 0xBA35BF30,
0xFCCE3453, 0x8F460C72, 0x030FB81E, 0xD52A4C1F, 0x5E100643, 0x62967F03, 0x588F0257, 0x591BCBE4,
0x2B5239D8, 0x8281B9E1, 0x475A62A0, 0xE76E4401, 0x2F441741, 0x67E5C861, 0xDA36C23E, 0xE4EF0C63,
0x2DFAAC79, 0x9CC3F743, 0x3D56237D, 0xCFC86929, 0xE588D45D, 0x3E8B3703, 0x07AD7FD5, 0xBAD193D9,
0x88570CFF, 0xCAB6578B, 0x15061A7E, 0xE5FE2B56, 0xFD00CF77, 0xEEA1B505, 0x30589167, 0x2AD47B08,
0x2D714064, 0xF7E7F01C, 0x49C92E46, 0xB073822E, 0xE7927300, 0x1C6C4044, 0x9A30024C, 0x65F15F5B,
0x145D28F3, 0x448D5ACC, 0x96A5B893, 0x20B9EACC, 0xEEBBC92C, 0x1989FC71, 0xAA7BA73D, 0x3758C61B,
0x33F07569, 0x3D4E213D, 0x6C496B0E, 0xEE38E40D, 0x47BC0402, 0x8AA35D3A, 0xF19A883D, 0x68F74451,
0x2BBF1B63, 0xFFD45065, 0xE4799B51, 0xFDDDFAC7, 0x7C7F21C3, 0x296C238C, 0xA2050FD8, 0xD9F6B337,
0x6D294C6E, 0xA1FBC130, 0xDDFB1A1C, 0x2F70CB16, 0xE62ECD46, 0xD9768B64, 0x51A89B6A, 0x01B9ED3C,
0xCAD9CC4F, 0x9FD4547D, 0x7CA0AD34, 0x81DA8410, 0xE2C5E049, 0xF3123F24, 0xFEA3C45F, 0xFE75957D,
0x32761A01, 0xF98CE972, 0xB8CC2F1D, 0xAB7048A2, 0x012FB36A, 0xC4AD5AE6, 0x13A1867C, 0x630EE8AF,
0x7F0F4E42, 0x5E32FBDA, 0xA7424009, 0xD6DC1249, 0xCFDA6B35, 0x18A3C919, 0xE3229F41, 0x75E08372,
0x0243BD2A, 0xD86A1409, 0x7DC0937D, 0xEE8D90CE, 0x0934BC40, 0x4508EE59, 0x03174219, 0xD6DAC673,
0x24E8B61C, 0x490F1FB7, 0xCB85D335, 0x0524F67C, 0x934F1652, 0xA6E80A1B, 0x16315070, 0x9E8A4E0E,
0x5485EEF5, 0x8C253168, 0xFC9B2E4B, 0x3EF4F41E, 0x1C22B96A, 0x1629F210, 0x6C5E3B50, 0x9F6605C8,
0xC0F3D332, 0x8CC31A5A, 0xA5E7907B, 0x8FDB6B25, 0xD0C47D4C, 0xF3DC3D18, 0x9FFB81AC, 0x901EA267,
0xDADBC041, 0xBFD48255, 0x6C60990E, 0x38AD6D3A, 0x61F2111F, 0x499FA110, 0xCD0A4070, 0xF9CF2F74,
0xBEC03748, 0x367FD19F, 0x01CA0F6A, 0x9728DE78, 0x1331D01F, 0x84B73F0D, 0x9FEA9375, 0x959BE346,
0xBFD97539, 0x1CFB1038, 0x3BD3D41C, 0x45580972, 0xE085666C, 0xAA19C769, 0xF6DF356E, 0x3FCF1FA4,
0xE01FECB9, 0x5B2D32A9, 0x4B6BA1C8, 0x2D06E14F, 0x07813F63, 0x05651D46, 0x8370252D, 0x12AE7068,
0x44853652, 0xBDCB0A0F, 0xBD736B7E, 0xA9D60773, 0x829BF95A, 0x81F4E704, 0x71C949B5, 0x6C51B491,
0x9225A0E7, 0x0678CBC2, 0x8ECF7820, 0x47D01529, 0x0FC8F27C, 0xB24BD509, 0x28B37D62, 0x18D88876,
0x5C654B27, 0xC699195C, 0xFEB5A278, 0x8C98B37C, 0x9D65753A, 0xD7D4962B, 0x503A4739, 0x91AB8860,
0xBA2653C1, 0x501931BD, 0xCFA5639A, 0x9E7D6BE9, 0x816DA93D, 0x3983FA4C, 0xD166CE27, 0xF7144F29,
0xCA9ECB76, 0xDB95F250, 0x545CAA5E, 0xE3B3001A, 0x2774281D, 0x47C5EA20, 0xDCFC1F2E, 0x79C5A710,
0x234E9440, 0xF7A87979, 0x7D23F262, 0x19064DF3, 0x4D3C8991, 0x3B5B9DE2, 0x627498D2, 0xF5BD003C,
0x478AC94E, 0xE4D6591C, 0x828DA328, 0x99319C21, 0x58F5A872, 0x93C0A55E, 0x35E6771E, 0x659AE96C,
0x2BA6A31D, 0x23882842, 0x2A7BA823, 0xC0B12D79, 0x7F541967, 0x1485CC72, 0xC44E077F, 0x6781ED05,
0xC452B54D, 0x71081827, 0xAADF635E, 0xAC61D596, 0xFBAF8740, 0x8DDD9B9F, 0xC2EBC318, 0xDBE382FF,
0x3EC93F11, 0x17E00987, 0x6A1ADB1B, 0xD70EFC48, 0x79261308, 0xACB4F65B, 0xF8175575, 0x4D2FD944,
0x77532829, 0x2AA4B51C, 0x9B297C15, 0x699E9FA6, 0x0BC8860E, 0xDBA8D411, 0x6FCD2F0B, 0x236CBA7F,
0x4A741A62, 0x6C1BDEC4, 0x1C8BAF15, 0xAB3DCB24, 0x165BAF5E, 0xE2EA400C, 0x01AB754A, 0x312EEC25,
0xED77E8F8, 0x9075601E, 0xCB41AD63, 0xDF6F8801, 0x21FC7B1B, 0x68B1252B, 0x44491423, 0xA9E64DD0,
0x1502815F, 0x9B80792E, 0x65E34F52, 0x25EB9554, 0x14CC224E, 0xCC55BF18, 0x7641D8BB, 0xBD2FB42E,
0x55813F4D, 0x086E6336, 0x054DBB53, 0x8C431038, 0x3D02575B, 0x75441412, 0xB7AC2B17, 0x2E419C07,
0xEB77DB47, 0x1F65E9A7, 0xE0328C08, 0xCC4C2054, 0xF49B654D, 0x948CC420, 0x72DCD710, 0xD0E80E49,
0x434F036B, 0x705C050D, 0x40069E77, 0x9F824C63, 0xD5E7A166, 0x9E797744, 0x4D348C4C, 0xC870E4FD,
0x911919A2, 0xE72846C2, 0xE35A3DB8, 0x592CC84A, 0xD31CBC2C, 0xE09A0A3C, 0x410D0377, 0xEA849779,
0x4E522102, 0xDB58D863, 0x5594977A, 0x73C1FC14, 0x32B7B514, 0x624AE557, 0x28EF48A9, 0x2B16CD91,
0x6F87B2F8, 0xF7FDA5AB, 0xAA625E0C, 0x7B239A56, 0xC984B653, 0xC6ECDD31, 0xB547F760, 0x6A88F157,
0xD047CA4D, 0x0237C573, 0xF3F79A3C, 0x80867039, 0x2AA4F341, 0x4C3EDE37, 0x66B10E41, 0x2D22AF26,
0x503D0BF8, 0xCB6E8FE0, 0x61129CAE, 0x236D83B8, 0xD010A970, 0xC592D22C, 0xA7BEB604, 0xCE42F131,
0x3B70F401, 0xDF59FB72, 0x5D079C30, 0x09185476, 0x35D6253C, 0x58CF2C1D, 0xFC5CB828, 0xB3BBBA0B,
0xB9EF9279, 0xA6B8BE25, 0xF607C776, 0x61F81CF2, 0xA45D41DF, 0x643C54E5, 0x0DF40FBC, 0xFD9A7D28,
0x95E94078, 0xFB328556, 0x1A11F853, 0x01DB2217, 0xD658CC65, 0x60270402, 0x1C8E8855, 0x9D1D3A55,
0xF1C06F5A, 0xBA4AAF7C, 0xA7FF625C, 0x395E5A01, 0xD2BB227A, 0x9257515C, 0xD63E8352, 0xA0B45470,
0xCCC75B74, 0x70F3DB23, 0xBBC8F452, 0xFAFEE888, 0xF8373F15, 0x9FFFD2A4, 0xFC28DD7B, 0xDC0EB1F5,
0x84650C72, 0x20225F8A, 0x4628CF48, 0x8531550A, 0xD0462678, 0x8825DE7C, 0xA99D227B, 0xE6CE2E26,
0xA2BB1610, 0x0E8A3D7F, 0x39DD5573, 0xCD8E2091, 0x090EBE19, 0xC1BAE507, 0x8BCB7234, 0x45C5515D,
0x131D8355, 0x003E38AF, 0xFA996A2E, 0x3059E366, 0x512A8203, 0x2D06F548, 0x4DE6CF49, 0xD80FBB46,
0x5392C2BA, 0x21C72E53, 0xCA925D7B, 0x32E15628, 0x7F88B75F, 0xC989097B, 0xC5FE3932, 0xF3E8E0C1,
0x20F3AD31, 0x1FB9BC4E, 0x29325F64, 0x26092540, 0xE8284E30, 0xDD6EA72B, 0x770AC881, 0x87A0854C,
0x8C84416C, 0x92852A09, 0x2E9FE93C, 0xB52F0F52, 0x3297DF69, 0x6987714B, 0x6C10F525, 0x2DF21205,
0xCDA7232E, 0x821B6A88, 0x57E0E66F, 0x03FC0922, 0x2F7F9002, 0xABFDB474, 0xD496425A, 0x2F9FED67,
0x4D710F25, 0x7495B627, 0x2AA7FF65, 0x58C0785B, 0x5C63EA06, 0xC3720A0A, 0x94EC146C, 0x123514DD,
0xB641E0AA, 0xCD5F67E4, 0x62785087, 0x3DAA621F, 0xA3E40539, 0xC76AEB44, 0xC6F28204, 0xA858C164,
0x200D3245, 0x9E209E3A, 0x4588B46E, 0x58014229, 0x08A9BC2A, 0x64403D3B, 0x5D4B75D4, 0xA135A4CA,
0x4A21F2C4, 0xFD55F5F9, 0xB13C1F25, 0xFCCDF721, 0x456BD575, 0xE03B8B08, 0xD5F15B24, 0x635FD13A,
0x18F8D819, 0x2CC0193A, 0x59F0E839, 0xE594A128, 0x4871E251, 0x0CD0613D, 0x3D67C540, 0x6AB9755A,
0x5754538A, 0x7E26EEC1, 0x111F49C7, 0x3ECADAB4, 0x63343D0E, 0x62671E7F, 0x14B5EF24, 0x8FBAD946,
0x2A94561B, 0x70990B67, 0x005DB137, 0x5484C314, 0x5369C038, 0x661B5E0E, 0x582DE855, 0xF1BF9345,
0x8AB39A70, 0x7FFAF23B, 0xF627341E, 0x737F18A8, 0x26885EAF, 0xBDC510D2, 0x2D4D9EA8, 0x1CFCEF2B,
0xB269E660, 0x36CF5413, 0x0859FC18, 0x5799D314, 0x7D52AC5C, 0x54E5C74E, 0x03E3FD06, 0x921C1C62,
0x0ECEB92B, 0x0506C42B, 0x3E4CD51E, 0x4DE72041, 0x196DFC12, 0x684C1708, 0x139A6258, 0xDE787907,
0x64FB9D24, 0x62DC0E20, 0x650B0F18, 0xE44F48AF, 0x20606A18, 0xA53B76D2, 0x12892C68, 0xF5EB60AA,
0xF66D2510, 0x8B003D99, 0x47B0607E, 0xA024CF3E, 0xC156BC4B, 0x8CCA473E, 0x9347F33A, 0xA740E17C,
0xA471254B, 0x03B2A228, 0xA2FCD748, 0xE4F671C6, 0x80430753, 0x80DC5F7B, 0x09D6BC18, 0x0A505E2C,
0xB8127B4A, 0x0E1382F3, 0xB0682A0C, 0x468F8142, 0x64F70679, 0xF8887061, 0x283C7936, 0x15329022,
0x0D3CF19D, 0xBB0AF520, 0x867AE262, 0x9715917B, 0xFB098E3A, 0x91339244, 0x7B3A8836, 0x7ABF26EC,
0x1845450F, 0x81D35330, 0x79403C02, 0x120D5467, 0xC5AFA443, 0x63B41D34, 0x3ADE2BAA, 0x78079624,
0xBAD8FD65, 0xBE0EE261, 0xBF856614, 0x4D761861, 0x05F6611F, 0x7F45F66B, 0xDE49F259, 0xB708A47A,
0x1F37085B, 0x4345BE88, 0x67812826, 0x1B458853, 0x33A33C70, 0x10F8B92F, 0x0271581B, 0xAAA3C023,
0xA101725C, 0xF1BE9058, 0xDF88AE78, 0x4DEFA947, 0xA5E3C37E, 0xDE95BA71, 0x4F286758, 0x88FE0895,
0xB3F2F180, 0x5D0418A5, 0x7DB171A5, 0xD4CB5A09, 0xDA73A71B, 0x7390E37D, 0xEF530F06, 0xCF507C61,
0x5A6CAB7E, 0xCBD08E2F, 0x57D07F61, 0xDFC8A93B, 0xE8108D5E, 0x22A3AD07, 0x226E27CD, 0xEE041CA3,
0x5CEECBD5, 0xD8F53BDA, 0x5D63F853, 0x385C861B, 0x7749AC0F, 0xAB1BFE0C, 0xE1F89B34, 0xDAFB5C66,
0xA8C9434A, 0x1673A829, 0x8A4DF25C, 0x80468874, 0xDE5EE550, 0x6B48220B, 0xBB39DA2F, 0x6B6C2419,
0x1251C2AE, 0xF4FA06A2, 0xDD103DBD, 0x06F0F4F3, 0x02939358, 0x3D2C1C10, 0x9CFED92D, 0x31EC8337,
0xF3660C2F, 0xD7547B05, 0x6DE53E32, 0x0026EB79, 0x00E5BD0C, 0x3431B800, 0xC8249D2F, 0x8A5F7151,
0x1C92E953, 0xB118F36E, 0xB129623E, 0x89D88EB3, 0x3F0CDEC6, 0x375BF690, 0x7DB909DA, 0xE1A0D47C,
0x37BBC919, 0x6AC6501D, 0x0DAF0A39, 0x9C864834, 0xFAB7B654, 0x73FDAC57, 0x34B84D35, 0xDE224B15,
0x8AA0F86A, 0xF3886010, 0xB85DBA3A, 0x7D250569, 0x5633A70B, 0xF6285F3F, 0x22A1714B, 0x5BC9B815,
0x193CBA52, 0x76CBE75A, 0x6907AB44, 0x98CE32BE, 0x6852ED34, 0x4305DE90, 0xD77F0D55, 0x04C78D9A,
0x5530616D, 0xD91282CC, 0x1388AD28, 0x7E274641, 0xE6434D3A, 0x15DB7F0A, 0xC8068171, 0xB5576B07,
0x9B8ED95C, 0x7085F842, 0x13245212, 0x3F0BA1A3, 0xF6557D0C, 0xD22A8A36, 0x52849861, 0xAA361F20,
0x7ADE3E61, 0x9ADCF7E6, 0x7891BC5B, 0x4850DA08, 0xDE5D8770, 0x5E131968, 0xE934D933, 0xBB3B1C74,
0x63E710C9, 0xC2C40717, 0x5566CD1C, 0x536FC05D, 0xC343E243, 0xA6683866, 0xE702D433, 0xD1CF039E,
0x6BEEA444, 0xDD00052E, 0x43BBA965, 0x1DCF6468, 0x8F627F24, 0x8CFDDA02, 0xF6022CA5, 0x30604B31,
0x716EB80E, 0xC28FED76, 0xD7A6CC69, 0xE7156114, 0x95FB2029, 0x3B95237E, 0x8744CE29, 0xD622236B,
0xCC22A707, 0x7FAF66E3, 0xB781A91D, 0xE628154F, 0x68F00E18, 0xFDB39A09, 0xA126C17F, 0xED81B060,
0x937FA164, 0x9C0AB620, 0xCF310075, 0x16C2E409, 0x438DB456, 0x6BE0D74F, 0xAA24BB15, 0x7E59D1D6,
0xAF60FFEF, 0x4817FDF0, 0xA5A162EA, 0x8BC1B81E, 0xE56AE314, 0xCEEC891D, 0xD2FBB009, 0x3CF8433E,
0xBBFE151B, 0xFC34135E, 0x27EB6514, 0xA1084F3F, 0xF21CE222, 0x7C6BAF61, 0x326B4EEC, 0xF428ABF7,
0x7260D3B2, 0x3A8B3FE5, 0x54165919, 0x234F4526, 0x9ED10E66, 0xEC0A7002, 0x4AA10742, 0xDE8BA650,
0x2FA0AD30, 0x9EB62C75, 0x5DFD7161, 0xD26A2622, 0x1C686243, 0xEF63C246, 0xB847C50E, 0x18335A20,
0xBBFE36BC, 0xB34D6FC1, 0xBEBE4192, 0x634DCBBD, 0x6CF7F766, 0xA332E05A, 0x20CEAD21, 0x45650E1C,
0xD90C657D, 0x35548516, 0x14E56221, 0x754B9016, 0x3C6B2858, 0x4338DD22, 0x184A7971, 0x50B7B81D,
0xA820735D, 0xF871DA1D, 0x9FEAB854, 0x3016DF92, 0x0CBB4983, 0x59B1CEED, 0xB45F85A9, 0x6C142F75,
0xE80D9163, 0xDF93907B, 0xE4A5BD19, 0x05C75720, 0x2A499C5A, 0x6C376375, 0xF5EEAF21, 0x177D3609,
0xA9492673, 0xFB561010, 0xA6BED92F, 0xC8D63E03, 0x1602A53F, 0x91B89E68, 0x983AA368, 0x432A3B26,
0x468C217A, 0xA703BB48, 0x1A944102, 0xD5846BD7, 0xFC676167, 0x027157D8, 0x8D8A5A4A, 0xABEC1DCB,
0x31D50359, 0xFB80DBD1, 0x11E3742B, 0x5CCF4806, 0xBEB8C621, 0x3BC05A54, 0x2479015F, 0xF040D07B,
0xD0FEF32F, 0x4F97A81B, 0x2E2D771E, 0x5D265C88, 0xD51ACE7C, 0xDD6EFF29, 0x06A1730E, 0x44727B7E,
0x523A5D68, 0x0516B79B, 0x60A4F303, 0x75EAEB23, 0xD5257841, 0xBADA3263, 0xBC0C296E, 0xDA09FA7B,
0xEFECD0CC, 0xB9C63743, 0x85877B26, 0xE4E50D38, 0xDF199903, 0x0EAA7528, 0x92C5EE11, 0x6A405DB8,
0xC3DD1011, 0xD2D13C26, 0x8DDF4373, 0x377EB259, 0x4CB6682B, 0xEF84EE66, 0x954EB0B2, 0xABAC6B51,
0x62A20A26, 0xD88B1C2B, 0x19D0C52D, 0x2EEDF870, 0xB71C0115, 0x5EC79A7C, 0xCFDF6D4D, 0xE4591241,
0x38EE2C12, 0xAD6CC3E6, 0xC4841778, 0xA3FE2672, 0xF256AD11, 0x991D4009, 0x973C6347, 0x00C1604F,
0x806F4973, 0x29A26A2B, 0xBBF16D34, 0xB2845269, 0x63D50F4E, 0x34076B1F, 0x065D6D70, 0x0DF6D3ED,
0xDF1A4195, 0x7ED2D9D4, 0xC31FC5ED, 0x67507417, 0x937E994A, 0x03C83A2B, 0x83A5E624, 0xE56B4730,
0xD36DC864, 0x2272555C, 0xF12FCD5F, 0x65637370, 0x23969F02, 0xD374B202, 0x6A0620B1, 0xF4D33DC4,
0xA338BCA0, 0x8C9E5EA7, 0x45347831, 0xC6D9D733, 0x16875170, 0x50A44733, 0xDDA1BC7D, 0x11F1850A,
0x4C947179, 0x0B142076, 0x7E144B59, 0x06247358, 0x7363D025, 0x0A7FD66C, 0x6B73543A, 0xE22E6E1E,
0x4654D7B8, 0x9F985EFA, 0x7BDB2BA8, 0x9B476DA4, 0x3D77F54B, 0x379AAE1D, 0xBE1B1D01, 0x82C4A931,
0xBBC59210, 0xBB39814D, 0xF40DF251, 0xC37E3E0C, 0xB8F38201, 0x03F8242D, 0x943E7E56, 0x2527134A,
0x5ED28722, 0x9C5DB465, 0x1190B763, 0x386965CD, 0xC904FCD7, 0xEEEBCDC0, 0x8C3B468F, 0xE520E313,
0x1A3D8E5E, 0x035FB457, 0xF077113F, 0x93E0514E, 0xB878520C, 0x343EFD12, 0x59AB5706, 0x09F3C043,
0x5D4FF45D, 0x52702B0A, 0x74CEDA23, 0x57E75062, 0xA7284344, 0x3B79C63B, 0xEA804509, 0xEF65BE5E,
0xD421465A, 0x0F453972, 0xD9807251, 0x50D333B2, 0x89859729, 0x47EB34EF, 0xD6A3CC3A, 0x75AF6AF0,
0x89967C49, 0xEE38C095, 0xF3227072, 0xEFE84962, 0x3732117E, 0x1AF8347F, 0x4521C224, 0x7CA20546,
0x4A64841A, 0x03BF7F1D, 0xBD789E6B, 0x7A74B48E, 0xDB30AA4E, 0x0631984E, 0xCE181021, 0x01669463,
0x2AC11778, 0x5642F0E1, 0x3EBB5043, 0xDC6E4B24, 0x7952F435, 0x72228122, 0x56AFC738, 0x6AD13135,
0x2AF65BE8, 0x3CA01A63, 0xDD1A872F, 0xFD0C9715, 0xCA415419, 0xBB3BCF2F, 0x5C67665E, 0xF7C0BAD1,
0x06CF846D, 0x859C1350, 0x7CCC1919, 0x482C4722, 0xCF86DD3D, 0x95516F6F, 0xE775EB82, 0xD7A6EA5E,
0xD75DAC3C, 0x83D6F044, 0xE1AE7222, 0xF398FB36, 0xD1F4EC4A, 0xE78CF30B, 0x2C5DC719, 0x0D5E786D,
0x1147A927, 0x6ED8DF83, 0x80E33F20, 0x11644833, 0x91470326, 0x8F75F57E, 0x601E8255, 0xF63CBB6F,
0x73A6880F, 0x1B354575, 0x00A9482F, 0x92DB6578, 0x7F5DCE28, 0xC1A63920, 0x6A437526, 0x1012EDE2,
0x4B9E0AC6, 0x8111FB8B, 0x750FA5A0, 0xE2083231, 0x2D493F6E, 0xC24A016C, 0xF4044D1C, 0x64E4333D,
0x55B07C5C, 0xAF0ACA1E, 0x90D4D568, 0xB929F440, 0x5D8AD47E, 0xF802A605, 0x5AF55F8E, 0xBF960BE3,
0x06020580, 0xD1DFE2A6, 0x3FB46446, 0x371C4617, 0x0B6B9221, 0xE72CB200, 0xE67D8F0B, 0xD1FDBA5E,
0x1EA1B473, 0xDF8A6E6D, 0x4916FF0D, 0xD6DAFA12, 0x18930400, 0x2F0B9C7A, 0x85AF1736, 0x13D1B13A,
0x737E00F4, 0xBE58F08D, 0xF58A04EE, 0x39CBE1F0, 0xEBC14821, 0xCC0E8C4C, 0x78BCE05B, 0xE4ACE05F,
0x32A4E22E, 0x27684331, 0xE36C6942, 0xF7193C52, 0xD3D46F4F, 0xAABF9125, 0x7BF31929, 0x36B8FD09,
0xDE34D66F, 0x710BB933, 0x43807D7F, 0xD5A469D5, 0x82CF9BDA, 0x5F75418D, 0xDCB21BE5, 0xDCD0746B,
0x09D07D07, 0x0F5AC71D, 0x6A44B44E, 0x3DF7EE68, 0xFFD7C313, 0xB3A4F17F, 0x7FD2BB66, 0x0282552B,
0x924D4C26, 0x4176CA25, 0x4070B64A, 0xE9B34009, 0x48884E50, 0x3329EF61, 0xBD8D1452, 0x4ECC2B5E,
0xE301A06B, 0x9C2FA649, 0x61AB4F62, 0x6908A1FD, 0xA135BD5D, 0xC1168CC9, 0xA855E50C, 0x5B8C98A4,
0xF8F07904, 0x3B55A281, 0x652CAC33, 0xA01D391A, 0xDA30AA24, 0xDEA4585D, 0x4E644104, 0x7A21883B,
0x3C4CE321, 0xF1181018, 0xFCF90D5C, 0x915278CA, 0x2CEB946D, 0xEEBCDF2C, 0xD69D1769, 0x361FA31D,
0x75DF1709, 0x203BC9AD, 0xAEC3D84C, 0x9B2AE04E, 0x4B05E540, 0x0CC9B32F, 0x400B286C, 0x503A3C66,
0x785703B0, 0x604E9A25, 0x8E5A0752, 0xDF357B1D, 0x25F65F46, 0xBAA8D822, 0xBCB52631, 0x59623BEA,
0x05A6272B, 0x72EA061C, 0x9CAED646, 0xD053A353, 0xEB569005, 0x7416E661, 0x236DCDBE, 0xEF238607,
0x2C789B67, 0x3FFBCE09, 0x311BC55B, 0xF7520A11, 0xD80EBD3D, 0xA0DAFB08, 0x04CDB35B, 0xB59E570F,
0x37F9DC6C, 0x14C6B3A9, 0x987C1250, 0xB4BB1A71, 0x0096E56C, 0x8ACE112B, 0xF97C507A, 0x97CC3730,
0x26DB692B, 0xE3490225, 0x7528E32F, 0x174F6B28, 0xE4AFF363, 0xD750F73E, 0x06C93E21, 0xB8FE45AA,
0x66A576F5, 0xBB1945DE, 0xF53F1C91, 0x6E00E671, 0xF2E27E51, 0x1ED73C3F, 0x311AA37E, 0x1B62AC04,
0x4DC0F348, 0x31FDBF2C, 0x83782B5D, 0x3AD38051, 0x07499F55, 0x7022AD52, 0x49C0C5FB, 0xEF7DC1C6,
0x5295A5EB, 0x769E478A, 0xA8A8AC20, 0x0AE7686A, 0xFCC1CA0D, 0xF0D4EB44, 0x45474A65, 0xEA2FC915,
0x25CFA473, 0x799B5347, 0xFB65B669, 0xDE96D05F, 0x658C4D4D, 0xE02AE54B, 0x6BD56D29, 0xB236C714,
0xF2766383, 0xA34915CD, 0x11F2A8D9, 0xB4DB6DCA, 0x05409D0D, 0xA38EED20, 0xDDF52851, 0xC2DEB31F,
0x56067216, 0x67FD3D09, 0x2A487152, 0xECAD5358, 0x68803710, 0xAE9D4743, 0xC0A32E09, 0x08D75A78,
0x82FEB024, 0x9F7FEB54, 0x63D49258, 0x6D1A0EB7, 0xEA2068C6, 0xC57266F2, 0x160FD2BF, 0x6F0BA450,
0xC1F54263, 0xD7255473, 0xF19B2825, 0x700EA842, 0x0EA43E7F, 0xFAC75E0A, 0xF6FE5170, 0x672A4528,
0xCB26E636, 0x707FA238, 0x57637867, 0xAC5B3431, 0xC7837629, 0x8A564B2B, 0x1BC05925, 0xF0E1C834,
0xF0821D41, 0x2C452478, 0x1A513326, 0xB0BF6EFF, 0x5C42C261, 0x1A8631BA, 0x2984A260, 0xA97421B9,
0x0C1C3071, 0x694BC79F, 0xA5C6EC77, 0x947A2973, 0xB99C0F42, 0x5125045E, 0x7D0DA97D, 0x80305217,
0x8F7E4627, 0xF28D3F15, 0xF410D424, 0x6A8D98E2, 0xDA5A3701, 0x3112B35A, 0x3A7A7B40, 0x2218675B,
0xAC13A052, 0xAE3F7E85, 0x439A0C46, 0xCA3C576B, 0x7CFF9401, 0x2BE92F48, 0x0E2EC10B, 0x306E2E69,
0xC02CF7AB, 0x32505242, 0xA3CD9260, 0xFAA0774F, 0x5260043C, 0x5DD3C65B, 0xB1AA767F, 0xD1365F8F,
0x16C91B7B, 0x5BEA622F, 0x4F520938, 0xA7E61522, 0x6BD0B749, 0xCADE4E7F, 0x863C73B0, 0x58263150,
0x26309E03, 0x43415F7D, 0x1A717115, 0x2B3FC767, 0x2478BD46, 0xF1C5E926, 0x691E2773, 0x74B9E65D,
0x5B252E7A, 0x77874ECB, 0xC9DE861D, 0x516BF741, 0x68CAEE14, 0x7C2ECA1D, 0x80F61A4B, 0x87FAF744,
0xFFD54479, 0xE928CF57, 0x98ECC07B, 0x36652A1A, 0x8212166C, 0x0E09D207, 0xA4ECF333, 0xA919E682,
0x27165DE2, 0x9D3E5DDD, 0xA0F0A9F3, 0x6988240F, 0x11228D3D, 0xD511D37A, 0xD486DA40, 0x5324B907,
0x6A67C377, 0xC19FDB2B, 0x64C63A37, 0x6B31B612, 0x0F86E80C, 0x5EBEE27F, 0x972B61E1, 0x529F2BE4,
0xB9154D9F, 0xA9DF0EBC, 0xC02EF563, 0xB44CF92E, 0x2E7A480F, 0x15DDFA20, 0x9C4F4E4F, 0xF6430B27,
0xCABF2856, 0xF09DBF31, 0x0A702359, 0xAA66245D, 0xBAD40E3C, 0x97AC9D38, 0xD2E1D978, 0x9688C346,
0x7C8290D4, 0x2060DFCC, 0x548068BF, 0x48C179DB, 0x0EFAAE3E, 0xA9EA0A4D, 0x879ED01E, 0xC7A29461,
0xA91E3512, 0x08E9965C, 0x9EDD2837, 0xACE2DB54, 0x522FB951, 0xE7A9CC6C, 0xAE749713, 0xCACE9257,
0x7A595C67, 0xB737F778, 0x13545547, 0x3E25ACF4, 0x37B0A491, 0x38A696F5, 0x6F60988B, 0x5B3EE001,
0xC0AB5F1A, 0x60A6E848, 0xA2444637, 0x078EF530, 0xF77BC24E, 0xD167B933, 0x05F98432, 0x756A0351,
0x95265B75, 0xC704B302, 0x5F107A39, 0x5632BD04, 0xBEE1B503, 0x45A5EC2B, 0xB01FED6F, 0x86DF2563,
0xB59A7830, 0x2FFB9F0C, 0xE67F1521, 0x421339C5, 0xDA75CB1C, 0xC88587C3, 0xF0F8E117, 0x167CF19C,
0x67CC187B, 0x778076F4, 0xAA465929, 0x7B01067B, 0x950BC24E, 0x2A640F5E, 0x3F72793E, 0x0A44A831,
0x8F732F7F, 0x7E002020, 0x33220573, 0x4942EDC7, 0xE367620C, 0xA4A4A66E, 0x8DD3AB3E, 0x9C7D0052,
0x803D4330, 0x5AA62C81, 0x0338B92A, 0xEC17E25F, 0x5EE54422, 0x3EB6F748, 0x4736A003, 0xE3FFD613,
0x60C9BFB7, 0x8F0FA57E, 0xD68CFF39, 0x7720015D, 0x8F305F4E, 0xDCA13908, 0x456B9A0F, 0x46ACECA9,
0xC2515472, 0xFECC725C, 0x7793D145, 0x0EB4B737, 0xBD742576, 0x826A5C08, 0x23EBA0A3, 0x5BE8D22D,
0xC41F1C0F, 0xBA5DF21B, 0xB1E21E3A, 0x5EB37A65, 0xD417FA74, 0x1F8BE40B, 0x4CEC053F, 0x4908D728,
0x35055024, 0xE2F91DB7, 0xEFC58F24, 0xA67B1F59, 0xB2F62E7C, 0xD24FE342, 0xA26BED54, 0x7D6E1923,
0x2D2AFE4A, 0xD4093876, 0x534BF52B, 0x00B4E960, 0xE822D60F, 0x98D0772C, 0xF1B9C10C, 0x66EFD5B8,
0xF76896F9, 0x7C5EA5A1, 0x33B25097, 0xDF0E091C, 0x17CCBF0D, 0xB9D18425, 0x5BB37E01, 0x2CDA1036,
0xA6718522, 0xD7AD7A13, 0x3C5EE857, 0x87245518, 0xC7EAF608, 0xB2878E38, 0x131DE39A, 0xEF65FA9E,
0x24938CE3, 0xA324CCA0, 0x98A34328, 0xC8A6AF6E, 0xD0413221, 0x218CAB28, 0xB4D21035, 0xCB10C067,
0xA698C12E, 0x884B7B7C, 0x1489822F, 0x8EC01A50, 0x3D4CB705, 0xC6A95761, 0x12A2CF15, 0xE27B1A0A,
0xE5DAC8C0, 0xD63CF9FD, 0xD3C612C4, 0x3F73FEFA, 0x05102E70, 0x7FB4CB65, 0x5B82D10F, 0x058A7101,
0x472BB136, 0x3CF86D74, 0x1464AA6A, 0xD8031F20, 0xD0D8AE19, 0xCD81EF55, 0x13D0372B, 0x46B68016,
0xEBFA370B, 0x0960956A, 0x36366432, 0x6A78D5CB, 0xFA7D6FD1, 0xB26C3FC4, 0xFE22D2DF, 0x3ED3C019,
0x6101233D, 0xCC69953B, 0x22F49142, 0x42547320, 0xD2C7D120, 0xE70D575C, 0xCBC58C0D, 0x063ED334,
0xA73A5F1E, 0x1DB1AF14, 0x23FBFF50, 0x6C212A73, 0xE5694E6C, 0x2FF83B55, 0xB0941045, 0xF568D50B,
0x6ECADA61, 0x44AB846D, 0xA3C40B1D, 0x4307C2A6, 0x074CC368, 0xEA4C5EA1, 0xF3D98242, 0xEB9CFCF9,
0x61220A3B, 0xEF5D148A, 0x58992714, 0x63731916, 0x1314B71D, 0x807AD20F, 0x42EBF271, 0xF9329F38,
0xD5D9D841, 0x90C0B743, 0x890A7419, 0xD49A58D8, 0x9A723B40, 0x94450477, 0x0927F11A, 0x2E1A143F,
0xD731A046, 0x04FD3291, 0x19A9D366, 0xB9FF3D7C, 0x7156711C, 0x3D8A786E, 0x554E6B57, 0xAAC99971,
0xE65252AB, 0x4453DC44, 0x88ECCE73, 0x9B77F42A, 0x51BEC81D, 0x9093925E, 0xDD3A9074, 0xED453FB5,
0xA1A8EF62, 0x036DE639, 0x02F0BF2C, 0x3BCBFB68, 0x7C9CFA66, 0x06243D49, 0x131134C6, 0xC8403603,
0x6897E707, 0x78CD4872, 0x13167145, 0x67D28664, 0x4DBA8C7A, 0xBFC22D69, 0x5EE31F1F, 0xC0876050,
0x46CB3373, 0x8EE188E2, 0x367B2012, 0xBB5BDC52, 0xA92D9555, 0x23C5970D, 0x1C52BD63, 0xA1572B4B,
0x3E246471, 0x0C69B948, 0x6D5F926D, 0xC88D936C, 0xC166666B, 0xAE181B3F, 0x57179B2D, 0x1389F6AC,
0x99292BDC, 0x6264A098, 0x568ECAFB, 0xDCD99B4F, 0xE6F2A761, 0x14756E67, 0xA6470062, 0xBAF27222,
0xF75D6006, 0x1E6E7B19, 0x36F3CE3F, 0x9DDC3565, 0xCBA5A549, 0x0D3A357D, 0xF64C02F5, 0xA9A057DB,
0x691365CD, 0x29EB2F8C, 0x59DF3878, 0xA83C6122, 0xF089F138, 0x4D19AE7F, 0xAF97E814, 0x07A69B56,
0x18475F23, 0x18B1452C, 0xC3C4F531, 0x9536000D, 0x78CFA826, 0x0A66F322, 0x388AB314, 0xFDF2EB70,
0xD1C4EECF, 0x25278F85, 0xCFB0CBE5, 0x0B46528F, 0xA64D9E6F, 0x5CC78610, 0x574F701F, 0xFC79120C,
0xDACF4226, 0x070D826E, 0xC44A006D, 0x79A1B822, 0xEE84085D, 0xB2145207, 0x574A2A39, 0x1BE09144,
0x991A233E, 0xAEEDE52B, 0x253FD64C, 0xAE9CE39B, 0xF28C4893, 0x1D0F00C5, 0x8A82A1C1, 0xFC16D177,
0x34ADA645, 0xAB4CE36F, 0x4DADDF72, 0x6ED1760C, 0xA619EC5F, 0x5D425570, 0xD9155651, 0x7423D468,
0x31176E02, 0xA1660931, 0x7DCD301F, 0x60E73377, 0x52A0F123, 0x86EB542A, 0xFC8DD13B, 0x17A0DA1F,
0x9856B41D, 0x6245D66D, 0xDD19646E, 0x08A5EEDD, 0xF2D43767, 0x166F36A2, 0x0335D414, 0x15C2A1CA,
0x35C8E170, 0x48E670C7, 0x0A3C0427, 0x14D1EC4D, 0x8E9FB704, 0xEAEFB20D, 0x2180BA6E, 0x71BBE014,
0xCED4BC47, 0x00380252, 0x96EFFC7A, 0xC858DE96, 0x7F209A7B, 0xC96F0778, 0x30D69601, 0xC8B40605,
0x39C48D01, 0xE7644E9E, 0xDD991C18, 0xA913664C, 0xF3FD062B, 0x21A9D244, 0x99723C77, 0xE6CFCA1E,
0xBB8E259F, 0xC4440433, 0x17DBEF3C, 0xECB9564D, 0xA716817C, 0x41E5B56C, 0x68A11815, 0xB41B33B1,
0x9764C87D, 0x10882703, 0x5A282A57, 0xDAC79744, 0x9F6FE848, 0x204AEA55, 0xEB1033A7, 0x53FCF146,
0xE8EAC54A, 0x0FF22E1D, 0x3C6C1E14, 0x0B825C3A, 0x1327A601, 0x06FDC96B, 0xC5034723, 0xF5F43330,
0x36747D6D, 0xDD541EC1, 0xFDDA500E, 0xC3CAB300, 0x1D24AC7B, 0x2B77BB06, 0x00706006, 0x3416C03B,
0x2CF5D763, 0x0E115162, 0xE87FFC19, 0xEE1CFC1C, 0xF7395479, 0x24C86308, 0x3CB1C06D, 0x63389997,
0xB9A248C8, 0x3B6D08B6, 0x1CF2E7E3, 0x113C0A29, 0xCE8A260A, 0x2C632E70, 0x0752D260, 0xE72B9A47,
0x8046E62A, 0x3FE0CD61, 0x02E8EB7B, 0x12AFC704, 0xD134D80B, 0x16002248, 0x55F8DAD4, 0x296DF9AA,
0x5CC0CDB1, 0x245F08DB, 0x2AC63630, 0xB3827A5E, 0xAB84E459, 0x4F8D8A65, 0xDEC54966, 0x8B85A50E,
0x4DEDE008, 0xC8382F6B, 0x3A2C0A5B, 0xFDF75353, 0x540B6C69, 0x25528C43, 0x19BEA41B, 0xA6728231,
0xA87BA0D8, 0x8ED271E2, 0xCA4E5AB8, 0x888447A6, 0xFAF71F4E, 0x22DBCF07, 0xE20A502E, 0x1750006E,
0x57D24049, 0xF4625860, 0x8541D522, 0xD7884C0F, 0x37E4E574, 0x7B515F5E, 0x37ECDF70, 0x21E9EA71,
0xD1A25441, 0xBD8C8C78, 0x0D7A0F11, 0x5D6223F5, 0xBBEFB7C6, 0xAC337EB9, 0xCEA08AA2, 0x8ABBE109,
0x354E7379, 0xC4A6E67D, 0xD4FCDC5E, 0xA9628670, 0x55118072, 0xA50EF774, 0x4ADF770C, 0x2E02A405,
0xD1A8524D, 0x31063B73, 0xF84AA752, 0x07A5AA05, 0x76510123, 0x1BBD8E1C, 0x10FC5633, 0xFC452860,
0x649E526F, 0xA265F779, 0xE081130C, 0x4C339994, 0x89E0CF0C, 0xCD4AC2EF, 0x8BCCED3F, 0x44DF1493,
0xF1544935, 0xAB9936F4, 0xE544204E, 0xE0D3A579, 0x2E2F975F, 0xB4DD6148, 0x1F0C7A56, 0xA089524B,
0xB6F37011, 0xA367D23F, 0x5BD36038, 0xEBCB09DF, 0x246FE915, 0x3B652069, 0x2FF25918, 0x62FFA873,
0x6771781C, 0x0DF8B8A3, 0x3B1C031D, 0x06B96C41, 0x2E88DE6C, 0xB4F63C72, 0xAEC7DE35, 0x0FDB540A,
0xA53968FF, 0xED30C52C, 0x93C95979, 0x1693666D, 0xE75E2768, 0x92164F79, 0x5BAC227F, 0x7AE9D3E8,
0x34DD6043, 0xAD196878, 0x6A2C4B3E, 0x98394630, 0xC7CE3A3F, 0x3EC5B47E, 0x712EDEFC, 0x20C3B708,
0xDB1C523C, 0xD51B236E, 0x92ABEC7C, 0xF6571A54, 0xE538873D, 0x0228C764, 0x1F5D9825, 0x5BA58502,
0xF9A6495E, 0x3168B88F, 0x0FD0194C, 0x6069FB57, 0x4B5A4843, 0xEEEA8852, 0xBE2FB849, 0xD5378F28,
0x05DC6528, 0x89B6A955, 0xBF2F3E21, 0xDDDC231A, 0x8318A366, 0xB918723E, 0x5EF43E3B, 0xD8109C89,
0xEAD78EA6, 0x0A5370DF, 0xBCCB04BD, 0x30A7F674, 0xF603CC40, 0x59B3EC17, 0x4DF97728, 0xFED6270B,
0x655D8762, 0x8BF2891A, 0xB98E3A59, 0xD71F660E, 0x6B67A657, 0xD042FA2A, 0xBC4EFEF8, 0x7FF19DD7,
0xDE6508F6, 0xF3D8A6DC, 0x136BC268, 0x9B410505, 0x14305534, 0x0250EF4C, 0x59B3DF06, 0xD436F255,
0xC56E2F11, 0x40548115, 0xBEC0F94A, 0x6F1F1F54, 0xFB38D934, 0x6CAFD23F, 0x2B97727A, 0x5B9E555D,
0x6C9A34E9, 0xA576DB93, 0xC68FC498, 0x37CCCE86, 0x8154E119, 0xFD7E8223, 0xC3A3D576, 0x27DC9077,
0x15594526, 0xFD453335, 0xD9495011, 0xE0FA0059, 0xF7588B16, 0xE3114A21, 0xF4901D26, 0xBFE19E47,
0xCE124E44, 0x795C4454, 0x903C5759, 0x21CE30A6, 0xB765ABA8, 0x451391D8, 0x2789AFAC, 0x2EB8826B,
0xF019E477, 0x6B7E4063, 0x4F5EE219, 0xCA9BA557, 0xFFF8410A, 0x99724561, 0x55FA701D, 0xBC94A709,
0xF3CCC174, 0x7F6FD474, 0x683BC07F, 0xE2A68844, 0x7319BF0B, 0x849DA967, 0x85AB266D, 0x82B2A035,
0xDBB2A06D, 0x2DA1515B, 0x61C99A52, 0xBE4393EA, 0x1E5DF664, 0xCCFA16BA, 0x9A5AFC63, 0xC00FA0A2,
0x7BAA3E39, 0x20924888, 0x1F236F58, 0x0BD5C072, 0x20FB783E, 0xFF276562, 0xE6DD8854, 0xE9F6582E,
0xACA7701E, 0x9800C202, 0x8BFC0C59, 0xAB3C99C5, 0xDEEA9628, 0x8EB8A527, 0x19C41E05, 0xE7340E6F,
0x1342DE1C, 0xBC597AAC, 0xCA27EE55, 0xB8747C15, 0x8B861B58, 0x8BA3F039, 0x0FA65567, 0xCE102E0D,
0xCEBE60BA, 0xB9E75127, 0x5344C812, 0x66E76C04, 0x6B2B3F77, 0x188F183F, 0x1292D236, 0x55450FE0,
0x39CCAB42, 0x3ACE257F, 0x66986A5D, 0x84920A45, 0x8544B448, 0x32EA5866, 0xF45728B3, 0xE4DA1606,
0x82AA7655, 0x60896535, 0x43647E30, 0x6E6AC047, 0x7915472B, 0x12C0917E, 0x0108076A, 0x0F9BEB2D,
0x3DA1EA0B, 0x34A577A2, 0x8147FE43, 0x18E3B367, 0x7F837A6A, 0xFE65FA32, 0x3B1E6A2A, 0x08E4602B,
0xBB24DA6E, 0x79D40D04, 0x2002262C, 0x6C0F4F3D, 0x76BCBC35, 0xC62DA026, 0x52EE0717, 0x71C5E9B6,
0xB0C1ABE9, 0xA1E6C68A, 0xC6369AA0, 0xD38EC365, 0xEA0EAE21, 0x66B2C30B, 0x1CA6D428, 0x9C9F9F27,
0x3056CE1A, 0x7DF51757, 0x9E05C24D, 0x39D4E302, 0xC2FC657F, 0xAED20A6F, 0x06A81CBB, 0xE7D408C6,
0xB352E0D1, 0xC982E6AF, 0x51FE7202, 0x8CBAD50A, 0x36FC6824, 0x8A26917F, 0xB2FCB90F, 0x2954963C,
0xBD5F2838, 0x5B894648, 0x02ADDC31, 0x28D0100B, 0xA891B72E, 0x8F1A595A, 0xDEEBC654, 0x0B553603,
0x5898B9C8, 0x9F98FAC1, 0xE52BF7D8, 0x63F32CF1, 0x86C3F950, 0x9B95B540, 0xE1CF456E, 0x4A63CA7A,
0xA80C137C, 0x38916E65, 0x6E00BA68, 0x5245C12F, 0x712D3A39, 0x99F1EE32, 0x74C4B633, 0x3FBC5C0D,
0xFF6FD12A, 0x8E183C2C, 0x375F951C, 0x49F176A1, 0x058C8DAE, 0x039DEAE5, 0xE66A348B, 0xB2EEE077,
0x69964A0D, 0xE1D94300, 0x1CC3F112, 0x40A7D374, 0x02A4C450, 0xA974AD75, 0xFDAF3A04, 0x26A0D455,
0x873E7334, 0x0B30E47F, 0x934D4D38, 0x35AF8A78, 0x0303126D, 0xD4A71D15, 0xD52D6B28, 0xF5483C07,
0xD9E1403D, 0x36B8B15A, 0x2825966E, 0x7C6A4DC2, 0xB96C4857, 0x493FD59E, 0xDD170155, 0xF9B1A393,
0x63EAE21F, 0xAE8392EE, 0xA5421919, 0x05499C46, 0x59EE4B0C, 0x52883632, 0x0B1FCF18, 0x6AF4106A,
0x33933D67, 0xBA1B174F, 0x9DE0B342, 0x46CCF396, 0x74749258, 0x9F6E357A, 0x3DAC7518, 0x59648C21,
0xA139F756, 0x20CB49FD, 0x552FE06E, 0x2A585B73, 0xD86E914D, 0xF55C515C, 0x1D9FDA61, 0x4ED6D422,
0xF5CCA189, 0x59FD012D, 0x4154721E, 0x3E3C300B, 0x166C571C, 0xE99E2424, 0xC7C33C23, 0x0E8E85B2,
0x3176AC2C, 0xF6276D14, 0x8DE50564, 0xC5AA3926, 0x115A9308, 0x8A95F525, 0x5984F3AC, 0x9C805D68,
0x61B6F93E, 0x18908A24, 0x616C3802, 0x5E0C6559, 0xDBF42A07, 0xBEAF6541, 0x4981AA32, 0xE2CC4C44,
0x9045E367, 0xD73B7DEF, 0x5E134C4F, 0x094D742C, 0x15CEFA3A, 0x576BDD49, 0x1DE8F028, 0xE5FCAF6C,
0x5351DF09, 0x7350DE01, 0x6EFCCF2B, 0x73F3C531, 0xC28AA012, 0xB1DE7012, 0x849BE714, 0x63AA999B,
0x1F5099DA, 0x76B6A7AB, 0xC507DDBE, 0x805B3926, 0x8343F60B, 0x18589700, 0xB4FE4A6A, 0xCA252943,
0x35966E78, 0x632EEA60, 0xF167CD44, 0x9B9CFA2B, 0x89CE1178, 0x2AD4F57E, 0x44B191F0, 0x9599AF83,
0x90BB21B2, 0xB1CD45C9, 0x4EFD5E65, 0x5989566B, 0x0385770D, 0x38732B52, 0x0AD0741E, 0xEA71723E,
0x70A2E82A, 0xF32BBD05, 0x92F0BC4B, 0xB111AB50, 0x02BAFC71, 0x3F5FF346, 0x2A27F31D, 0x9067A33B,
0x46AD43E3, 0x0653D4F5, 0x303E63E4, 0xFC8C7BC9, 0x34F7D322, 0xEDF4870C, 0xBE0C9A01, 0xC2EB1F4B,
0xD6CB7B32, 0xCD5CB251, 0xD8A8920F, 0xAB0DD813, 0x264AEE13, 0xD1C0FC78, 0x51B6637A, 0xFC92550D,
0x45806326, 0x7B09AC32, 0x7D988757, 0xDF9B50DA, 0xE8AD01F9, 0x04808291, 0x0182E8C8, 0xE3EC765B,
0xACBBDA6A, 0xD76B383F, 0xAA344E6A, 0x20417C23, 0xF9C3C02E, 0xD7A40A7F, 0xBC5F8B21, 0xAB1B6167,
0x07BF4615, 0x5A829E6E, 0xAC088F37, 0x2C11A832, 0x730B9B69, 0x2C547C71, 0x0962DF71, 0xC7FC3648,
0x458C2C40, 0xF9293B28, 0x8E0BDF5C, 0xC29706E2, 0x27231A09, 0x97BDF598, 0xA1C1982F, 0x53047C9B,
0x4A1AE420, 0xE068BCA5, 0xB8BD865F, 0x4E253C67, 0x2320145D, 0x9CEF5D0B, 0x9DFC3B5E, 0x11E6CE1F,
0xEAB0AD2F, 0xFDB8974F, 0x28276B06, 0x808510D9, 0x36D3C22D, 0x9D09E233, 0xFBEFD210, 0x13749C39,
0xC0E72E7D, 0xF837D48E, 0x47D53459, 0x869B8F6B, 0xEBD5BD30, 0x0D9D4F2B, 0xE1017145, 0x809C4857,
0xB1CF3CE2, 0x7A62335E, 0xA7AEA039, 0xEA04743C, 0xACB26164, 0x3B6CBB44, 0xFBF22C28, 0xC138FDA9,
0x7C2AAB54, 0xBFC6A75B, 0xCCBC151C, 0x8075B81E, 0x8F3AFE4D, 0x900AFD05, 0x62FF80FA, 0xBC07FD3C,
0xEB984E3A, 0xC7D6A733, 0x497EBD14, 0x083BCE1C, 0xF9A19B13, 0x4D3B1B72, 0xDF707627, 0x93E1BF63,
0x1961F253, 0x15628BC5, 0xC2E9BE32, 0x61B07518, 0x95D68720, 0xA9E4D536, 0x83FB6628, 0xF0E94463,
0x83F38828, 0xD1B5255F, 0x25B5846E, 0xE3A0205F, 0x8A778F51, 0xD89DC74E, 0xEFAA0572, 0xB6FC2ECD,
0x48DDAB80, 0x9C5008D1, 0xB21C4782, 0x0D489C27, 0xDE57332A, 0x0E22903D, 0x9051702E, 0x9F80847D,
0xBE36832C, 0x60C11172, 0x1B3E6449, 0x8B6DE063, 0x86EAF76E, 0xBBA9E566, 0xA9402A99, 0x1BC525E4,
0x3FE0FDDA, 0x72A3BCD8, 0x74566F03, 0x3614246C, 0x98E4D136, 0x6BCBBB51, 0x5D31BE5D, 0x93506012,
0x861D1D06, 0xED43A975, 0x8DFBD244, 0x9278413B, 0xB7C2B372, 0xAF162259, 0x0935023D, 0x5DD75E33,
0x16510AA6, 0xBEE38CDA, 0x51E40BF0, 0x131126CE, 0xF9210067, 0x3C243C5D, 0x57200E61, 0x8B1DBC27,
0x58483336, 0x98415A67, 0x52629730, 0x327B780C, 0x0A36BA16, 0x93534E4E, 0xD6D44933, 0xA8B9C13A,
0x817E707F, 0x964B7F2B, 0xEFE11F54, 0x6E99ADF8, 0x7D0D8283, 0x15DA4DDE, 0x9A7BF1F6, 0xC2C17F6A,
0x501DBA43, 0x7D839B4D, 0xAB08E92B, 0x2C662650, 0xF2716973, 0xA909DB10, 0xBEA45631, 0x700BB052,
0x2054F80B, 0x9A57A916, 0x931EE056, 0xF3E7C10A, 0xB9F66A7B, 0xA8F7416A, 0x9E946752, 0x30FE3954,
0xF1F2FD62, 0x01ABAF25, 0xA5075A41, 0xE6B4CBB0, 0x15B7E669, 0x5FC9099B, 0xEDECAE32, 0xACED40B0,
0xA4D5497E, 0xA1F991B8, 0x4DDC9C70, 0x0D2D5D71, 0x6DBDE056, 0x2CEE4941, 0x4FCA6D75, 0x00084B36,
0xD60B5962, 0x69D78855, 0x81DB9B56, 0x8FC5C7DC, 0x42987830, 0x2B78BB1A, 0x0F30F421, 0xD60CA622,
0x82B4E408, 0x87C902EC, 0x16CDCC26, 0xA92C9247, 0xF8AEE729, 0x1A13F81A, 0xE8267950, 0x8E53FE3B,
0x054452D8, 0x1F4FCE0E, 0xA6C0F43A, 0x1C0BD233, 0xF3565603, 0xEDAFFE34, 0x0CDC0949, 0xD2B69F9F,
0xB25E085D, 0x63165F63, 0xA9C12827, 0x6D30F46E, 0x369D1B49, 0xC24E4270, 0x86BFE0C3, 0x37558E72,
0x1FFBC107, 0x46A6FD42, 0xC4710A45, 0x2E394479, 0xBCE5157B, 0x76BCE845, 0xFA9BFF58, 0x74944766,
0xE1107177, 0x6D3D34F9, 0x4821F118, 0x6903312D, 0x3B14672B, 0x48F9AA0D, 0xC5F79454, 0xFF68D309,
0x9CDBC93F, 0x5BBD761D, 0xA73A292C, 0x22B92361, 0xC6FA5723, 0x00FAB77C, 0x8F16B242, 0x36202CC9,
0xB93755A5, 0x0657B3A9, 0xD5FEAB9F, 0x35D71246, 0xD0710B27, 0x7364C53C, 0x63603D4C, 0x0DBB2D46,
0x01FA7966, 0x9D20327E, 0xF883CA62, 0xF0D32E25, 0xBC660970, 0xED49AB08, 0xF80C528D, 0x801844C1,
0x96F9C8EA, 0x1ABF4A9A, 0x3E308E6C, 0x6E79C53F, 0xF93B7C76, 0xE055795F, 0xA026F06A, 0xBD6BFA30,
0x2AF00807, 0xD1E56F44, 0x8B97DD63, 0xCB14443D, 0x865B343B, 0x93CE0811, 0xD07C5F7E, 0x8EC41D42,
0x5A85F2B5, 0x028A9ED9, 0x1C7343CA, 0xB8197099, 0x68A89E76, 0x79A2A923, 0x3BD0922D, 0x6E848B51,
0x3A5A4170, 0x15CEB733, 0x402EEA00, 0x3025D83E, 0x3716704C, 0x431CAF17, 0xAA63EE26, 0xD1BE3058,
0xFFBFEE11, 0xBD19E757, 0x8E036D38, 0x30FA0CCA, 0xF4ED839E, 0xE10323C3, 0x2EF0C1A5, 0x30835021,
0xED512868, 0x668A621A, 0xA904F27E, 0x6707737E, 0x40EE8706, 0x2BD4924A, 0x4BB35510, 0xDF2F0F05,
0x8070C414, 0x3700AF79, 0xDD49B078, 0xAB5FA145, 0xCEF62848, 0xAF691178, 0x6822C954, 0x3113D77A,
0x6CB3664A, 0xAF08152F, 0x763E774A, 0x6F976DC5, 0x89DEC601, 0x665FB7DB, 0xE4ABBA18, 0x663604F7,
0x77B5A928, 0x7DF0BA86, 0x00EFE24E, 0xDFCF0E57, 0x14637250, 0x23C8C667, 0x1BF9204D, 0x9B7A6820,
0xCC02CA66, 0x8FB6EF58, 0xCC0B386A, 0x9ECFC9A7, 0x0157482C, 0xC177CF53, 0xFDAD3501, 0x5ACF3E4A,
0x08B2B05D, 0x20DD069A, 0x2B96E574, 0x22A2770F, 0xDB5A3C2C, 0x7542DC21, 0x99A18366, 0x94DD7F67,
0xBDBD3DC4, 0xD67A4077, 0x03CC1A5D, 0xDBDAD063, 0x61056F14, 0x3FF02D1C, 0xB93C4B41, 0x2C591995,
0xDCB42A50, 0xA23D0C69, 0x6D990A06, 0x5DDB2B55, 0xDA7C7B71, 0x0CAD121C, 0x574701C4, 0x2C931D19,
0xCB953B2F, 0x9BF6AC11, 0x38CB1220, 0x506DFA00, 0x33C4DD5A, 0x48AF4003, 0x5CCD4165, 0xADCE4117,
0x7C03C74F, 0xD49CB6CA, 0x15C6474E, 0x4E6D3918, 0x87F8404F, 0xD98D981A, 0xC3BBE354, 0x2AED0B7F,
0x78ADE908, 0xBE223136, 0x18F4791B, 0x58D1482B, 0x5789A649, 0x27503B05, 0x46620103, 0x236F2192,
0xD9B0A7FD, 0x7CB5C0F1, 0x3EF50CCF, 0x1A4D4A62, 0xB1149326, 0xA5EE4D18, 0x5E97D95B, 0x6AE42C13,
0xF113AE1C, 0xFA9B543D, 0x3AB4856C, 0x367C8068, 0x50456F00, 0xF886214B, 0x246066C7, 0xDEE97893,
0xFA6C0386, 0x7B4E82A7, 0xE6EFEC32, 0x45AB3A51, 0x2E95556C, 0xFC46DB7C, 0xCC8D5640, 0x40873823,
0xA967D76D, 0x927BD44F, 0xC2C1B139, 0x690C842C, 0xFA6DAD6A, 0xBE63A379, 0x5F147455, 0x7B4E4A46,
0xC8C5CBA7, 0xB83E959A, 0x89EF2A86, 0x81FD1BF0, 0x7756BE36, 0x6A284E28, 0x23BD617E, 0xE6909968,
0x87A5D069, 0x64648B7B, 0xDD7ECA3E, 0x05565C10, 0x1626A614, 0x4E35D525, 0xD188405E, 0xCAE8214A,
0xAA7C0834, 0x7701FB73, 0xA8DA4933, 0x91E5CFC1, 0xD855CECD, 0x260A98E4, 0x0F2434FD, 0xC3964D67,
0xDD3ADB5D, 0x1441644C, 0xBEE25C6E, 0x9A17924F, 0x205DF029, 0xDDC14151, 0xF9EF7B41, 0x8E350029,
0xFEAC7821, 0x61660871, 0x2CB9B443, 0xC1BA4639, 0xEBA6AD01, 0xDEB8E472, 0xD5AB8D76, 0x1B5D801A,
0xEA593B3A, 0x993ACA7F, 0xE5F13300, 0xF67B01EA, 0x547CDE2C, 0xE80728B2, 0x1EDE5368, 0x605B56AD,
0x61F10F5A, 0xC6503CF3, 0x58CB0051, 0x67064801, 0x7F24AF53, 0x5260DD19, 0x31C03457, 0x69FF891E,
0x4A68E55C, 0x6480243C, 0xA7BA7F39, 0x1A0ECFA3, 0xAC308B2E, 0x30F9EC3F, 0x1C333611, 0x0FB9711F,
0x8939F543, 0x37311EA0, 0x1BEE7328, 0x84A44234, 0x32FEFC68, 0x8057B67C, 0x68D94778, 0xD4D5C742,
0x246A85E2, 0xA2A46660, 0x4EA9C32B, 0x8537F34D, 0xFFFE9553, 0x70C2015A, 0xD4FF9B1A, 0x475BFAA3,
0x9580AB1D, 0x7DC07D10, 0x5776F969, 0xA79F5035, 0x48484350, 0xAB1F6900, 0x8722F2DF, 0xDCB7961F,
0x2348026F, 0xE5DAFF0B, 0xAB50230E, 0x34F0E749, 0x692B622E, 0xCA9D4839, 0x11701D5B, 0x5945FF1B,
0x795A035A, 0xAFA92CBE, 0x0D024D39, 0x67C06E76, 0x29CB2470, 0x68A9030A, 0x5F000022, 0xA80DAF31,
0xD5CA0929, 0x42E93B4D, 0xC9102915, 0xBDA6D10B, 0xB70FE92B, 0x5791461B, 0x40EE1D1F, 0x3EDC6BFE,
0x068AC3F6, 0xA6BF9487, 0x706C87F0, 0x9C1C0926, 0x5E2B4E3D, 0x4B61A75B, 0x286F7E4C, 0x51A4675F,
0x1C536124, 0xD9189A05, 0xA77E1C22, 0x874BF956, 0x8B161944, 0xB783183A, 0x8A471FDA, 0x72A0BEA8,
0x5F85B5A4, 0x0908C0D0, 0x19D27D2E, 0xA497CA1D, 0xBF58D56E, 0xA0DFFA4E, 0x561A2352, 0x93074B51,
0x746D914B, 0x001ED151, 0x03E68B32, 0xFC2A4110, 0x0E27A354, 0x04A77F54, 0x5EAFBE25, 0xC90E831D,
0x4A41B4A0, 0x01DF47B7, 0x3525E5E1, 0x19A7D49C, 0x3DA6E712, 0xE870FB0A, 0x0FF8CC6D, 0xF39B736F,
0xF880F93B, 0x9F5F204E, 0x444A845A, 0x2BA80457, 0xB2105C70, 0xF04DBD59, 0xC30A5022, 0x3A35473D,
0x37518102, 0x1E80C120, 0x687FAD6F, 0x012260FB, 0xA8112D80, 0xC422769F, 0xF8206097, 0x01EC9412,
0xE7CEAD45, 0x4B68AB21, 0x3E86B063, 0x4E9F051A, 0x13808245, 0xCADD0A03, 0x15F9372C, 0x5A57C214,
0x6164710E, 0xDB6F7409, 0x98552C31, 0x0D93B957, 0x9B1AF505, 0x3EFBEA2F, 0xDA262A24, 0x1EE0E500,
0xF090B253, 0x53FC9409, 0x14AC7807, 0x5992D7DF, 0x55006A3F, 0x0869E1E4, 0xC54E816F, 0x83B163C3,
0xEA9BF876, 0xBB389086, 0xD06C0A03, 0xABF1C600, 0xEB201B3A, 0x11D8BB0D, 0x87A92029, 0x5E35BD52,
0xCF5F051F, 0xFDF6D515, 0xD66A5D2C, 0xB77AC5CC, 0x304F923F, 0xA032F537, 0x9C8A4414, 0xC5B82E42,
0x14EFE125, 0xE4F9B3E5, 0xA864BB45, 0xB976BA3C, 0xF7287C17, 0x37103D0B, 0x8DFD8C6C, 0x65947C09,
0x992C2DAA, 0x5666A809, 0xCCE3F26A, 0x3AA7907A, 0xF1928479, 0xB0DA4136, 0xF3D8A408, 0xA30DA9EC,
0x93ECBA3B, 0x97A84252, 0xAE77EB79, 0xAA9A9946, 0xFD6A3A72, 0x27278E4B, 0x2C414087, 0x6FC68119,
0xFD39CA6F, 0x891A5B23, 0xC1BC1D63, 0xF29D8A20, 0xAD19DD22, 0x7763B74F, 0xE0FBF92D, 0xBBAEEE3E,
0xC681722E, 0x70EA5FAE, 0x15524246, 0xB8787136, 0x7283CD62, 0xA9EE6729, 0x9E11FC6B, 0x64BAC650,
0x5361F64E, 0xF4E3032B, 0xC70D3A09, 0x67CA5410, 0x57928217, 0x2A16201A, 0x20F8367D, 0x51E54387,
0x544CB8A1, 0x8A8230C2, 0xC8DD83A7, 0x9CAA0F44, 0x6CE92A24, 0xDD193854, 0xC44C7157, 0xBC84B70F,
0xE53D3E70, 0xF3E8A430, 0x567B0F36, 0xB5068B19, 0x2F4CF84A, 0xC6D57041, 0x2B0B488B, 0x9C42408F,
0x62483ECA, 0x99D696B2, 0x59C6F059, 0x3942BB56, 0xC945DE56, 0x51801D56, 0x9185E769, 0xC082642C,
0xF4E0CA04, 0x6206DA07, 0x690A972E, 0x8AC7B273, 0xECFB7015, 0x8C629C61, 0xE4B15B19, 0xFCAA0809,
0xF73E56DC, 0x2306CBDD, 0x4F4373D4, 0x3FF7E18C, 0x7A983A29, 0xC7D9827D, 0x7A40ED03, 0x0D691669,
0xC6AC6E4C, 0xCAB93C69, 0x4859FC1F, 0xA164957D, 0xAC002927, 0x00AAA31E, 0x92E52E69, 0x836A5866,
0x6714E97C, 0x72C17E37, 0x4B15210E, 0x185C6A8D, 0xC60F7AF7, 0x8D767B9B, 0xF8C526AE, 0x844B536F,
0x9191DA60, 0x1CFFCE19, 0x96A81D59, 0xA35F133D, 0xC942C949, 0x5403227E, 0x0E6AF04A, 0xBBB5FF23,
0x90270877, 0x24691A34, 0xFCEE170A, 0x32F26240, 0xDFF6A055, 0xD21BDD4A, 0xB183816D, 0xD7A4DD0A,
0x92222E5F, 0x2BE80121, 0x2C838766, 0xCE9968C0, 0xEE015618, 0x17F5D1C3, 0x8ACC1B7C, 0xA3AD91EE,
0x4451890E, 0xCDB2149F, 0xC23CDE2E, 0xFEFA0D77, 0x61318F4D, 0x84D40C44, 0x48573754, 0x41EDB82B,
0x33C63B47, 0x2A1FB801, 0x43E80E19, 0xA50A62CD, 0xD370F97B, 0x031EC665, 0x09364704, 0x7EB69C0A,
0xC74D761A, 0x58422EAF, 0x8D1BB401, 0x4C2C1B05, 0x66E2F753, 0x5FB58A14, 0x8B1C7844, 0xB682C50A,
0xE799D9B9, 0x0F4F500A, 0x29ED911A, 0x7B9A1403, 0xD8778C6F, 0xE88B7F0E, 0xC0A30E7E, 0x740B64B2,
0xCA1FAA7C, 0x443E4E31, 0xCD47653A, 0x7458DA4D, 0x44A3B133, 0xA43DAA0B, 0xB9C61CCA, 0x321AA25E,
0x1564DF11, 0xB4C2447A, 0x0037E816, 0x9EBB640F, 0x200DB11F, 0xEC1FCB22, 0x0FD14C06, 0x52D01E6F,
0x04B95525, 0x48C061E6, 0x54B9FE2E, 0x169D4321, 0xBEACD834, 0x67AB1C65, 0x6B707B7A, 0xD6024E30,
0xC291B14E, 0x0AFA4639, 0xAD9FB32A, 0x9FDEF665, 0x75D52470, 0x308A6406, 0x8E7B6179, 0xDC3CEBDD,
0xEABF3FBF, 0x180A43BA, 0xACBAC5A0, 0x4A842213, 0xA1E2A55A, 0xEE338E3C, 0xAB7CE827, 0x82FBA439,
0xBA31E433, 0x0E95BB1E, 0x0606CD20, 0xA445F606, 0xFF850600, 0x52721760, 0x3CB156AF, 0x3C38CE84,
0x209E37B4, 0x0F7434C0, 0xCB1D622E, 0x5EF2CB2D, 0x1AD65060, 0xBDA85650, 0xE45A0476, 0x9BC90A3F,
0x1525DE14, 0x32C59645, 0x71468424, 0x8EFC7A3A, 0x5453E811, 0xF98AFC78, 0x5F6C9642, 0x570CAB10,
0x516D02CF, 0xE24797C2, 0x5BAB0FA1, 0x6B53DDEC, 0x0B342D19, 0x58DDCD19, 0xB94F2150, 0x4F637A59,
0x170E617C, 0xA262814B, 0xB5DE9E57, 0x5C14FE1D, 0x0174EC16, 0xBDE52B44, 0xD77AA02A, 0x8BEE2944,
0x2AACC822, 0x577D002E, 0xCBB1EF29, 0xEAD847CD, 0xC76F51F2, 0xA1C518E1, 0xE5A05AAE, 0x38124E52,
0x4801C521, 0x4A31EB08, 0xD5FA9F19, 0xFAB3454F, 0xE9F1856B, 0x47419022, 0x9B465B1D, 0xEFFC8A5E,
0x55E49004, 0x112CA534, 0x2F62C63F, 0x2CAECC37, 0x2D584738, 0x04393B07, 0x96AA9A69, 0x9BC05A61,
0x687D243F, 0xCC693552, 0x926DDD3A, 0xBF5B85B2, 0x2AF15371, 0xD4F40983, 0xDD5ACA0C, 0xEF8FB0C2,
0x5DFD8F50, 0x464FABCA, 0x51E26A61, 0x0AC3385E, 0x2D79AA30, 0x8D08A53E, 0x30260C6E, 0x50DFF25A,
0xC5A9607E, 0xFFF74300, 0x2D555A7C, 0xDAD467EB, 0x94910A03, 0x62004761, 0x7266D07D, 0x60766505,
0x202C4B3B, 0xB941F2C6, 0x25998260, 0x93078A74, 0x71A7B379, 0xB599CD0C, 0xD6E74C43, 0x9521FE71,
0x301F58D6, 0x0897354E, 0xAE1AE223, 0x2211B105, 0xDBB8C524, 0x9E23366C, 0xA2E7BE03, 0x5D57FCC9,
0x1845620D, 0xADD22C4C, 0xFED6E136, 0x955BA550, 0xCE3CA11F, 0x4A71BD6C, 0xD063B3AB, 0x3B0C6A01,
0x5FA5CB3F, 0x86677670, 0xD6D28C35, 0x90AB8B39, 0xF25C696D, 0x0B39C020, 0xB6D3D435, 0xB585D225,
0x9A80F133, 0x91FCBAB3, 0x6A55C962, 0xAE404C1B, 0x27F9B918, 0xC2E84A7E, 0x15735F4B, 0xFE59A93C,
0x0FABEE14, 0x2DC6234C, 0x956E0349, 0x4B87DA3B, 0x05A61A51, 0xFB4DC53B, 0x128DFA38, 0x0F249B98,
0x8A86B6A6, 0xCB9B3DE7, 0x99114DD5, 0xA21AED57, 0xD3E29832, 0xFE0CD71D, 0x046A2074, 0x3CE5ED24,
0x4F49B51B, 0x1D291024, 0xEB1D0D68, 0x67FE1377, 0x8E2E182F, 0xB5DDA914, 0x336C84B9, 0xE78419F3,
0x192B29FF, 0xD97E09A5, 0xE47EF94C, 0xFCF67D6A, 0x805AAD43, 0xBC8F0E42, 0x9204F955, 0x0CFDE268,
0x9DE3D10B, 0x4B053F0D, 0x2402AA4A, 0x8DB90940, 0x76C0F75B, 0xCB159D2A, 0xF442E904, 0x5963005E,
0xB2C3D58E, 0xD17EC1E3, 0xF8929D9E, 0xF388E69D, 0x37348B53, 0x28C6C37D, 0xC927FB75, 0xDA88083F,
0xAFE92948, 0x58681F02, 0x6C704825, 0xA2177410, 0x89DCC55B, 0xCDC4255C, 0x6D9D0A5D, 0xD4A27F60,
0x56D62D14, 0xA2FFC06B, 0x75213102, 0xDF8EB5F2, 0x3630AC94, 0x8BDE99FE, 0xBF150BE0, 0x6BC25F66,
0x10E59E4C, 0xA7479F52, 0x889CFD06, 0x77AB0D6D, 0xFC81C34D, 0x5A1B3613, 0x963E9B76, 0x5AE9357B,
0x9FFD795E, 0x5916FF2B, 0x2B84A262, 0x9C12D402, 0xB73DED7F, 0xC972D644, 0x34F8A870, 0x470A4F7A,
0x6B23DD47, 0x7A20AA65, 0x007EF96D, 0xB511D4AE, 0x3EFBD26D, 0xA63EDCFE, 0xF3569922, 0xF4C50AA1,
0xAF69AF08, 0xBE2393B6, 0xCB0C3F5F, 0xF65A2B29, 0xAF068823, 0x947A5846, 0xABBC8439, 0x108D761D,
0x8EDFF072, 0xB5763F5B, 0x6B68AE38, 0xEF34E58D, 0xADAA9F63, 0x67175157, 0x88440837, 0x3F53F343,
0xA902E405, 0x79CA82E0, 0x7CF2DB26, 0x2ED62A5B, 0x3DB4D439, 0xBD58B17A, 0x70149D20, 0x0361ED17,
0x6DE5DA96, 0xBE253C2E, 0xA66C6E15, 0x1A6C1F38, 0xE1B26B08, 0x63996E3B, 0x06482C61, 0x8F6E82E0,
0x18D15E5F, 0x86C4387A, 0x16D3860C, 0xEFC59A6C, 0xF4D6C831, 0x9C42B01A, 0x0D92F3A1, 0xEE4AEC50,
0x11D8D417, 0x5F3AF829, 0x84949E53, 0x35CB1206, 0xC9FDB163, 0x09EC8360, 0x5383BA14, 0x0340A475,
0x7048792A, 0x45CF3FCC, 0x4958223F, 0x23F22F4A, 0x9E5A0B6C, 0xF748DC3A, 0x581D8F20, 0x04090961,
0xB1F7AE5A, 0x0AE1CA28, 0x2226F803, 0x8808EB33, 0xA72B9C33, 0x3E5D220D, 0x6E39B32F, 0x66F665D1,
0x960F5BE3, 0x6B967CE6, 0x9767D39A, 0xCCA86138, 0xF7EE2547, 0x54F46517, 0x24FF315E, 0x4198AC6C,
0xB7DEEC6E, 0xE632C629, 0x3D3DDA45, 0x81A4F818, 0x32114233, 0xA2B10078, 0x006E87A9, 0xDFE9A6F5,
0x3E84ECA0, 0x54170ABF, 0x1297DB25, 0x3E51EA29, 0x7321B358, 0x8EAA3A66, 0x03FE5036, 0xA4D1FC03,
0x762B7D56, 0x0C023C26, 0x776F5048, 0xCAB5450B, 0xA638151A, 0xB425F858, 0x7F1D2852, 0x5DAAD917,
0x3948D9B7, 0x242D4ACA, 0xB2758BD7, 0x0B177688, 0xF86B935C, 0xE9C27077, 0x7BC2443F, 0x45B31C47,
0xDBBF7D73, 0x0BC1052B, 0x774DA16D, 0x53FA9640, 0x9827D22F, 0xAAF59A0E, 0xA2871944, 0xAF5B4700,
0x204E304C, 0x6FE31A7C, 0x76065F3C, 0x12F4969E, 0xA2F844F3, 0xFCCD6FC1, 0xDADADAFF, 0xD02E5226,
0x3893007E, 0x41BA1269, 0xE520CC07, 0x6F4FC96C, 0xE3949778, 0x8CF8A94D, 0x4A6B3E45, 0x19E6246E,
0xD7A75D49, 0xD9EF7E71, 0xB3FF1279, 0xE8FD4D77, 0xBC230159, 0x0BEB2847, 0x59E00262, 0x18A14C19,
0x98BF1E2F, 0x668E3448, 0x0CA6D46D, 0x1BF0E6A8, 0x73605857, 0x185D6EBE, 0xE5801A41, 0x77B260FA,
0x6BDF5F12, 0x2E1E39AD, 0xB86A2367, 0x675A6511, 0x9D1ED83F, 0x2C59CF1E, 0x078FBB20, 0xB05C322F,
0xDD89A744, 0xAB609B7E, 0xF27B673E, 0xFB5C388F, 0xA79BA251, 0x9C77E77D, 0xFE32C679, 0xD30AB719,
0xD29B985E, 0xDD7DDFF2, 0xBE825F5E, 0x4250337C, 0xCE0F4C17, 0x1099897D, 0xE159887A, 0x16308733,
0x4BD191DA, 0xC6CC886C, 0x011A232D, 0x1D4CFD60, 0xBDBB2E35, 0x07012422, 0xA23AA039, 0x71C02AD3,
0x31AD784F, 0x8C7DC430, 0x9B81E308, 0x66D91700, 0xAE71685F, 0xE5C2E903, 0xFB113693, 0x9E41786B,
0x54E3FC10, 0x6D6CD055, 0x8C014A1A, 0x96A8861E, 0xC97E5244, 0xA3745670, 0x56933752, 0xFB3DFF5A,
0x6E120877, 0xA6990BFF, 0xD780D24C, 0xB233DB3B, 0x2F9A9803, 0x6BDED92F, 0xEC419628, 0xA0508F46,
0x5C94FD30, 0x37787960, 0x71FC3174, 0x8A169C6E, 0x388EE37A, 0x8AF6321C, 0xED834D09, 0x7D8ED9A3,
0xFF7516AC, 0x28132694, 0xE9AFBB92, 0x422D6C75, 0xF4395564, 0xAFA0CC47, 0xA634EB20, 0x60D8904B,
0xE48D7F29, 0xA1DFEC22, 0xD1919B1F, 0xAEE2E304, 0x7695315B, 0x31F8E551, 0xBC4B00D8, 0x089BADCE,
0x5AD113FE, 0xB7C167CC, 0x67C9F02C, 0xAE988055, 0x0811CF47, 0xF714DF58, 0xE2F6DF07, 0x85A1071E,
0xA71A7E3C, 0x40976352, 0x35125D51, 0x97ECE313, 0x919EED07, 0xA80EB50A, 0x6D200A1B, 0x14961B51,
0x3A2D8786, 0x3931A5D8, 0x08702ECD, 0x4A9840C6, 0xF7486C1B, 0x1CF24829, 0x614A306F, 0x72A2FF0D,
0x7921472A, 0xF42DBA5E, 0x2B878A6D, 0xCB246575, 0xD24E446B, 0x32E78C6D, 0xA0571362, 0xC3B36812,
0x7BE8996D, 0xDB177569, 0x3CB83952, 0x72377D8C, 0x891AF1FC, 0x87B5F9C1, 0x782B32D1, 0xA41E797F,
0x335AFF70, 0xA991DE22, 0xAFA6815F, 0x785DE967, 0xB2809C48, 0x1A953762, 0x4CEAAC2C, 0x06D0900A,
0x32F5614E, 0x04AEB447, 0x673A295D, 0x65443D08, 0x5AE9BC5E, 0x39ECF62A, 0xAACBED0D, 0x91F4DE62,
0x1C5E043D, 0x56C22147, 0xB2D8F565, 0x9E1B7988, 0xE76ECD7E, 0x956B31B9, 0x4E6D5D2C, 0x5B9217CC,
0x67C8771E, 0x2DF2B6C9, 0x9441CF50, 0xE9EFA712, 0xE4FEBF19, 0x33D7E10C, 0x0C956A64, 0x3293EC51,
0x0E2E5A15, 0x1DB91665, 0x671AAA0D, 0x44444090, 0xC6E56F0B, 0x6B2FF915, 0x87CE4B2E, 0x6AA1EF3B,
0xC9AEF04E, 0xCFB194C8, 0x3C93570F, 0x158A7D4A, 0xABCD8D29, 0x09C5CA1C, 0x9A9E3C06, 0xA5E5EE68,
0x0A0A0DE1, 0x3CA3ED6B, 0x0DD80D09, 0x61B2B22E, 0x5818E112, 0x318C2D62, 0xCD12734F, 0xA8C1A392,
0x02268777, 0xD851D056, 0x75A40639, 0x2A57945F, 0xCCBDA854, 0xBE426923, 0x4575C8DB, 0xCF8EAF7D,
0x704A833D, 0xCF2AF752, 0xE97AD705, 0xF50D3204, 0x88CFDB60, 0x23F29A20, 0x91F7AE6F, 0xF0F4C00C,
0x74D00958, 0x8502B39E, 0xEE13F107, 0x574C5D72, 0xEFBA8613, 0x9CB34975, 0x20733210, 0x2588B020,
0xDAE3CA45, 0x10ADB113, 0xF5DC6405, 0xCBCE5D28, 0xC498432C, 0x4ABED93D, 0xA940C259, 0x017EDA8A,
0xB504A1B7, 0xBB92C6F2, 0x28DF03FF, 0x21ED6B00, 0x56553722, 0x6C1E4329, 0x4FBA0057, 0x8A2D2913,
0xEDC20515, 0xF8FD4B72, 0xA4986A1B, 0x2043E873, 0x44D4F258, 0xFCCD6B10, 0x5B514198, 0xBA6BD3A0,
0x45904AFF, 0x097A29E8, 0xA49CED2C, 0x34CEE502, 0xADAA4664, 0x45216C75, 0x9188A102, 0xDA9F550C,
0x8162127D, 0xEEDAA361, 0x55AC6E43, 0x98760D32, 0xB1B04336, 0x13876144, 0x47991A6C, 0x3088786C,
0x01BA92A6, 0x496C8690, 0xCD4BD9F0, 0xED59AAC8, 0x764EA32F, 0x9FED533C, 0xA42D8D58, 0x2B60FF7D,
0x77EB412A, 0x26F9AD42, 0xA7A9B649, 0xC249E723, 0x2CE59D39, 0xB976987A, 0xB0DB1A54, 0xDE4EA335,
0xB849481C, 0xC638BF02, 0x41CB8506, 0x0273A6D1, 0xEE424299, 0x621CCE93, 0xE7DC1A89, 0x4E71F85B,
0x391A2130, 0x2CAF1B1E, 0x245A1F4E, 0xC2183606, 0xCCED984C, 0xB8DCB018, 0x9FCB5158, 0x492C610A,
0x61F12626, 0x41257F3F, 0x0B1C9149, 0x6EEBFA72, 0x48AAD74E, 0xFD61CC16, 0x857EDF04, 0x4594A925,
0xF353D958, 0x601C3047, 0xE56B4C51, 0x949EFCA7, 0x626CE475, 0xCB65B9C6, 0x5E623972, 0x3168EDFF,
0xF8F18B00, 0x9A3162C2, 0xDF64285F, 0xE800405F, 0x01CA9D6C, 0xE28D513C, 0x94964071, 0xE26AB62F,
0x18564712, 0x3B3DBB27, 0xD2B37D60, 0x16485BD0, 0x46021861, 0x2F9C6513, 0xE869DE28, 0xB871171A,
0x89D32C1B, 0x2BD13BDA, 0xBC53F23D, 0x6261850D, 0xBEBC003B, 0x1C53F37D, 0x96B9E475, 0x1B2EC100,
0x29EB04D5, 0x72C0EB70, 0x9F62D548, 0xEB7F2C7E, 0x2F186055, 0x15E04B3B, 0xB6B14110, 0x4846D9A3,
0x5CEFA05A, 0x6CD4DA47, 0xB2222F76, 0xF0E8817A, 0xF665E70C, 0x627C6569, 0x6D6C6593, 0xF586CF60,
0x65C8490C, 0xECD86579, 0x631BCA79, 0xD0A4C022, 0x16A45D73, 0xF7C60E27, 0x3943E077, 0x164D6E1F,
0x5B1D9B2D, 0x2C55DDC1, 0x40637D73, 0x65C1623E, 0x99A3CB71, 0xD960CD06, 0xA2E5A426, 0x52434013,
0xB7AA8842, 0x14522738, 0xD1F8505E, 0xCF4F2433, 0x20F94E78, 0xE1B52112, 0x723CF458, 0x192281C9,
0xFD45B6CC, 0x8B223588, 0x8B4CAEBE, 0x7DCD7F2F, 0xBDF8FE20, 0xDF42D12E, 0x6284BD7B, 0x5D9E406B,
0x32D88913, 0xCB67086C, 0x3DD42809, 0xFF2D9013, 0x2E926113, 0xE6DE326F, 0xA55A1DFA, 0xE71CD9B1,
0x141C80FA, 0x6D1C7489, 0x5B9C6254, 0x55D38A16, 0xDA54B465, 0xDF12D31D, 0x85BBA47E, 0x201D4208,
0x3A59403D, 0x6F147A21, 0x25C14B09, 0xA501CA5D, 0x554E8E3C, 0x1C50A00A, 0x0F99A52D, 0xFAC4E715,
0x31EB7ABC, 0x2372FBC7, 0x8B8762AF, 0xC3D45AE2, 0x3DEA6752, 0x42F39F1F, 0x9E5FFC62, 0x73426610,
0xBF58A80B, 0x95425E51, 0xBD7B621E, 0xEEFE4629, 0x55996F78, 0x85362503, 0x51582C2D, 0x2E827F69,
0x969BDF58, 0xFEFA025B, 0x708C8541, 0xAD241BAC, 0x0A167A99, 0x9EB1E1C8, 0xDC1F228A, 0xD3910626,
0xD47A9067, 0x47DE4F50, 0x21EB875A, 0x370A840A, 0x3212693D, 0xD3A24077, 0x430C1E41, 0x11FE806D,
0x28D2B14E, 0x45AEDB4E, 0x822A6C28, 0x89297F1F, 0x9095F64F, 0x28589744, 0x93219E78, 0x650F1D21,
0x3872EF2F, 0x1B9B0C23, 0x69BCBE1C, 0x823B20FA, 0x5EC2BC15, 0x2D1CCBE6, 0xAC341576, 0x3290228A,
0x13F72316, 0x5D74F1F6, 0xE01E5D67, 0x31EEAD7B, 0xC1846E12, 0xE645130E, 0xBE0E0D15, 0x40218C66,
0xCE004B61, 0x4F7C8320, 0x7519FF56, 0x08BF3BF4, 0xC4D61D23, 0x43467B3D, 0x0F1DF665, 0x02205206,
0x64812276, 0xDE6B4CEE, 0x4D30C724, 0x6CE1340E, 0x2A16C253, 0xF17C0C51, 0x417E5349, 0x6E981C23,
0x929F8CF3, 0xA9C0C64D, 0x47899954, 0x73C0B264, 0xFD110E41, 0xC2FE1215, 0x13EE8F7C, 0xE838D7C9,
0xACDF2E5C, 0x036F5C38, 0x71BB7847, 0x249F3808, 0xBD152118, 0x09D61364, 0x86473FA8, 0xB056AA3A,
0xD7DA5979, 0x7E6C9442, 0x122BF37D, 0x1789A946, 0x482EA335, 0x1291BF14, 0xE0D78201, 0xB6B95802,
0x7EE5C543, 0x4BAFF7F9, 0xB9348C44, 0x6E3D4D7B, 0x235DC453, 0x9862EB0C, 0xBD2A014B, 0xFA89DB54,
0x4ECCC175, 0xEB73674A, 0x2BE6DB5D, 0xCB75415E, 0xD95A5C70, 0xE999D440, 0xEC5C370C, 0x921DD791,
0xAD0063C1, 0x8A70BDB2, 0x7E714D9F, 0xBB75DA08, 0x4843C13F, 0xD614B93D, 0x3C3B7C27, 0x1E89A45A,
0x104A3C5D, 0xA99A9A2A, 0x914D4867, 0x867E6B2A, 0x5768736F, 0xA622DF70, 0x06F914D6, 0x4228F7A9,
0xC5E0F6D6, 0x49D406E6, 0x6FC7707D, 0x63C2E806, 0x82D4F653, 0x9E88025E, 0x51AC297C, 0x13FC7C5D,
0x51BDD54F, 0xFCF9E16D, 0xD11B7C2C, 0x36BBA533, 0x88C33363, 0xED30EB1D, 0x54F2092E, 0x141AE80D,
0x6C76F2FC, 0xB1C499CC, 0x6B526AE9, 0x917222A3, 0xA5783C0B, 0x96B74D41, 0xB9CE1E6A, 0x79C40A4D,
0xB5763C57, 0xAA50E47F, 0x1AC21351, 0x99D90248, 0xBE0C5D74, 0xF6DDC67B, 0x33C1FD5C, 0x3773E92F,
0x72915F1E, 0xABD56235, 0x83302066, 0x9E3961C8, 0x2B3CB5E4, 0x275801F3, 0xD4F445A0, 0x737B1E6A,
0xC9648F42, 0x1F2A5F0B, 0x04699221, 0x8E551746, 0x2B16F556, 0xD4253939, 0x9DB1A11F, 0x17493318,
0xAF3FB77F, 0x0E355820, 0x5E58D923, 0x07E6BE05, 0x4CC15F51, 0xD328201A, 0xC940B070, 0x566B4B23,
0xE9BDDE68, 0x83D68110, 0x462FF57E, 0xDB6866BA, 0x1054094F, 0x3B9EFF9E, 0xFBE14919, 0xE834D1F2,
0x4E3B7866, 0x027846E1, 0x2945B40D, 0x9243422D, 0x8117315D, 0xF2E4177B, 0xF0F5D70D, 0xEF8D6064,
0xBE79C477, 0x0EE51858, 0xD7504722, 0x91A760BA, 0x1137656A, 0x4C570E52, 0xDF7AB836, 0x30DD4856,
0xE7B5153C, 0x6DDF40E5, 0xEA6BC327, 0x408CCF38, 0xCA05D607, 0xA97E846C, 0xC4E1764C, 0xBC57F944,
0xB7EC6A8B, 0x85758B32, 0xF064C334, 0x7D82082A, 0x5FC46710, 0x35863021, 0x7C50CA41, 0xBEFDA8AD,
0xE58C9211, 0xCD5E9062, 0x05EA423E, 0xC0965B2E, 0xDEA7BB68, 0x7A820359, 0x366D109A, 0x58CD957F,
0x1E7C7047, 0xE9CB4B03, 0x58881E36, 0x021EDD35, 0xA924D831, 0xD01FAE50, 0x9198F46A, 0xD0F50966,
0x9D4B804B, 0x211153B9, 0x96A95420, 0xDD671913, 0xACC6FC34, 0x2FA34B11, 0x3CE14703, 0x7466964B,
0x41AA8A12, 0x4BBF471C, 0x3FAF696B, 0x509DAE08, 0x00463625, 0x16BF057F, 0x0774F725, 0x0DD31BD3,
0x1227F9BF, 0x574C1A8A, 0x56899A9D, 0xF3859859, 0x0DA6D46E, 0xE5CD415F, 0xC59EA618, 0x6AB14210,
0x8F68763E, 0x1AB86032, 0xF50E6D45, 0xD1076B3D, 0x6B7DD774, 0xF3D57448, 0x0C1E24AD, 0x358F7CD2,
0xE668F48C, 0x85FA20F6, 0xA9FBEF4A, 0x2824C401, 0x46EA4E4B, 0x5E78766D, 0x2207B572, 0x22A1450F,
0xFAB2BD58, 0x5C901235, 0xAC834323, 0xA3FB2D70, 0x5104E24D, 0xD04E2D75, 0xB3C78C09, 0x94A6850A,
0x0230ABDA, 0x59CAC2A8, 0x32A0ABD2, 0x20DC3E95, 0xB3018831, 0x037A3C10, 0xEF52946A, 0x8E311C3C,
0xB9FDF476, 0xE493C107, 0x01D43448, 0x288C2A45, 0x73F88A7E, 0x575CBF65, 0x6BBDA075, 0x665FF77D,
0xD5E7271F, 0x88B10F2C, 0x46D2FE2B, 0xF91A3BBC, 0x31C3B5C5, 0x1E21BACA, 0x465FD8AF, 0x4667AE74,
0xF3F65928, 0x35395819, 0x82429318, 0x624B767F, 0x97A7F462, 0x1D76D643, 0x757A6D04, 0xB5959F03,
0xD37C675F, 0xC853D314, 0xF965681D, 0xEF25716D, 0xDF27E355, 0x4726950F, 0x8E69595A, 0x4651B840,
0xF75CA078, 0x2EF1865F, 0xA0FB9105, 0x29FC08DE, 0xF762664D, 0x2E2269D6, 0x16D16242, 0x7F58B3F7,
0x2D883951, 0xF681BB93, 0x46989651, 0x596D8442, 0x04795238, 0xB6F75652, 0xB1AB981C, 0xF5678D58,
0x15F00E5C, 0xCA5F280A, 0xD28F8937, 0xA8EC6CDF, 0x9A08531F, 0x2992C433, 0xD157F177, 0x72249D4E,
0xBC944376, 0xB1FC34EA, 0xD2727D6F, 0xEA2B5637, 0x029E6A5D, 0x35F7FD44, 0x1D936360, 0xA78BB23B,
0x133EF2D4, 0xF00BD540, 0xB91F513D, 0x5C807367, 0x49C1390A, 0x6C9F8161, 0xBA33FA4E, 0x8EB7BBB5,
0xEC397535, 0x5DF38837, 0xF9689D2C, 0xF1506A5C, 0x7E708103, 0xBFE54B0B, 0x914881D6, 0x3C240B4B,
0xC94BA83B, 0xF3FD6468, 0xB791F50D, 0x430AB242, 0x054EBE36, 0x782C9665, 0xAE618473, 0xD6169972,
0x3351A27A, 0x938C62B2, 0x8C98A544, 0xF36D6839, 0x49816D57, 0x5D65FB2E, 0xC1B4AA04, 0xD2EA0141,
0x82BBF546, 0x09B43A4F, 0x7DF69013, 0x0F472A60, 0x3FF42301, 0x6471357C, 0xD620C732, 0x3A24A094,
0xBA7234F5, 0x76B1D3B3, 0x406ED9D9, 0xD14DAB19, 0x2917450D, 0x4BF2D066, 0x3C41DC5A, 0x86D8DB0B,
0x57EBE80A, 0x1C441C7B, 0xA9ECBE4E, 0x47268A22, 0x6206E212, 0xE2102E6C, 0x8ECD23ED, 0x7A4CF2AD,
0xCCCE71E9, 0x18AD5F87, 0x558E682D, 0x4EFF3E53, 0x9EC9EC5F, 0xE2870A37, 0x68799235, 0x10845321,
0xA4D15719, 0x212D6668, 0x44B78F50, 0xA3E69E2F, 0x75684F4F, 0x99B1667A, 0xA8D9170B, 0x7EADAA64,
0xA6E61584, 0xF5EDDDA4, 0x7753F1F4, 0xE34418B2, 0xF25F8C3E, 0x0CA2D200, 0x12E82F08, 0x4ABB2707,
0xC65A3D07, 0x3B0D0475, 0xB077CF1F, 0xA2817240, 0x15068D02, 0x1FFFE502, 0x1FE51376, 0x9F9AE378,
0x72BC253E, 0x99D5912C, 0x712A8B01, 0x994806AC, 0x3C6729B8, 0x2B21909B, 0xF5E6B3FE, 0xAC96CB58,
0x0EA24551, 0xBF810B24, 0x5D6C1175, 0x3A666F3E, 0x180C8B1D, 0xCB75D226, 0x39DA7820, 0x8DA3BF42,
0x6AC2C259, 0xA0148E3D, 0x25235166, 0xD5E6C829, 0x1B934A47, 0xBE461A28, 0x0B285276, 0xB02CAF35,
0x8250CA2C, 0xBD6B1778, 0x876EA33B, 0xB01B0580, 0xCB3F6E10, 0x588719FA, 0xCC1A8E05, 0x3DAADACC,
0xC9F74F60, 0x1234D8BB, 0xDA5A3E32, 0xABA00854, 0xC9E59927, 0xD8EA2323, 0xAF089B35, 0x15798106,
0x3696A034, 0x8B018B42, 0x302D6E76, 0x126FC49C, 0xACA7320F, 0x2FD0814A, 0x93BADD2C, 0x0736DB7C,
0xBFC44E60, 0x4900BB88, 0xC2BE2C1D, 0xAE944D1A, 0xADB7193A, 0xE213CA3F, 0x5CA56979, 0x9DC39147,
0x6E4712EE, 0x104DD63E, 0x39B8AB18, 0xDB86B776, 0x5166037F, 0xEC34705E, 0x546F654B, 0x195C169E,
0x32FAD643, 0xBB0F0A0E, 0x918FE750, 0x9A7D7222, 0x84B35C35, 0x43BB4F58, 0x88F96BB2, 0x8ED3EB3E,
0xF7AD8516, 0x50B07A56, 0xBEA0143E, 0x95B93F60, 0x2D52DB5A, 0x1F5D7024, 0x9623C75C, 0x25F59A35,
0xBEF51525, 0xB2856DFA, 0xA011BD39, 0xFEA3C80E, 0xA262DC4F, 0x1AA7FB70, 0xE494856A, 0x07AF2F01,
0x99712854, 0xF5028417, 0x3F607848, 0x8B9AB774, 0xAAAA1103, 0x1D7CCD4E, 0x704FE34C, 0x749850DA,
0x746D65F9, 0x25A9DF8C, 0x14E57CEF, 0xDFDFCC62, 0xB5C84D59, 0x1517B956, 0xB65FFB55, 0x1F58CC25,
0xBC350053, 0x6FA91605, 0xAEE4FE5D, 0x3F124720, 0xE5E99804, 0xAD73A60D, 0xF89C458C, 0x0F0BEBB7,
0x3F7F7AD2, 0xA9461B8E, 0xD0853D7D, 0x8F827A3A, 0xF681ED5D, 0x1C776B5B, 0xA9A68922, 0x820D6B4C,
0x165B2265, 0xC0C5FD68, 0xF97F1070, 0xB5DF6234, 0x95A6910F, 0xBF927B58, 0xD700E027, 0x62A3E552,
0x739F6D84, 0x749EDCD3, 0x08DA1BEE, 0xC585E999, 0x6458E123, 0x9574B108, 0x2869461F, 0x88D47B5F,
0xF8CE1430, 0x9B25BC01, 0xBA01655B, 0xC951A32F, 0x21F0373C, 0xB2C63639, 0x11482534, 0xDC1C9B10,
0xE05A8A39, 0xD8F52E20, 0xAADAB26F, 0x3314B1CC, 0xA703D4BF, 0x2562AF9A, 0x54E1D6AE, 0x809B5227,
0x4CDB300F, 0xD860E518, 0x3969D24B, 0x3FFACC67, 0xEF56227F, 0x73EB242B, 0xE36D4515, 0xCDFD504E,
0x34281856, 0x89B7381F, 0xB5AEE806, 0x93837601, 0xEDB01252, 0x6554F705, 0x2B483D67, 0xBA274560,
0x53781B12, 0xFD109F67, 0x385BC31F, 0x3A0299CC, 0xA7908C56, 0xBD7E9DBC, 0xA4D89D29, 0xC4595591,
0x6D1A473E, 0x27B76AD6, 0xB1D4391D, 0x130AC80C, 0x7CE59F2F, 0xE3E4687E, 0x8211635A, 0xF1AFEB5A,
0x7AB83308, 0x3824610A, 0x41B2CF46, 0x4ADAD19E, 0x2006145B, 0xA78D4624, 0x6A233A3A, 0x15A0BF1F,
0x4782B714, 0xE60AAED5, 0x679FAA71, 0x18683D5D, 0x9C88E870, 0xC5F8F96A, 0x3ADB8409, 0xB9149B5E,
0x8614ECCE, 0x54F35A37, 0x1D0E9C51, 0xD8F7FA69, 0x7C08BC57, 0x3A6F162D, 0xABBA154C, 0x771ABBE5,
0x7B1E2D4D, 0xC670B770, 0x4B820D26, 0xD7104B22, 0xA2429353, 0x1F923D08, 0xDC51869C, 0x4BFA2374,
0xD113306F, 0x09DB3D6A, 0x1910554D, 0x8805AF71, 0x65E59D5C, 0xBFEB0A76, 0x056BB74B, 0x90FDBC54,
0x6E679E51, 0xE3DB12E1, 0xA79B1810, 0xE6C63338, 0x1F151D35, 0xD8E67150, 0xBB756178, 0x4AF5392D,
0xE51CE758, 0xBAA3C344, 0x9342637D, 0x8C795E14, 0x577C9E3C, 0x907B9547, 0xB731EE19, 0x8CFF9CBB,
0xBC1327D9, 0x08D01FE3, 0x605F5C95, 0x2C41EA1C, 0x3998AF39, 0x7E5F8916, 0xEA81134B, 0x49E5AB0F,
0xEEC08970, 0xE0DC9E23, 0x8FE8FC7F, 0xFD1BE170, 0x8F56FD33, 0x77C2586E, 0x72970CD9, 0x2EB09CBC,
0x383FB0E2, 0xA1F0CFD2, 0x4215EA7C, 0xAF51DF6E, 0xB0982633, 0x7CB0C720, 0xBA354A19, 0x81CFC72C,
0x382C0E67, 0x49BD7D35, 0xF402A045, 0x26F46E56, 0xCC11E233, 0xC114DD00, 0x1FC0B10F, 0xE011A50B,
0xC7B354CD, 0x2D454A83, 0xE22E95FF, 0xD1F609DF, 0x74322823, 0x98286B7B, 0xB0D1D100, 0x6E841573,
0x0B09C71A, 0xC789273D, 0xD77E0B47, 0x2B0A7652, 0xFD19414C, 0x64E12057, 0x5858CF7F, 0x525E8000,
0xBDC97D07, 0xEB426A60, 0xA9FB5761, 0x78A60AFC, 0x71A985BC, 0xB643779C, 0x007309AC, 0xD251A90F,
0xFD35191A, 0x64DC237B, 0x20948766, 0x43F75658, 0xEF11413E, 0xDDC4246B, 0xC72A6B5E, 0xCFBBE907,
0xD420BA61, 0xDF631404, 0x8B7F6C13, 0x73C78A73, 0xABE59D46, 0xD2CF2D7E, 0xA8BDE16D, 0x086C3D38,
0x996E7D52, 0xC6190F66, 0x087ADD14, 0x858D5F8A, 0x311B3371, 0x005887DE, 0x1C55F020, 0x386BB080,
0x197B5C2A, 0x05A073A7, 0xF2382C39, 0xD40AEB0A, 0x809D1350, 0xCC03585D, 0x0D56D06F, 0x885BE21B,
0xF8D5C77D, 0xB05BD51C, 0xB6C5E351, 0xAD4817F4, 0x45C64A19, 0x1D8B4664, 0x90221154, 0x07BE530D,
0xBCFAB36F, 0xD392C0F7, 0x86F79760, 0x146AB74D, 0xD37F0504, 0xFBBCA47C, 0x25F4FB1A, 0xC228401D,
0xD11F82B2, 0x1B68A677, 0xDC1C4C4E, 0x88AF5932, 0xC784DC01, 0x3DDC9817, 0x9EE5C456, 0xAC1F68EC,
0x0757E47F, 0x8FB0FD1E, 0x0276666F, 0x1229DC2B, 0xA97B6E57, 0x3352ED72, 0x8706AEE6, 0xB707C35D,
0x69891B48, 0x0B7AAD3A, 0x239C7E3D, 0xD948055A, 0xCEC75167, 0x8A31B829, 0x1A0AC970, 0xB2726D43,
0x86A75164, 0x0DD8DB81, 0x2920DE6A, 0x0BF39D23, 0x93DBA017, 0x1FA6AF19, 0x26D9372C, 0xA4219B16,
0x4642E678, 0xFF1CC83C, 0x905D3D16, 0x537AAF50, 0xFE968F00, 0x6415E53C, 0x79960E28, 0x266507B1,
0x01DE29AA, 0x456009AF, 0x193D9FA6, 0x59EF591B, 0x2116A26C, 0x280E104D, 0x8070197B, 0xCAD94213,
0x282F9137, 0xFEF0FE4B, 0x4754B763, 0x4F805270, 0x43BDA46D, 0xC585071A, 0x15AD14E6, 0x415D1CDF,
0x4CFE67A0, 0x94B3298B, 0x2C273D19, 0xB76B5435, 0x7589E017, 0x18E82656, 0x66D27942, 0xE9914405,
0x4E8E7B53, 0xB6734406, 0xFC59525F, 0xA4DDFD05, 0x4B03CF36, 0xD456FA15, 0x26008A27, 0x9F850C62,
0x2223E8AD, 0x18D13DD2, 0x38DBC6B4, 0xE4061F89, 0x4226087B, 0xD2E34F66, 0x0FBD2215, 0x6E5B270D,
0xD0AD7361, 0x4DAF8049, 0x5A69A50C, 0xD9F5605D, 0x30FC6B08, 0x80120274, 0x7A2EA167, 0x3B5B1906,
0xE0899755, 0x0ABD3F69, 0x0FD20842, 0x582FB990, 0x16B410D6, 0x30BBE3E3, 0xD93ED5DA, 0xB4857B23,
0xB50BB71B, 0x8BC0F32A, 0x87201C37, 0x7ACE7715, 0xDAB6BF16, 0x0024B310, 0xEB4A647A, 0x1CD1D75F,
0x4356590E, 0xA0B2A877, 0x9F856505, 0x47374730, 0x599CD826, 0x728D7915, 0xEA42A633, 0x572A4568,
0xBD845C14, 0x55B2F35D, 0xBBF9D522, 0x6A85F3D8, 0x7250E875, 0x208358B3, 0x8A494849, 0xCF9FA69C,
0xF588AF4B, 0xDF4ACBA6, 0xBEE6C809, 0xD4A93F13, 0xA6EF4B48, 0xF8321A56, 0x7FF59E6E, 0x4837927C,
0xCA74A466, 0xDA7CB66C, 0xF7AF4C15, 0xD3F2F3D4, 0xCA704941, 0xF5C8EE76, 0x949B0371, 0x2A08344A,
0xB440017A, 0x563285D1, 0x0E38694F, 0x709CB636, 0x227E0524, 0xB10AF41C, 0xB287C677, 0xF8691532,
0xA8F396B4, 0x4942946D, 0x2E3B7326, 0x2579AF1F, 0x93B8B921, 0xF66F935C, 0x86E0B84F, 0x4ED83B81,
0x1D7DBF28, 0x784AAB19, 0xF1EB4271, 0x95DA8C42, 0x520F1725, 0x82986352, 0x5EF255BB, 0x1AB61C07,
0x7985DE64, 0x3766E341, 0xD7812B19, 0xAD7E111F, 0xB53CF50B, 0x4B13330E, 0x48ABB147, 0x19643A57,
0x290A526B, 0xE5D0CABE, 0xF033C078, 0x772C7322, 0xA491D30D, 0xDDBAAC1B, 0x8B9ADF4C, 0xA9A38B09,
0x49E3E558, 0xA5874B0D, 0xAE9C8227, 0x9021E93F, 0x2862AA23, 0x5CDD7370, 0xA349FE00, 0xC99388D8,
0xDAC746CD, 0x75BC57CE, 0xA52FFEB1, 0x44852C04, 0xC2789400, 0xD5159437, 0x10859C78, 0x1FC6F733,
0x54E8F471, 0x9C63A818, 0xFC989C55, 0x1B107305, 0x3E1E9503, 0xCC5F7B1A, 0x87FF6CEF, 0x255947A0,
0x6406FDA6, 0x4097A7BA, 0x43340156, 0x0726E73C, 0x922FC264, 0x00808C39, 0x1C3B825A, 0x5D71FC61,
0xD3015E6B, 0x6DD9DD06, 0x97DBA454, 0x14F11009, 0x2164CB14, 0xF6D89A48, 0xECD88D7B, 0xBECF7C44,
0x61118C84, 0x1E1B2190, 0x7D0A1AFB, 0x441379E6, 0x3B6BCD59, 0x1D0AB66C, 0x75CCD655, 0xB856E80D,
0x935C9A61, 0xE3C22138, 0xC9FAB958, 0x44298324, 0x6FD71B36, 0x9727411C, 0x03D6453C, 0x092F4960,
0xA8CF2642, 0x8215F718, 0xFD249E4A, 0xCB6AE7E8, 0x02937DC4, 0xD52295FA, 0x61AFF48B, 0x7ADAAC1A,
0x0952CF44, 0xF1B44411, 0xFEA72871, 0xD80EF86A, 0x4EF74D12, 0xEB65C63F, 0xAC214978, 0xDC3F0E05,
0xE5AA270B, 0xEC0C7977, 0x6F300A34, 0xC5E4BE0B, 0x35F31538, 0xBFCB1924, 0xAC2B1102, 0x4211F630,
0x1C89727E, 0xB9FFB13C, 0x1C1C2735, 0x824F04A4, 0xC0AC4949, 0x311EB883, 0x2A41C357, 0xF11B8BCF,
0x70DB9861, 0x5BC96ACA, 0x4550194E, 0x6C6ECA02, 0x14F9D66D, 0x54DBDF72, 0x8393386B, 0x35876C03,
0x06DDE33A, 0x1086A359, 0x2083733E, 0x0C913DAC, 0x8282D97B, 0xD80B8F77, 0x8B622300, 0x2447595F,
0xCA7B681F, 0x01F0ED96, 0x76CA8E06, 0xE516D508, 0x1174804E, 0x2F01B96F, 0x9FE75751, 0x459CF967,
0xBFC0E290, 0xE1E72B55, 0xCF01635E, 0x9C55B87B, 0xF413B406, 0x9C845B71, 0x6D96C02B, 0x52DE13AA,
0x6CC68D36, 0xF00E7738, 0x968F7F3D, 0x5F4D2479, 0x36A13B06, 0x8D3B1301, 0xCB42E6E4, 0xCE4A6346,
0xFBDDBF2A, 0x02FC791E, 0x9928231B, 0xE5524131, 0x256CCE5E, 0xB3BFA630, 0xDCFF1655, 0x7B89BB46,
0xCB4C085E, 0x328FE98C, 0x4726935C, 0x8D6F3B0F, 0x0DBC8924, 0x676F7823, 0x333D9A59, 0xF3BF1B5B,
0xB8DC295C, 0x67247071, 0x0C51AC0C, 0x28BBCE7E, 0x463AC14F, 0x7FB51435, 0x6E4B385D, 0x74F8B0FA,
0x0C792BD0, 0x5E9E2B8F, 0xBA0C4DA7, 0x311C0039, 0x2F79DE28, 0xD4AB405B, 0xB8400D2B, 0x1A20BB34,
0xAC1D7E7E, 0xEDCFA233, 0xF9A41D53, 0xC8678F3F, 0xB45A8B27, 0x973B342B, 0x2BA6C4EF, 0x7C1989D4,
0x9B205DCE, 0x29E542CD, 0x554A925A, 0x42B8A043, 0x09532509, 0x3A20792F, 0xA4D45B19, 0xB591512E,
0x9AD67864, 0xAB8A365E, 0x3AF33F2C, 0xD7B17C2E, 0x8673D154, 0xD3C47258, 0xF9197D01, 0xB05A3E04,
0x9F18FF8E, 0xD7CE11DE, 0x9CCD90EC, 0xC970E1B9, 0xA6076374, 0x1B87BF3F, 0xC5AA876C, 0x95477D06,
0xCD4B121E, 0x54AA6345, 0xB203F464, 0xF2B90735, 0x62295A29, 0xF4DF051F, 0x90093456, 0x56043457,
0x1C258E74, 0xE2833814, 0xB74F3D0D, 0x61AECCDF, 0xCF64DDC7, 0x75CF0AAE, 0x33ED98D0, 0x532F9B61,
0x08779A36, 0x1C4D726B, 0x66304468, 0x680BDD7F, 0x51F71B3D, 0xA4797067, 0x59286C51, 0x445DD17C,
0x748E3D02, 0x43A0925C, 0x2C8C8271, 0x816FD44B, 0xBCEF125C, 0x98B95578, 0x32278C55, 0x2484AB73,
0x0DAAEB54, 0x2C44E856, 0x1326A148, 0x2130CA9B, 0x6CA14E1F, 0x9385009E, 0x0C83D763, 0x100C208D,
0x7EC0161C, 0x432C479D, 0x45696E3E, 0xC8674559, 0x5F553070, 0xC6DAA55F, 0x6B4DD845, 0x3834FE79,
0x61137546, 0x46209A53, 0xBB43C375, 0xE5C427A7, 0x30501411, 0xF8FFE278, 0xA4A0CB2C, 0x283D7D19,
0x0EB85A09, 0x0126ACC1, 0x9508E817, 0xC9886C06, 0x8C65B659, 0x53AE2F46, 0x9C93120C, 0xDB57902A,
0x570144CD, 0x2F050A78, 0x88695B2F, 0xE7803845, 0x0EE4B84C, 0x4EA0EB12, 0x72054370, 0xB8DD62F5,
0x5F7E0A62, 0xFCE96A73, 0xC82EAE3A, 0x3092433D, 0x3394D96F, 0xD69AA967, 0x90E634C3, 0xC2E7DA00,
0xE440E468, 0x028B9338, 0x05F97F2F, 0xD7AFB671, 0x66E1EF7D, 0xD390FC4D, 0x246AE748, 0xE36E8E37,
0x1E49E825, 0xF510A2A1, 0x8C80D102, 0xBA4C6B57, 0x26D75D64, 0x39708013, 0xDBE46244, 0xBD657F2A,
0x11686057, 0x1D162565, 0xD2383006, 0x955F4101, 0x95ACF14C, 0x289B110C, 0x8E890E3E, 0xB406F8E2,
0xACC246C3, 0x446185EA, 0x645716DB, 0x887AD20B, 0x81B66701, 0x34EAD515, 0x7BE3B863, 0xCDC32905,
0x4F8DB314, 0x6098267D, 0xFC2C851E, 0x0D07CC47, 0x103A5D10, 0x31622F3C, 0x6182E1B7, 0x43903689,
0x298C0EF1, 0xA6CBBBD5, 0xEABDC642, 0x0B99517F, 0xA13B6D3B, 0x5AB1965B, 0x6D57E55E, 0x7D23F626,
0x9EE6A047, 0xEEBA3D00, 0xEBD7797B, 0xCB68C10C, 0xEAD64D44, 0x43C78C7D, 0xAD36652A, 0xA39C7476,
0x4F24EED7, 0x731500B3, 0x363BF084, 0xDEE244A5, 0xF587FA0B, 0xB298DB0E, 0xBA291D24, 0x088DDC7E,
0x50EC3575, 0x356BAC17, 0xC974DF6E, 0xD8D0E671, 0xA6F91038, 0xB95AE408, 0x3104FE52, 0xE654CD68,
0x586C7553, 0xD79FE85A, 0x97BF055C, 0x2DF32F8F, 0xC7CC8AD1, 0x398C33A1, 0xD6672ECF, 0x62F13039,
0x0E7F6E24, 0xF880503E, 0xE10F1C16, 0x18061940, 0x949BA73D, 0xD7207626, 0x7B8E3010, 0x03313E31,
0x01CA052E, 0x9CE12374, 0x095C3031, 0x4F590C35, 0x36A1AF69, 0x3FBA9241, 0x1315CA04, 0x5BE3B16D,
0x4B023D0B, 0xD3833A76, 0x282FA437, 0x2978B589, 0x45A8A46D, 0xDBF4DDAE, 0xBA5A5605, 0xA764CEC6,
0x960D3C09, 0x6F6E5CE3, 0x3C8B6964, 0xA3E65E64, 0xEC2C170F, 0xDE385946, 0x7509566A, 0x4521EC05,
0xCCA5BA17, 0x77F58C3B, 0x0B3AB962, 0x990BBBF1, 0x928DEE0B, 0x0D057813, 0x0A512913, 0x3726DF4A,
0x82475B36, 0x4FFC7DA7, 0x44689645, 0xD941F606, 0xB010EC01, 0xDFD93810, 0xA3C3E547, 0x2FF45F20,
0x289630BC, 0x2E51870C, 0x9089DE05, 0x268DAB6A, 0xBCA7F712, 0x31423A6D, 0x1BB2D51D, 0x2EF8D088,
0x849F537A, 0x2C9B0E79, 0x8AF68162, 0x7EFA327E, 0x413D2111, 0x9374361D, 0x2224A28A, 0xE1BC2F50,
0x98A8C833, 0x0F5D716D, 0xA125234E, 0x87ADAC55, 0xC0144814, 0x810C3F4C, 0xB675321F, 0x2A7DCB28,
0xCA29113A, 0x10F2ADFA, 0x4EC2F830, 0x6DAB453D, 0x1D62E649, 0x0F71C948, 0x5C486D73, 0x69BB2830,
0x20AF0578, 0xFBFA860B, 0x92665652, 0xAA114F72, 0xEDF8DA0E, 0x6D4D8417, 0xCD4CC756, 0xD8AB6DC9,
0xA7734BEC, 0xE8172A82, 0xE3A61FE8, 0x0CDC277C, 0xD86DD22C, 0x5D060674, 0x063EDA2C, 0x8A6F1B2A,
0x84DDB269, 0xF44EE25D, 0xD7155C1C, 0x5FD73F1F, 0x75680D30, 0xDFA50631, 0xAF972AAB, 0x735A3D91,
0x72C3EACA, 0xA999B7F0, 0x6BF44F43, 0xDF76E21F, 0xD5A1AB1F, 0x1440300B, 0x11842068, 0xEEBF9403,
0x62B03E32, 0xE6CBFD5E, 0x317CD706, 0xCF176F07, 0x462FE258, 0xA876D018, 0x9C455D6A, 0x24778963,
0x21CCA79C, 0xAE2F1EF6, 0x5E2388C1, 0x69A245EC, 0xF5E52B0C, 0xD08B506D, 0xDEDECE4E, 0xDA08B979,
0xF2F0A35E, 0x340E1521, 0xC919EF6C, 0x0A596C47, 0xB6B37251, 0x5A7E3066, 0x99700641, 0xA3681D03,
0xD1C6F45A, 0x82F41231, 0xE70D7446, 0xC80117F4, 0x10AE65CF, 0x28B28585, 0x5AB3B1FC, 0xD6546A64,
0x10632102, 0xEC5FE221, 0x4F24DD0F, 0x3A1FCE4E, 0xBE35136A, 0xD9C3964C, 0x47CBD34A, 0x73AAC030,
0xF7C6C517, 0x97F33430, 0x4CE41323, 0x3C1E795D, 0xA96B6A45, 0x17ACBC0C, 0xEB9EB330, 0xD2D6623D,
0xEAC0682B, 0xBFBD0A31, 0x902B2962, 0xC5C04E81, 0xD7D6CB4A, 0x6B828C84, 0x7DA30E56, 0xE8817F91,
0x6EC1D312, 0xB3A737E6, 0x589D5E73, 0x07E68776, 0xF00F2707, 0xE3347C46, 0x2D480764, 0x7F696355,
0xB75BD067, 0x90233E23, 0x8C2C6E68, 0x4B559EA6, 0x7CF4F43C, 0xE67F4C6E, 0x7A708372, 0x31BDE91A,
0xFE360320, 0xE39649F6, 0x28074C0D, 0x1D6B4500, 0xEC90ED68, 0xB818FE70, 0xF3B26B10, 0x68217330,
0x797CC4B3, 0x5E278F63, 0xD36A5E1F, 0x5BE54F3C, 0xF53C6856, 0x83C36538, 0x576E265B, 0x2121718C,
0xEDE52311, 0xBB62BE0E, 0x7822923D, 0x19B15700, 0x4B2F0E2C, 0x91439637, 0xCB346AA4, 0x62A8E82C,
0xA122B213, 0x4DA4B563, 0xA5CC9076, 0x58283223, 0xDC96C71A, 0x08EFA91B, 0x782ED101, 0xC8CAF529,
0xBF960E11, 0x547034B3, 0xF55D2725, 0x160C9D39, 0xBA20CC55, 0xD0C50A27, 0x83F2054C, 0x86E99603,
0x75AB670F, 0x52E5D96F, 0x3C1EAD6F, 0x6C043379, 0x4FC2E62B, 0x0058C87C, 0x5F112D17, 0x6122108D,
0xD13737C1, 0x33308CB4, 0x3584E1C0, 0x730FF604, 0x5C0E4A78, 0xD9722925, 0x868EAB70, 0x38D5A36F,
0xE6D4516B, 0xD3779162, 0xF251CF39, 0xC357FB27, 0x757A6D2D, 0x7870BF3C, 0x927C86B1, 0x2AEF0CDA,
0x1A076793, 0x06A734ED, 0x5C764B5B, 0xC155E43F, 0xF7365A6B, 0xDC17AF23, 0x7A1B5655, 0x3865F608,
0x06450B71, 0xBD0A0458, 0x9433D553, 0x5A090D4D, 0xEA76EC2C, 0xA9D9E63A, 0xA792FE37, 0x8411D870,
0x805595BC, 0xC2DBDFDD, 0x6CEB839C, 0x69380891, 0xFF1D8E3F, 0x922D1606, 0xA4444139, 0xFEE15657,
0xA5CD214C, 0xE5A63552, 0xE6D9785F, 0xCCA66B4E, 0x97A1FA3C, 0x7EC62D02, 0x5126793F, 0x5D89567D,
0x8F77A90A, 0x798F5E4D, 0x42542308, 0xE99ECDCC, 0x90C944D9, 0xBB4644D5, 0xA02EF8C0, 0x0C9F5A63,
0xF4966B69, 0xCF33C60A, 0xBF61F41B, 0x9F6D3B01, 0xBAD8C45B, 0x82F28137, 0xAC226F54, 0x1D521238,
0xDEF82649, 0x4E7BC758, 0x4E8B6102, 0xC8887F45, 0x6C52C57E, 0x4CDAF321, 0xE0E5F905, 0xA9332525,
0xA7E63518, 0xAF5D8130, 0x1164D62E, 0x497D1FCA, 0xBAC2BF02, 0x42C4B0F7, 0x592ADE71, 0x0C2933C7,
0x4D8B9A60, 0xB331EFA1, 0xA8078F25, 0xDA78F828, 0x117AA00D, 0x2F47E969, 0xB2D93122, 0x99EDBC29,
0xB428D97F, 0x7C95A970, 0x357BC45A, 0xE379A390, 0x386EF308, 0x04ECC90A, 0xC67A1008, 0xD315A101,
0x6E923560, 0x2D7F33E3, 0x2023D609, 0xD9ECD901, 0xE3BBAC0A, 0x95BCCC45, 0x05DF9E7F, 0x53657934,
0xB505A5FB, 0xC6F1AA1F, 0x24352E2D, 0xAD0CCE3A, 0xE8576B12, 0xA09E347F, 0xF0D2BB3B, 0x721CDE97,
0xD6E2C810, 0xD09C7D5F, 0xF1112F2B, 0xAB0DBD01, 0xDB352F51, 0x78E9975E, 0xBD876CD1, 0xB9B0FB7B,
0xD9E4F53B, 0x8662D83F, 0x99CB0E5A, 0x869C3325, 0x0DB21F50, 0x5C4CB665, 0x2833145E, 0x101DB248,
0x37AD555F, 0xBBAA9089, 0xFEE1A801, 0x0C63BD73, 0xC61A9657, 0x8DEFA803, 0x4A99BB47, 0xA734326A,
0x2F73302B, 0xB1EE6207, 0x4D043D3A, 0x61CD0173, 0x7F73E85C, 0xB07D2B29, 0x1153A97B, 0x2E88E3E7,
0x21D4BB92, 0x455F00CF, 0x647232C7, 0x7BB6BB77, 0x4963D254, 0xF65B9F33, 0x14B32764, 0x64B06C34,
0xC6D81670, 0xAE845F3C, 0x00CB066A, 0x28F7771B, 0x405B820F, 0x6EF01F08, 0x0491D7FA, 0x5362909B,
0x987E3487, 0x0E73BFFF, 0x30BACE27, 0x8F7D3432, 0x88E1422F, 0x1AA46E53, 0x1A71AB19, 0xFAEE4339,
0x750A925D, 0xE68C713C, 0x3AFC882F, 0x2A8EC262, 0x3DEB4B6B, 0xFE7E9C54, 0x88AF9013, 0x9DCC5256,
0x12E689AE, 0xD1B7BBF9, 0xF4DD1F86, 0xC21712D9, 0x7804AE4A, 0xAFE2E642, 0x0BE5D526, 0x917DA572,
0xA5A0F27A, 0x21657709, 0x78598756, 0x190E8322, 0x5082326B, 0x1C9A2F4D, 0x3777102F, 0x48BBCF28,
0xB7CF3317, 0xE5BED37E, 0x067DE83B, 0xCC0D7FAD, 0xDCC441AE, 0xA20CCBB4, 0x29E6F0C0, 0x176FCD18,
0x157B280F, 0xDB6AFA45, 0x35EFA470, 0x33E9FC07, 0x711B6768, 0xC272B167, 0xB0D1FA34, 0xF0B2DD46,
0xCCBADC0E, 0xE2DA5552, 0xFA1AEF45, 0x79A95255, 0x454F5514, 0x6761152D, 0xCE136458, 0x92328658,
0x2422E573, 0x741C7933, 0x2775C071, 0xDCD239AF, 0x62746364, 0x8D19C3EF, 0x6618120A, 0x72633599,
0x1C31037A, 0x0F9771FF, 0x48849A71, 0xB21F990D, 0xB62B556A, 0x56084F6A, 0x0AECB66C, 0x8F7BAD5C,
0x8EFE666A, 0x3AE84370, 0x17E0E632, 0x99602C8B, 0xBB22461F, 0xA0A06468, 0xD33E6B57, 0x438E7375,
0xF7AB5A27, 0x05728AC7, 0xF3C30836, 0xABD8550C, 0x03A44C72, 0x59716C3D, 0x09DD3951, 0x21CD326E,
0xF985D8AE, 0x517FE559, 0x1D4EA725, 0xB0F07907, 0x5B4F831F, 0xA29DDD4C, 0xDC858F1E, 0x777F0CDE,
0xB445BC78, 0x90C41C7F, 0x1580D473, 0xB643DC21, 0x582E8D22, 0x270F285A, 0x1F4643C7, 0x3D5E5B7C,
0x4B24B16C, 0x10729517, 0xF6A6CD47, 0xAD2ECE4E, 0x4DB4393D, 0xACCB1329, 0xD5389761, 0x47FC925F,
0xB9823507, 0x25AC17B5, 0x8DF81059, 0xCD95AA41, 0x45F58208, 0x2980466F, 0xFE4A3D52, 0x30A1B112,
0x3489730B, 0x344B1073, 0xBC28A20F, 0xC0E98710, 0x3D03971A, 0x77E4DB1A, 0x53D42312, 0x28F7A5EF,
0xAC14F08D, 0x998290EE, 0x82C028BB, 0x010E9124, 0x49D1DB04, 0xE860717D, 0xA208153F, 0x4E6F7B75,
0xAAA4554E, 0x5A90085E, 0xD3FE1F5F, 0x7D6EEF1C, 0x34AEF820, 0xE20B8321, 0x3BB3F5C3, 0xE2A860E7,
0xF38835E3, 0xAEEBE9E2, 0x5CA5FE2D, 0xFDA56946, 0x044A9147, 0xC1DA755F, 0x2B48557B, 0x66FD4560,
0xF22CCB66, 0xD665EA7F, 0xE678CE78, 0x92E3272A, 0xFABB952E, 0x600C191E, 0x062ED614, 0x430B730F,
0x88A91A99, 0xBB36ACF0, 0x04BAECE3, 0x918854AE, 0x12F79838, 0xABBE2D0B, 0x36D41051, 0x38A01E4B,
0x53AA4438, 0x6118B217, 0x75363E2E, 0xCE5F2051, 0x70C32D4B, 0xC6FD642E, 0x2AE5BF40, 0x0E9E7059,
0x81814F54, 0x16E93F60, 0x6221BE4F, 0xA12139A8, 0x1D73E1E6, 0x770441D8, 0x4C65B0F0, 0xB2FB0A22,
0xBEE0D119, 0x9F146D54, 0xAB16972C, 0x6734F644, 0x1CEE213A, 0x4BED3842, 0x10410F3C, 0xB9290365,
0xF33E4332, 0x20E1F03D, 0x6A269148, 0x417E3D52, 0x6285483E, 0x9DFBC81A, 0x2527A31A, 0x5451CC1F,
0xE7E26536, 0xF63EAE6E, 0xA534100F, 0xA2DEE1F6, 0x1EC4F553, 0xCD848087, 0x6941CA4F, 0xBEB8BCD1,
0xA88FC931, 0x88A46AE7, 0x189D0908, 0x9C8C2C47, 0x5432EB68, 0x3F5A5B6E, 0xFC664616, 0x238B3C42,
0x5D64DC7A, 0xF3D4311E, 0x0168EF09, 0x4887F0BE, 0x1B40FD63, 0xA048D876, 0x5C1DDE39, 0x7F2EDF3A,
0x1671B840, 0x78992FC1, 0x25612032, 0xB221D858, 0x4240B52E, 0x1BAB8871, 0x4C6B0527, 0x24760222,
0x91001D93, 0x25F2AF6E, 0xA82A3F6D, 0xB91A385B, 0xAD44FA4F, 0xC36C4B31, 0x1F294A2A, 0xF09BDEFD,
0x2E0B834B, 0xBB767779, 0x1252A558, 0x8C4A964E, 0x6FE33736, 0x29662F34, 0xB3930B82, 0x3FA68C4B,
0x9F1DC14D, 0xA01B6B13, 0xBEC7D63E, 0x00C8D840, 0x64849208, 0xC8531E41, 0x1AF2C761, 0xBACC8561,
0x16C12542, 0x35C599B3, 0x3B8F355B, 0x163E2B02, 0xEB576022, 0xAFD81E72, 0x785C127A, 0xE59F252B,
0x13595027, 0xECFDE22C, 0x742BD324, 0x332BE010, 0x4202060B, 0xB342281A, 0xA7A0815F, 0x63AADBC8,
0x6747C8DB, 0x89759990, 0x04DAB494, 0x7F7FF024, 0xAE64797F, 0x3BB78239, 0x7F4FBA30, 0x8AD81F35,
0x62B03648, 0x7072173F, 0x04D10577, 0x413C277F, 0x2CC72342, 0xF38D5964, 0xD657EFA6, 0xD399F48C,
0x959E66E5, 0x8F1C3586, 0x19DBF153, 0xA4172112, 0x90EC0F3E, 0x22F28F5F, 0x8649AE7B, 0x2C931C50,
0x7D193A0C, 0x103F6F21, 0x9144752C, 0xFE46741B, 0xA9C61B2B, 0xE988C250, 0xC3F2E34A, 0x37C3024D,
0xDE9E589B, 0x144D8CB4, 0x8178438D, 0x18345FAC, 0xB2BD3218, 0xF9097427, 0xF891C616, 0x7E406313,
0x5823F46F, 0xE60B7D60, 0x163B5768, 0xB2FF0C16, 0x2CAF7C02, 0x542CFD7B, 0x43F97067, 0xD8E1D77F,
0xD234CC70, 0xE1F26716, 0x1D70BB6E, 0x8760CDFB, 0xA85733FD, 0xBC8A55BA, 0xADB320BD, 0x2EBA1D42,
0x44022332, 0x7068C040, 0x9569C56A, 0x8F08270F, 0x47E91D21, 0x9C85CD61, 0x208D1324, 0xF0127176,
0x8B880D0C, 0x139B9F69, 0x1BF4B95A, 0x8719A07A, 0x44420B61, 0x44287B79, 0x5443DA05, 0xB8D76E37,
0x7D084F02, 0x9362226E, 0x54C0AB6D, 0x79605D1B, 0xF6B56C7D, 0xE915EC05, 0xA8284A7E, 0xD58FEF1A,
0x6A06602F, 0x4F887D0A, 0xF3884622, 0x86FDA550, 0xF6370E1E, 0xB11D6E03, 0xF38BF53B, 0x266F022F,
0x279FFF6A, 0x33F2CD27, 0x4C569F3C, 0x4FB41775, 0x5A4AFC27, 0x4B20D645, 0xD1DA1F44, 0x5665935F,
0x772B9E73, 0xC0F6D954, 0x3BE3792C, 0x29C86E76, 0x6242EF66, 0xCF515D39, 0x2F6B1149, 0x995E6976,
0xD60C557C, 0xB5CAC86B, 0xAF5BFD66, 0xB6D8F94A, 0xAE60463B, 0x59466C73, 0x340F0B44, 0x3B2DCD3B,
0xB1158525, 0xC9F8173B, 0xA15A840D, 0xCFDA9F1A, 0xD440CC29, 0xE8631937, 0x16D52D1E, 0x9902554F,
0xCF5C8D45, 0xD0CC403F, 0x667DD063, 0x95004940, 0x20188B4A, 0x41C7A562, 0x562ABF53, 0xA5D7A352,
0x0767AA4E, 0x6FF54B74, 0xCEB7193C, 0xE0789B3C, 0x1C78E221, 0xC5A13503, 0x9871010C, 0x98245320,
0xC30DEC08, 0xB2E3F976, 0x2BF9612E, 0x3AD89343, 0x67C51E5B, 0x2F793053, 0x155F986C, 0x6588C914,
0x86B9135B, 0xD0FE281B, 0xA1E1311E, 0xA4278117, 0x91EEB774, 0xD198947C, 0xBB21CA51, 0xCD312975,
0x3413706E, 0xC41F2627, 0x6458CE5B, 0x892AC447, 0x9917D238, 0xA3C3DC47, 0x3168650A, 0x95DD8E73,
0xFBFCCD38, 0x602CDF28, 0xF6241C2D, 0x84039B74, 0x5BBD3837, 0xAD70EE58, 0x142A6D3C, 0xE9C07A37,
0x331BC440, 0x49F4FF67, 0x66EE4D01, 0x11F51A4E, 0xC3B6F776, 0xF30F9D61, 0xB4A70D3C, 0xDD21567D,
0x4E3E263F, 0x3BAC9B26, 0x0D5D322D, 0x23300153, 0x7F5B7926, 0x05657B6C, 0x91F1EA65, 0xA866CE23,
0xE956C00E, 0x3576753A, 0x23F12760, 0x360DF835, 0x2362E230, 0x619D6255, 0xDF6DD648, 0xF665BB4A,
0xF2D44000, 0xB26ADA53, 0x5914E448, 0x28966D0C, 0x64F46375, 0x10C4B055, 0xC875E51C, 0x63D06E53,
0x63C27628, 0x180C3C1A, 0xEFEA8236, 0x12B64645, 0x26B0D92A, 0x48EE4D2A, 0xB4BC6521, 0x2668D208,
0x86D53817, 0xF4699371, 0x4B75B708, 0xB83C1274, 0xB76BB628, 0x8151062B, 0x4C48FE7C, 0xBE6AE867,
0x74A0217D, 0x486DA378, 0x57610920, 0xB414B74C, 0xCE289B74, 0x71D9D51D, 0x81DFC146, 0x9A6DC956,
0x787E4A43, 0x5CE41854, 0x1A70B27A, 0x5078C27C, 0x20F1EA67, 0x8B1ABC2B, 0x1A0D6202, 0x34BD7E72,
0x9148C441, 0x21DAC46F, 0x6AF63F78, 0xDE94B863, 0xB700F97B, 0xA645A361, 0x7A4A8F33, 0xBE270915,
0xA8019D39, 0x9D814A5B, 0xF30AA553, 0xFC4ADC5C, 0x2085C738, 0x13C1C903, 0x1855A05A, 0xFC4A7211,
0x5325E610, 0x33E6BA4D, 0x84901333, 0x92CDA450, 0xDD558422, 0xF7D34533, 0x88D7D57D, 0x2EA6345F,
0x11344179, 0x78153002, 0x74A73228, 0x75651D1C, 0x73E3CE31, 0x61B08651, 0xCDEAC231, 0x2559DB2A,
0x408E5E4F, 0x16F24738, 0x339BE147, 0x615BE0E7, 0x09589940, 0xD6EFB23E, 0xC7767971, 0x1F087E98,
0x8BAC2C5B, 0x52C11D54, 0xD9BACE78, 0xFBDC2DEF, 0xAC9A75CB, 0xEBE3D948, 0x64775D6C, 0xE06C0819,
0xC76C7F0B, 0xB635044C, 0xCFE72106, 0x319C022C, 0xBC6A1F70, 0xEF2BBF42, 0x59DA930C, 0xFE98CB6F,
0x9D281468, 0x4D50620A, 0xEA2F563A, 0xD4085467, 0x13623F05, 0xA7A86718, 0xC041851A, 0x0A789F38,
0x9A3DF301, 0x86B2661D, 0xAA9D375C, 0x854ECC2D, 0xD5BB583E, 0x114E7F73, 0x2D3EB439, 0x5C5E7132,
0xEA329F41, 0xD3B36002, 0x46E4E8BC, 0xD4862520, 0xF39C1F65, 0x66828F02, 0x437AF73E, 0xF838B750,
0x381EA2C8, 0x179F026A, 0x87AB7809, 0x826CE025, 0xF28A284C, 0x5A766460, 0xC09E45B9, 0x74F8F57B,
0xF625C44E, 0x9E2ADB2C, 0xFD01A34A, 0xF4F93E4C, 0x42D87884, 0x35AD9922, 0x79CB297E, 0x40EB967E,
0x82A2B47F, 0xDA91AD7F, 0xBE092AA3, 0xA8B99D3E, 0x2953D268, 0x85EAD872, 0x3A9FDF57, 0xE4B02E7D,
0x5D9EEA56, 0x2DAA5D2B, 0x952ACE54, 0x340A596F, 0x45AF9828, 0x93B36A45, 0x14887B31, 0x76294F6E,
0xD8B3E525, 0xF0572DDE, 0xE5051BCF, 0x08F8E4A1, 0x20E06CD0, 0xFC2C86CC, 0xC6718F47, 0x22D92749,
0xAD16202C, 0xB4A32B46, 0x78AEF518, 0x0CB539EF, 0x27C78771, 0x789ECB5D, 0x50CE2F45, 0xAEF63C09,
0x4F202C56, 0x820D4ED8, 0x41B3EC06, 0xC02B132D, 0x58EE9D39, 0xD863D965, 0x8D88950E, 0x4E15C002,
0x5C176C3C, 0x7B6D75F7, 0xDCD00BED, 0xBF9EAC93, 0xB61EC9CA, 0x62ED63FE, 0x83306D30, 0x3B4F1F71,
0x431A7164, 0x529AA07D, 0x9A3EBA05, 0x1D7832C0, 0x869E2A6B, 0x61C71F1F, 0xFE5C0A2B, 0xC97A9574,
0xF1460E58, 0xC4471F6F, 0x01EDAF16, 0x578B85C5, 0x54CFA7A5, 0x1F5311BF, 0x05B90295, 0x7ECA9CAE,
0x04F2B956, 0x292AC579, 0x4208007A, 0x9CCDC756, 0x7194AB3C, 0x2077AEEC, 0x40C8EB34, 0xA3D9EF77,
0xB51F7261, 0xC98E2200, 0x241EAB05, 0x61D09573, 0xAA1CE91B, 0x2CFB50FB, 0xCFD78296, 0x04C31CF3,
0x398A26A9, 0x771360B7, 0x0976334D, 0x55DA654F, 0xE8FF4003, 0x60DF454A, 0xAC6A1A71, 0x9381DC8D,
0x0FF6DB5C, 0x4B49C26A, 0xC8D66C49, 0x64D5B378, 0x95A1B713, 0x8C35F031, 0xF8DCE311, 0xF67B8201,
0xB34EC95B, 0x8B45102F, 0xAE51B04A, 0x611F6A32, 0x54F5C119, 0xA30BB856, 0x2BCBAF4A, 0xFE647E7A,
0x6BA8FB01, 0x73BCCF1E, 0xC0CC5D6F, 0xCDFB284F, 0xA4E76C72, 0x57E89613, 0x1D9B5C3E, 0xED84FE75,
0xAC5D9360, 0x54A65559, 0xE2341F0B, 0x4C5C5605, 0x90F00A52, 0x94E1640F, 0xB74CEB59, 0x7B12E62D,
0x6BE0384B, 0xF855FC2F, 0x8266AE1C, 0x434CB542, 0x46978974, 0x0FF12641, 0xBF1F9556, 0xA8758A5A,
0x91756B09, 0x059E222A, 0x0C091E7E, 0xA22EC272, 0x8C065A17, 0x37C19B7A, 0x0DD58005, 0x3D977048,
0x173B6D7E, 0xBBF6ED5C, 0x72D84234, 0x09A07B6C, 0xEF745A57, 0xECA3F127, 0xC2E7870E, 0xE60E706B,
0xF6A15A41, 0xF10EF375, 0x5818F752, 0x023BE069, 0x5C473067, 0xC5CD9466, 0xDD472809, 0x3936AF1B,
0xBC69B50E, 0xA8FEC77D, 0x951C806E, 0x419CE54E, 0xFA0A1434, 0xE488355F, 0x9ED1D936, 0x6B10D735,
0x84B1B826, 0x15DD9134, 0x7BCE890C, 0xC005AC48, 0x6CB9784C, 0xDC02E15F, 0xC1278A5F, 0xACE8A209,
0x6E16A625, 0x2DD0FD49, 0x4BB51306, 0xDB693338, 0x59A2E555, 0xDF0F4106, 0x7F1CB63C, 0x36F48F72,
0x42A6B918, 0x92B16F68, 0x02C34935, 0x13486131, 0xFA7CFA73, 0x9852E032, 0xED446A09, 0xD2F1B856,
0x7968FE48, 0xDD29F82B, 0xC793CD2E, 0x012AC248, 0x398B5702, 0xBE0D3360, 0xA2C57012, 0x51F94402,
0x6EAF5F68, 0xCDA45028, 0x7D8B6A69, 0xBACA5321, 0xA1B0C56B, 0xBC9F5369, 0xC3E69F72, 0x2AE7E916,
0xB4F48A1B, 0x71104774, 0xA5780435, 0xA5EFD81D, 0x9A5FA837, 0x267F3E54, 0x76671227, 0xFD596A4D,
0xEE8BC45C, 0xDD0C8F78, 0xA8DB0C39, 0xE62DD018, 0x8D371458, 0x1B8A0229, 0x8563F106, 0x35218359,
0x6DB3B76C, 0xE9625761, 0xCE6CF621, 0x2B0E0E14, 0x4983615A, 0xF52B783C, 0xD322C54B, 0x1C5CD650,
0x3E9BC032, 0x10C9657C, 0xED41313E, 0xCA226773, 0xCB1F4B4C, 0xA784F404, 0x24B22131, 0x082D6273,
0xFDD0323C, 0xF7480A13, 0x15195260, 0x66A2DB0F, 0x0822D64E, 0xC7981C12, 0x44030033, 0x4628C741,
0x0DB7554A, 0xDAD27257, 0x85073405, 0xDA0B0F46, 0x06F6B14E, 0x1BB60F1C, 0x0D186009, 0xB5475B1B,
0x9B911B01, 0xA9555A3A, 0x60C44341, 0xF342AE19, 0xDB82EC08, 0xC662C767, 0x6BCF0B77, 0x1F8C7117,
0x8D44BB0A, 0x70AFC204, 0xC6F29970, 0x3B87B14C, 0x0CFD8524, 0x80AF4C7F, 0x976BD67E, 0xEB2A3F5D,
0x0D8D2813, 0xB575AB4D, 0x89A2E369, 0xB30B9B56, 0x1EC49D48, 0xDACEB53D, 0xF855BF78, 0xCF67F46D,
0x9EEFE60D, 0xCEA4165A, 0x0B719A6C, 0x2C799B52, 0x974F2128, 0xE0342274, 0xDA897966, 0x4F182728,
0x13C86806, 0x7D03D85F, 0xEA938268, 0x5BC4A35C, 0x40AF247B, 0x5F004629, 0x5DD0AC68, 0x1B342924,
0x08A60C71, 0x2419BF05, 0x9C4AE82F, 0xBB69135C, 0xE6D9EB1D, 0x0B133C62, 0x7E95CC38, 0x0D842D75,
0x7719A775, 0x41375CDC, 0x7FE2B457, 0x28291231, 0x6B0BCA2D, 0xA66BCA24, 0xF9AEAA1A, 0x63CA6E0B,
0xD9F2C56D, 0xE187601F, 0xC209285A, 0xCD5AF377, 0xC141630F, 0x90851F1F, 0xCFE2EA75, 0x77365E2E,
0xB6365F53, 0x84132B55, 0x4F80283D, 0xAF7A212C, 0x6C82D340, 0x8F46D751, 0xD668295B, 0x05739C30,
0xFE62AE26, 0x9E3ACF0D, 0x43728174, 0xC18DD14E, 0x97CC0076, 0x933A1171, 0x5CB5AB68, 0xCCAD343C,
0xC4F24F57, 0xA1767626, 0x87038574, 0xEE91C81A, 0x18252945, 0x04BD5B01, 0xA3BEA12E, 0x42C8AD5B,
0x37CBAA3A, 0xBD25E85D, 0x8EDE840C, 0x6BA1E869, 0xE6328C5A, 0xBD29B404, 0x6ED7577C, 0xA4F39601,
0x5C93347F, 0x25F22173, 0xAC396748, 0x8C79CB71, 0x37671C6C, 0x690D6A79, 0x2923A83A, 0x9EF7585E,
0xA66C173A, 0xE9571205, 0x9B724A61, 0x61787D73, 0xA42754E2, 0xBBDC3CDF, 0x90D28912, 0x17DD5E81,
0x1F32CF45, 0x285A2E2A, 0xA7873358, 0x37896101, 0xA7D23779, 0x6FE2EC02, 0xAE146A3D, 0x6920AF15,
0x26F3E65E, 0xE784A45C, 0x9CF1587E, 0xC04CC778, 0xC1E3DE39, 0xD6C0E14F, 0xC930AC78, 0x733B432B,
0x635CF760, 0xAB454713, 0x4CD41074, 0x2444E14C, 0x8D87DE17, 0x1F3CE251, 0x139D0442, 0xAC81440E,
0x76C12E65, 0x541D292C, 0xEE302C20, 0x234A401F, 0x9BD5CF59, 0x35145E22, 0xA2D1E409, 0x39A57C36,
0x82AC9824, 0x255D5B53, 0x4B9F366E, 0x62F4C252, 0x1045F93E, 0x8EB6110A, 0x7FCCEF2F, 0x1D330D20,
0x5B656303, 0x1C9B285E, 0x26DB2230, 0x99A19D75, 0x01914561, 0xEA92F333, 0x2D6C9D54, 0x4F639D1B,
0xC45C2326, 0xFFE5A71C, 0xC4F2C04C, 0xE24EB867, 0x08059241, 0x5A2F152C, 0xF6D50275, 0x9B015F6F,
0x412F470E, 0xBECB0746, 0x021D5760, 0x445D6526, 0x434FD512, 0xD8A99778, 0x3FAFAA28, 0xDE1B1779,
0x2EC0CF28, 0xEDF95021, 0x177B3925, 0x77F6AF15, 0xAC877667, 0xA99BEB5C, 0xF6F05113, 0xC1954119,
0xEF44B641, 0xAB68AB22, 0x4AA4AE3E, 0x5E5B4A20, 0x8F097376, 0x102E5B0B, 0x39561A38, 0x64818F6E,
0x0FDD3D68, 0x93494212, 0xC2CD2479, 0x5E5D824F, 0x0F05E91A, 0x7D2A6402, 0xDDD6A602, 0xD10B8716,
0xB5097704, 0x14CC795C, 0x8AC4DC72, 0x4011531F, 0xCA0F5206, 0xA706134B, 0x03AB6579, 0x7A031740,
0x88C8E11C, 0xDFC9C14F, 0x311CB10B, 0xF029202A, 0x96ECAF47, 0x0CEA824D, 0xAF80CE53, 0x76F8E054,
0x7959A55F, 0x5DB7BB2E, 0x20C4AA25, 0xE8753C6D, 0xBA889023, 0xEAB75437, 0xE286396A, 0xA929544A,
0x4898CE43, 0x86944735, 0x9AE63472, 0xBD01AA1A, 0xF150D527, 0xDCE9912B, 0x5B3B2437, 0x9E50874B,
0x54254D54, 0x29590F24, 0xEFBFB926, 0xCAF56A2A, 0xFF902C01, 0x64227C34, 0x4CAFED62, 0x5FD6820B,
0x362BD574, 0x41920578, 0xD6A9AF12, 0xF8D05151, 0x84F5095F, 0x3FD62A49, 0x049AE26C, 0x2E7FD07A,
0x145DB877, 0x87EE3329, 0xE151DC0D, 0xE21EB604, 0x43D7B62C, 0xF946DB05, 0x82960253, 0xFC711C69,
0x7AEB784C, 0xD02AB128, 0xC52F232F, 0x8BD94F3F, 0xDEFD8066, 0x844FA70D, 0xE804050A, 0x49AD6312,
0xEBCBE220, 0x3AE84752, 0x9633F031, 0x18BC9815, 0x7225A90A, 0x9B7C931D, 0x7166B05D, 0xB146E63E,
0x9628BB71, 0x16981A63, 0xADB98214, 0x00A15504, 0x96FBDD21, 0x17DD862B, 0x31730315, 0x6A7AAA0A,
0x2BCF4313, 0x26583006, 0x66226F52, 0x8D7D3B5E, 0x9EC4BB6C, 0x3FCAEE11, 0x389F0546, 0xFBA7031D,
0xF307536F, 0xED1E3306, 0x32D5E56A, 0x832B793A, 0xA258F419, 0xDDA4A953, 0x269EFA13, 0x896F365B,
0xA6E50E71, 0x3FF1FD60, 0x8F66785C, 0x81304834, 0x55B1B07A, 0x66205061, 0x6D7DE341, 0x25BC4E41,
0xB1DC061D, 0x3B72BA40, 0x081CDC44, 0x7EA12920, 0xA9E6CA09, 0x3599DC11, 0x8D9EE629, 0x1D49A31D,
0xADDE3662, 0x5244595B, 0x49B34000, 0xD961B704, 0x0280EC2D, 0xB9A02335, 0x999BEA74, 0x5D5D0A70,
0xDAD6B71D, 0x8C165908, 0x40B9247B, 0x76B9ED7B, 0x93B45826, 0x7262113E, 0x9760F746, 0x385E3B79,
0x5CF2AE21, 0x3859A808, 0x17EDCE72, 0xD0885C5C, 0xEF3D860A, 0x503ADA58, 0x7C9EA818, 0xB1B6B14A,
0x4C0EDB22, 0x977B0E12, 0x8CA6D801, 0xEFCF0E6C, 0x5C8D8511, 0x97688A53, 0x53319F37, 0xFC70F125,
0x7CA35864, 0x8CFCCF6C, 0x32286322, 0xA160C675, 0xB09E6023, 0x80746754, 0xEA319A03, 0x7B043A42,
0x44B59531, 0x8331177C, 0xB3388E00, 0x5B9C5376, 0x5D883466, 0xE8275A1B, 0x93E65265, 0x2A4CD821,
0x22997800, 0x09A46C17, 0x5305404D, 0x33ED4A5E, 0x95F5EE21, 0xC2843A24, 0x756CCC25, 0x19497D05,
0x47889A41, 0x6E4B9E35, 0xDCE0EE48, 0x01B3F332, 0x6815376A, 0x3E0BDD3A, 0x8ACA1D4F, 0x0EBC427B,
0x1E68036B, 0x1341DF0C, 0x82E68769, 0x0A3FB31F, 0xF399EB32, 0x5C28630A, 0x6181E143, 0xBAB7AA67,
0x7B146D07, 0x8473CA31, 0x8D7D2217, 0x98D77C64, 0xC3D35B22, 0xBC55DD18, 0x0BE0A714, 0x6246FB74,
0xB8134071, 0xDE1D4914, 0x5C689279, 0xD67C6755, 0x14517636, 0x0DC71F0B, 0x2C255F2E, 0x7400FF72,
0x87B31529, 0x468BC66F, 0xAE5F341C, 0x24732649, 0xFD0FAA77, 0x9FF8B839, 0xF3C7BE34, 0xDE8F632B,
0x302A7406, 0x1A078352, 0x93B81046, 0x7A548847, 0xA9D3632D, 0xBC12B824, 0x9625A72F, 0x3F178003,
0x213F0934, 0x1973D614, 0x5085F80D, 0x41555F79, 0x8C3EDE66, 0x66FB1269, 0xD020893A, 0x2CE95A60,
0xB6E3331A, 0x5A77B536, 0xE2DB0E54, 0x3A35805E, 0x32DD1619, 0x45320415, 0x312EFF53, 0x56B0062D,
0x7A2C1314, 0x0F773011, 0xB507B160, 0xB69BD057, 0xA45AE470, 0x7CBA8A60, 0x4D026407, 0xA9C242A3,
0x9E31844D, 0xF078F058, 0x457E5D6E, 0xF4235B1B, 0xAA7BE608, 0xCA54792B, 0x2C6FD331, 0xA3704220,
0x16916762, 0xFC41E167, 0x1E9A530A, 0xE9AD890A, 0x3F77205F, 0x6F0D1E3D, 0xE47B0132, 0xA9BC2026,
0x7B7C90B4, 0x4C22D643, 0xDD08E53B, 0xC8744265, 0xC25D1C56, 0xF1489A40, 0x63559810, 0xAF9D7029,
0x07A6E64B, 0x4E23131E, 0xBB22AD6E, 0xFA237917, 0xA5698038, 0xD4C7B12E, 0xC5CBBB63, 0xFDC8F73A,
0x5766B229, 0x85E5957C, 0x0A6E2A54, 0x48245F1D, 0xF3588A2B, 0x590DD50D, 0x63AC2906, 0xA7077E45,
0xE2CB2D00, 0x16182045, 0x00E73923, 0x2B10807B, 0x186D3A39, 0x7B3B8946, 0x3B251C29, 0x08149D02,
0x05DBE573, 0x55AB9304, 0x5498C30B, 0x720C8328, 0x4601D96B, 0xF43C3B11, 0x3306AD5A, 0xD0903942,
0xD2DDC334, 0x326DAF27, 0xC3BD495A, 0xC9290E4F, 0xE1FC804A, 0x4C0C4A32, 0xF286FB39, 0x667E5B64,
0x2A43FB58, 0x1F705373, 0xD90FBF33, 0xF095412A, 0x65FBF948, 0x7FBE9A61, 0xF5099239, 0x169E1D34,
0x38ABB911, 0x5A7F0338, 0xD247A338, 0xF92EAF5D, 0x2A939563, 0x4B613149, 0x13124D09, 0xFD0DFB47,
0x598AB601, 0x0BDF597E, 0x4A311875, 0xD3F5EE04, 0xB01F9628, 0xA55CD94A, 0x9902EE71, 0x0ED7CA70,
0x397FEB04, 0xBDEA7A1B, 0xDB348F1F, 0x0930D00A, 0x0EE2F449, 0x0F69A01F, 0x02C66562, 0x97BB2F1E,
0xB84F4A35, 0x3AFF1C67, 0x4B05513A, 0xEB5B8A3C, 0x5B38D40F, 0x3FE6660C, 0x55F71806, 0x5FE2EB12,
0x5A473902, 0xAAF6F327, 0x3E990C17, 0x935E152D, 0xDF564318, 0xE660DF06, 0x2CFD432F, 0x43EF9A08,
0x6E2CC266, 0xE8A63315, 0x6783E951, 0x0C2D300A, 0xB21A575D, 0x95677072, 0x2F2FCA6A, 0x0978F733,
0x1E563B5C, 0xC0411E4F, 0xFEB9ECEC, 0x7F85E676, 0x927CB761, 0xDC76260E, 0x9192240A, 0x96450925,
0x4EA57D6F, 0x1000E440, 0xB7AF505A, 0x6AE20C50, 0xF528A266, 0x66E3695B, 0x9533A528, 0x8D088E2A,
0x1BFB4358, 0xEAC5B170, 0xB2BABB6F, 0xB5800952, 0x52A8976B, 0xCE19ABD3, 0x75817B2C, 0x72E1F845,
0xB7D27A69, 0x28E65979, 0x8ACDCC64, 0x087C7D7C, 0xA9612D30, 0x35BF613A, 0xE2793112, 0x35E2BC25,
0xC559B731, 0xBD802B2E, 0x2C1DE21A, 0xAE6C682F, 0x74139374, 0xCDACB07D, 0x6BEFF078, 0x80F67358,
0x465CBA7E, 0x12EBCFFC, 0xCC026157, 0x288B637C, 0x34EEEE43, 0xBAB4775D, 0x91205221, 0x13535F04,
0x72B62733, 0x75A0EC6F, 0x6C36AC62, 0x9FAE8F44, 0xE7856D14, 0xA0B26B6D, 0x82BBF765, 0x53790662,
0x4A77177F, 0x11BA105C, 0x195D9C1C, 0x831F0D56, 0x5FC53449, 0xF11B8756, 0x2BE55D50, 0x1EE91A34,
0x0606F732, 0xBC0F9C7B, 0x757A217B, 0xD6F42928, 0xA3767A7A, 0x03DA990E, 0x3426A549, 0x2B9C3D54,
0x49A46B32, 0xADD83D3D, 0xE1EB9837, 0x26DF105F, 0xBEB91228, 0xB465BF65, 0x50EA2967, 0x9F3B2306,
0x27B5EB72, 0x4501176D, 0xD3D3AC16, 0x75233273, 0xC858D877, 0xE1FC8320, 0x426E052E, 0xF2593A0E,
0xA5021E76, 0x94D5101D, 0x29A30F7B, 0x01207239, 0x452CAC15, 0x4D6FC95A, 0x0FEEEC16, 0x4C055900,
0x8186FC79, 0x8C01D93D, 0x18E0555D, 0xA2F71C69, 0xFD4B780E, 0x4577F301, 0x0BAAB538, 0x3C084B01,
0x64025D25, 0xC5B6156A, 0x2BB5634B, 0x943BC352, 0x16FA4346, 0xD3FB1173, 0xA76FBF7D, 0xFC325A2D,
0x61166F02, 0x7E2FB06C, 0xEE8B0250, 0x06F1947E, 0x80DE0968, 0x5418FD15, 0x8AF8DF76, 0x9F27265C,
0x1A174E6B, 0xC19CEF59, 0xD0608958, 0xA1ED6514, 0x9497E356, 0x79050B00, 0x8E85EFA8, 0xA00C5906,
0xBE4F4B40, 0x86802F5D, 0x8C95EA54, 0x2C7E3878, 0x494C223A, 0xF475886C, 0xE53EF406, 0x68302C05,
0xC0795A09, 0xFEAE3724, 0xC281EB13, 0x599A3040, 0x5BBD1848, 0x0B502E06, 0xD8D6F72C, 0xABC9E843,
0x7E555F38, 0x711E5C30, 0x997C4617, 0x8EAB2F0D, 0x7EC85E68, 0x3C293062, 0x2F1FB923, 0x0330CA3B,
0x09ECE614, 0xA6CA9A40, 0x03CC0605, 0xA4DF7E41, 0xED80BB31, 0x7397A308, 0xD405E36D, 0x6F06883B,
0x0A8F5607, 0x87BDEC5D, 0x1F4B2174, 0x5726A709, 0xED6C0D47, 0x74FEE61F, 0x3D264B96, 0x02F0720C,
0xBCE7A150, 0x193CEE43, 0x0127071D, 0x174A654D, 0xEAA1F20F, 0x33122965, 0x25B80592, 0x6F2DC26E,
0xD290E813, 0x108FDE15, 0x1F41847D, 0x60E0E63C, 0x8760FC6A, 0x85005F16, 0x0EA0040D, 0x4E15F236,
0x1099B02F, 0x355B8F6B, 0x7A115870, 0x7B02CC73, 0xAFE2CE47, 0xF3B10E18, 0x03A04454, 0xF98FFC27,
0x38E92662, 0xC3EFF681, 0x122A6B52, 0xB535C92E, 0x31B0764D, 0xA2BA240D, 0x643B8724, 0xDB7EE95D,
0x7C669714, 0x7B1AE877, 0xDE999239, 0xD076222F, 0xC6424E64, 0x19AB6243, 0xA9DF8C6D, 0x9EA17336,
0xECBE4841, 0xF9EFC930, 0x21C03C46, 0xBE273A5E, 0x3BD26B24, 0xA9EBE02F, 0xB7E42204, 0xB2BCBC75,
0x6A9C8818, 0x6F581321, 0xD6275107, 0xD5801669, 0x74971E15, 0x5D2CF072, 0x0123D921, 0x240C3BFC,
0xDC73F974, 0xCB883751, 0xFB1ADC4D, 0x95157B13, 0xC2443D20, 0xC9408C25, 0x51037C31, 0x5EE20758,
0xD330FE09, 0xEC4E4318, 0xB811644D, 0x6F515912, 0x9CD32C0B, 0x481F9C7B, 0x3DB70151, 0xCFADC54C,
0x29126C7F, 0x03A9081A, 0x0F3AE313, 0x39EFF01A, 0xB24AEC75, 0xAE2CB803, 0xDD439841, 0xF4A1602A,
0xAEBADCE8, 0x1F230066, 0x2F9B1A30, 0x17EF9A35, 0xE7115367, 0x56249B6C, 0x0234E57F, 0x89611713,
0x1A240349, 0x30F26F43, 0x0B6DA027, 0x1CC15812, 0x08DF9D53, 0xC9BF8039, 0x369D0157, 0x61747E55,
0xB6BEBA37, 0x28A0E263, 0x34AC8256, 0x7FF86579, 0x934F593B, 0x7A9C498A, 0x1362241E, 0x1368BE39,
0xF79939FB, 0x70D8C07C, 0xC0D2B61C, 0x594C30CA, 0xEA42E434, 0x67293007, 0x5792F91E, 0x9DB2D74A,
0xE9C60F51, 0x251BCB69, 0xE9AF5251, 0xC438906E, 0x66D05B14, 0x9C82A085, 0x1BD35846, 0xA81A5841,
0x5FE69346, 0x829E7032, 0x5DA90A5A, 0xD1773F1D, 0xC205C362, 0x24A8A223, 0xCB820727, 0x6C3B8067,
0xD361FC50, 0x12A0517B, 0xEBB82C4A, 0x6970B019, 0xEC539D2C, 0xD9F88E35, 0xD97EE73E, 0x8B16777C,
0x34817153, 0x9F335664, 0x6E3D811B, 0xCA65851A, 0xFE023B66, 0xF25A4D7F, 0x3A615C7B, 0xA6BF7E5D,
0xDCA8525B, 0xD404867E, 0x90B51413, 0xAF6CC358, 0xEBCF8A73, 0x72830473, 0xF23CCD50, 0x0D0C1F0C,
0x2C994C62, 0xA97B5E44, 0xD383C94C, 0x85ED2B2D, 0x41DB6F29, 0xBF66F736, 0xB23AEB37, 0x0BDA740B,
0x53F4D217, 0x29050128, 0x5DB77162, 0x2D51C613, 0xD4647A41, 0x63816F3F, 0xC2FD5D04, 0x0A5C9F5A,
0x63CB547B, 0x4CEA8049, 0x84D6737B, 0x445CF356, 0xFC5C7C25, 0x7616B52D, 0x3469907E, 0x2847E466,
0xEE4BBA0C, 0x6DB31F19, 0x0150125B, 0xEEA66003, 0x4DCCF71A, 0x91C8133A, 0x38B94C53, 0xF95E6720,
0x608DDE00, 0xF621C207, 0xC1A90B67, 0xD0EC2959, 0x16AF8C76, 0x93531A5C, 0xDAFD9A7D, 0x82515668,
0x454D5847, 0x3149F168, 0xF07E9F73, 0xC42C8628, 0x0424A30F, 0x2538391C, 0x942AA173, 0x5325830F,
0xE58EE104, 0x4E00973A, 0xA06ED46C, 0xF2E87B33, 0xEDE16759, 0xBEA95018, 0x0CA5FE20, 0x659D0A66,
0xC5351B08, 0x13C2DD4E, 0x0B7D2518, 0x77CCFD18, 0x1A89920A, 0x4C826A4D, 0x2D8DD729, 0xC8027A65,
0xB8CC215D, 0x060F2F71, 0x5CF29C67, 0x41930069, 0x54A4C537, 0x207B5433, 0xF3E9297B, 0x333F4234,
0x7AAD8F45, 0xA323697C, 0x43E1012E, 0x58676C10, 0xE8D99F29, 0xC32B8303, 0xDC3B197A, 0x2D04063E,
0x018A790D, 0xA94A0871, 0x26C44018, 0x369A532E, 0xD4E7A33C, 0x9708EB4D, 0x102B470F, 0xB86F8527,
0x09A6D265, 0x6E1F701A, 0xABB70B3A, 0x7AA35D39, 0xA973D162, 0xC4D0C734, 0x24CF0874, 0xDB671E0D,
0x6DE8A72A, 0xAFC95576, 0x6551F41D, 0x49D34E7D, 0xFE192E71, 0xEB09C01F, 0x7F69313F, 0x86179961,
0x5F7C173B, 0x3126B53B, 0x6F7EC461, 0x39C35A14, 0x35F3BC2E, 0xE663027C, 0xEBE5E65D, 0xF2B0785B,
0xF0D7FD73, 0x3749342F, 0x38C1063D, 0xE36A0931, 0xA5A04829, 0x01F89414, 0xB3175D47, 0x87C94A53,
0xDC5B9641, 0x73240903, 0xEE3EBD6A, 0xF1C43A1A, 0xFF78A848, 0xB2B15051, 0x743CEA29, 0x60201837,
0xBEA6D774, 0xBA11AF45, 0xD4A4CB3F, 0x9C9DAD0E, 0x44EA9C4F, 0x7B436F0D, 0x591BA36D, 0x6CD7F86C,
0x5356966A, 0x67B74815, 0x8C45DD1E, 0x2D565A6E, 0xB9D6C065, 0x29259922, 0x64019C17, 0x5C54CC2D,
0x1D5A4E25, 0xC4511F3E, 0x4376A96A, 0x860F9B09, 0xF5F78428, 0x54CA4D22, 0xF1E4D760, 0xA477991A,
0xE52A7316, 0x7B06656C, 0xF1CB666B, 0xB6BFCC60, 0x3A138673, 0xEEBFF715, 0x58DB443F, 0x103BC20D,
0x1829416A, 0x18CA5569, 0x6743C906, 0xD7B18F0C, 0x2725AD5C, 0x19E95A09, 0xF7F7FB7C, 0x92A93463,
0x8A407438, 0x20B6F96F, 0x79595470, 0x98637F29, 0x33CC464A, 0xEFE1942F, 0x2326423A, 0xA8A2FE00,
0x2FA74E00, 0xB0F0EC77, 0x74B3E979, 0x1EF48702, 0x2F82F621, 0x41C1871C, 0x47F48E21, 0x1F41311D,
0xC4E50450, 0xAED92136, 0x905DE51D, 0x8E2CBE78, 0x8EF14635, 0xF14A1253, 0xB5248F04, 0xAB8FD57E,
0x22ADD20B, 0xA39C0530, 0xA5AFA67C, 0x800AE127, 0xB1191823, 0x26BF1735, 0x75CA6744, 0x3E2A1D44,
0xAF783545, 0x6BD0F406, 0x1839DF13, 0xDADF9F2E, 0x08795F0E, 0x4192A15E, 0xE5B09E71, 0x03387530,
0x836FB474, 0x50B0B739, 0x9A646051, 0xC2B1E27F, 0x25514E46, 0x22230B31, 0x02C05C73, 0xEEDC8F01,
0x43BB1B7F, 0x855D2935, 0x98B1CB2E, 0x5A40DD50, 0x6F19F541, 0x46F85D49, 0x53699F67, 0xDC1BF739,
0xD9FCFF55, 0x7966E841, 0xEDD28E57, 0x6C48ED7A, 0xE89C7B1D, 0xFBA4D96B, 0x44C3D866, 0x98F7902B,
0xC1E34105, 0xF6696F6D, 0x28D9BB2E, 0x5C040363, 0x6FB38200, 0xB974844A, 0xDCBDEC70, 0x7BA7A756,
0x1132E350, 0x54FB5C25, 0xAD0C9864, 0xC1C16207, 0x1980066B, 0x37FF2C4B, 0xF3FA1134, 0x7C321E6E,
0x782BD517, 0x3312092A, 0x0E5F0438, 0xDDEFE64B, 0x7EFDFF0B, 0x4C25900C, 0x7C4EC763, 0xFE700266,
0x8C056F2B, 0xD8747544, 0xE29D7523, 0x085EF16E, 0xA8918F3B, 0xC0B8045B, 0x23CD4E3A, 0xE5458732,
0xD2F94A28, 0x8690345A, 0xB14CF83F, 0xA5673F1B, 0x7E8FF81B, 0xD3438922, 0x8504832F, 0x4542A005,
0x3F9AAF60, 0x9AFC1414, 0xAD44FD64, 0x86532979, 0xA321B27F, 0x4CE4CA17, 0xF2CE3021, 0x2FC22B3A,
0x2CFC7009, 0x4D861D25, 0x0257A054, 0x57B24E4A, 0x8AFEFE76, 0x13C17B7E, 0xCFD7A725, 0x98ED806E,
0x9D175E14, 0x3E0D875F, 0x955B1A22, 0xF3BE1842, 0x83EBE653, 0x2B41F021, 0xED5A8752, 0xE95CFE24,
0x8F161C6C, 0x3EDC3509, 0x6B2FD15F, 0xA7B9B023, 0x4FF2B863, 0xF8B5E207, 0x7B9B5D42, 0xED254D4C,
0xE9DBD464, 0x43D7AA5A, 0x643F470E, 0x3061C064, 0x7132471A, 0x0E9D2B78, 0xB247504F, 0x5C4F184B,
0x4E145333, 0x81042C6E, 0x28FBB545, 0x48F96377, 0x18DF9817, 0xE14EF671, 0x24B23C55, 0x86E7D269,
0x3D72BA6D, 0xF8001139, 0x3ACA9370, 0x11305113, 0xBF399914, 0x9667BD31, 0xDDE8AF3D, 0x77D0FF18,
0xC4BB7273, 0x531A4B33, 0xD9DADE3F, 0x9154DE6C, 0xC0A9BD0A, 0x5682E823, 0xEED84F43, 0x5A3D7205,
0x46808A23, 0xB3D95B6E, 0x97028F78, 0x91482363, 0xA6ACBF01, 0x6F213602, 0x76BABE3B, 0x466D3072,
0x0E6ABB05, 0x96D52F4F, 0x5A1E0223, 0x4DD92D48, 0xE2F5EE4F, 0x676D2F0A, 0x77B0B374, 0xB4BE132C,
0xB2CE511A, 0xB026972E, 0x99B12F18, 0x53FCC06D, 0x96D0651B, 0x3D827F54, 0x1E325B5D, 0x2DA2FA6E,
0xFF2DDD17, 0xA537E71E, 0xBF3A0E48, 0x942C3335, 0xB8AE7332, 0xBD751723, 0x09A10C1D, 0xCA9CCE07,
0xDA5A9072, 0xFEC3D60B, 0x23C19724, 0xADF46F4F, 0xFF14B06A, 0x2424043E, 0x058C4A09, 0x8268D362,
0x890A267A, 0x1EDD1757, 0x5D2B3469, 0x850F7C21, 0xEE94CE2F, 0xA6E2582D, 0x61E88F2C, 0x8E83825E,
0x624D4B69, 0x3ECF116F, 0x3A424F16, 0x1813A848, 0x60F7D271, 0xFFB3E2D4, 0x570BF0DD, 0x7CEA55B9,
0xEF5B5323, 0x7315451F, 0x61FCD54E, 0x597D1B58, 0x85737F6F, 0x8AB82D74, 0x71B1AE11, 0x9C69A775,
0x2BE8A817, 0x01F95D03, 0xD2FE2C5B, 0x363D2A34, 0xFD4EC63F, 0x8084E020, 0xADADEE6E, 0xF50B0474,
0x3AB4505A, 0x3CF5FC55, 0xAE78F21C, 0x3BC4360F, 0x20825E17, 0x93D65B6A, 0x953CD814, 0x6F319431,
0xDBACD346, 0xC0AF9D7E, 0x6D3E521A, 0xB70D06C3, 0x7AF2A3F4, 0x66A38FC2, 0xB4624800, 0x3F93BF26,
0x7B52953D, 0xE2AE1224, 0xA5A5567B, 0xE6738D55, 0x9629FD0F, 0x21ABFA10, 0xD36EA532, 0xA97CED69,
0xD7B93D2D, 0x158E7875, 0x0EF2014F, 0x979837F5, 0x7D6B9C4E, 0x73B9696F, 0xB2496F0C, 0x9A49A047,
0xE4EA1C37, 0xDFEF3F33, 0x1E20455F, 0xE3301857, 0x467E8616, 0x470A5903, 0x878CF67C, 0x3529831B,
0xF7D04606, 0xFA574678, 0x45F22E14, 0x6A79846C, 0x5E624C49, 0xE6089B29, 0x99954F6D, 0x47A4AB04,
0xA364712B, 0x04236383, 0x27720450, 0x3CDF5800, 0x1CD8B664, 0x9DABED0B, 0x447D6B1E, 0xD59CCD55,
0xA3170E27, 0x2C9D2F7D, 0xD4796E27, 0xB2F11172, 0xCFEA0730, 0xD7F0693F, 0x310F8714, 0xF08F8620,
0xDFF81C74, 0xD4113B21, 0xBFCC957A, 0x1EC4CC2F, 0x77861007, 0x7DA0D551, 0x44C3FB74, 0xBAC12C1C,
0xB376994D, 0x780BAB6A, 0x568D7523, 0xCA684601, 0xBAF7291B, 0x9F5B5C41, 0x8AA85169, 0x5B480935,
0xC2555D58, 0x458C3202, 0x10805460, 0x7D593B1D, 0x9EA62E3C, 0xC5AEBA7D, 0x6F9F2831, 0xA1A31D11,
0x7DDD503C, 0x723ED120, 0xD83CE01E, 0x42558E7A, 0x0DE48464, 0xCB0FF00C, 0x4F1EE264, 0xED741635,
0x05380342, 0x3560406F, 0xB409E500, 0x663BB37B, 0xE8BB7E01, 0x73ECF430, 0x82BF6312, 0x89771460,
0x06B4572D, 0x7EE41132, 0x00A1AA13, 0xFC8D5F5B, 0xDF4C0043, 0x38FE1F0E, 0xA6F89F6A, 0x9F274F7B,
0x9BAA6346, 0xEEDFC953, 0xCF78657F, 0xD2F06A6F, 0x4A294129, 0x37179C31, 0x93368F7F, 0x0C06FBD6,
0x90AB4030, 0x3799464C, 0x5C5A755C, 0xD1F7D05B, 0x19A6BF58, 0x4326FF31, 0x77408A0B, 0x551C8157,
0x2DB3FC6A, 0x1920A50A, 0xDCFE285B, 0x62C8B470, 0x7E90F85B, 0xFB32A424, 0x3A9CE929, 0xC59B8763,
0xD16B7C43, 0xF17F6533, 0x0E81774A, 0x0AC0C400, 0xE97FDA27, 0x10796109, 0xCFB68A08, 0x27252503,
0xD7249228, 0x4E29EC1B, 0x1845E71B, 0x2F3FAA31, 0xC249C668, 0xC5ED1B46, 0x52089E1C, 0x6FE02E37,
0x5E145E5B, 0x4E07927A, 0x0F3CF42D, 0x8EA52676, 0xB9DA333E, 0x5CF1F742, 0x95AF4754, 0x2BB9F87D,
0x943DB16A, 0x2CC7CF5F, 0xEF63D543, 0xA0695664, 0x6CC25052, 0x11CBB769, 0x62C19700, 0x61250224,
0xB2BC0402, 0xAF79FC18, 0x4915166A, 0x42A4514B, 0xE742256D, 0x5EC88A3D, 0x9A448B11, 0xF3AB531B,
0x338D015F, 0x2A298927, 0x21F36637, 0x6DD25372, 0xC0D1A010, 0x31C61F6E, 0xA3603F5A, 0x8A6AE777,
0xC6832E22, 0x31380F69, 0xBB3D0060, 0x5C861977, 0x855C2D34, 0x71FA6551, 0x3EF8A760, 0x52080D49,
0x5C1B637E, 0x85AE7A2F, 0x14274A0C, 0xD6620310, 0x2A11DA47, 0x799B8F19, 0x9935062C, 0x6E26F338,
0xC8ABAA28, 0xFC889A28, 0x5992B46F, 0x1685937A, 0x8C89B10D, 0xB7575152, 0x65A7760F, 0x541B1B7C,
0x92199C54, 0x7C23FE7A, 0x0415C444, 0x5C47642F, 0x8227476D, 0x19D2C717, 0x81BDC37B, 0x3393CC4A,
0xDBC24936, 0xBDE5D62C, 0x938EB06C, 0x8ACD304A, 0xBA036351, 0x608FA069, 0xF8AA5857, 0xDD298F39,
0xE197A856, 0x6E9C3D3F, 0x2F05CE21, 0x99F52C58, 0x3AA86875, 0xE6BA862F, 0x6700F703, 0xB197AD38,
0x8B8E160B, 0xBD0E895D, 0xE65C205A, 0x65318743, 0x703A1F47, 0xF57EF41C, 0x4A464C06, 0x06DFF662,
0x3A26BD78, 0x6890025B, 0x3C737942, 0x32B97536, 0x4A53FE7B, 0x7B4A563A, 0xD05D1714, 0xCA840A07,
0x73204305, 0xA1F65310, 0xE6CEF22E, 0x6ECE1F47, 0x06BA9121, 0x7CBF7A3B, 0x657D3B09, 0x754C2541,
0x478C907F, 0x87A46760, 0xB5547C1A, 0x7D1C341B, 0x769D621D, 0x0F645223, 0x99D08701, 0x6F851767,
0xAE89F761, 0xCD5A735C, 0xD42BCC1B, 0xC140697A, 0xF5165266, 0xEFBDFE46, 0xA941AE6D, 0xA7882453,
0x43428A4E, 0x8235566B, 0xDB9D1D68, 0x205B3D27, 0x1B717664, 0xA1371D5F, 0x3F96B52E, 0x04676C13,
0x0D5CFB23, 0xA055CA51, 0x0869F80F, 0x255B7132, 0x47A8097B, 0x09CF9A37, 0xAE0D640F, 0x046AD57C,
0x18393062, 0x6CEBF869, 0xB2B36B53, 0x966CE65F, 0xE9B96A31, 0x0698E72B, 0xB5CE6C2A, 0x3D3F470D,
0xE0FCC15D, 0xF1C8C47E, 0xCFD32A32, 0x5BA7B441, 0x899B8273, 0x1D7E6E0B, 0xF3018B51, 0xF92E3334,
0x855AB735, 0xE1834D0E, 0xADCBCE71, 0x45CF7050, 0xD3427B79, 0x9863DB00, 0x93B24108, 0x83A36900,
0xA1F47452, 0x8CEE9F6A, 0x73A51B6E, 0x1309C35B, 0xE805FC6F, 0xE8C3A06E, 0xE125D54F, 0x1FC6C821,
0xEFCAD16E, 0xFD3DB763, 0x37308458, 0xFCB50901, 0x799A8C71, 0x1C7F574A, 0xE7750A1A, 0xA1DD7C6A,
0xA39AC865, 0x0D7FCA1C, 0x3091E223, 0xA7586F3D, 0x24A7716B, 0xF8761158, 0x11580936, 0xA3E2962B,
0xBC9CDB48, 0x9B457424, 0xFD993140, 0x4CBD8705, 0xE4ACF625, 0x8B8F5457, 0x6F2FB062, 0x34A0AB76,
0x8B90105A, 0x8A3D905C, 0xCE840544, 0x174E3F0E, 0x1B2E5220, 0xFDFBED6A, 0xDA10FF64, 0x2D658B57,
0x85EA9E3A, 0xB215476F, 0xD0550F56, 0x4A6E252D, 0xD8F69A47, 0x74C88141, 0x3280D340, 0xBD7EB950,
0x9775AA48, 0xB62B6424, 0x0EC30F43, 0xD4137C1B, 0x18A91160, 0x20B07465, 0x8BAE0B77, 0x4E38B419,
0x6A5C874A, 0xC0F9AE2C, 0xDD447B33, 0xC5A5A915, 0xE52A1556, 0xD663C41F, 0x736D1114, 0x842B2340,
0xE838DA51, 0x06379433, 0x5EB3C214, 0xC92D234D, 0xAD28EC21, 0x13159B3A, 0x9F965D09, 0xD823E369,
0xB574B049, 0xDB227B1E, 0xF8428C2B, 0x71246538, 0x10DCB953, 0xD3402A27, 0x47F98B2B, 0xAF3E3C13,
0xC5D56815, 0x4614F361, 0x76C5AC6C, 0x2C4F8321, 0x7DC5A214, 0xB6495F40, 0x503B0D28, 0x8493B730,
0x1CCD6D35, 0x73267C03, 0xA4F66F67, 0xAE9D4857, 0x1AD18E40, 0x24484E28, 0xC43D2F50, 0x74B3BC0E,
0xA20B9942, 0xF4EF3028, 0xFA892063, 0x3EB7F82B, 0x4D290E2C, 0xC8266F12, 0x8E6A9613, 0x7B96C720,
0xA953090F, 0xC16F8954, 0x9ADDC663, 0x4797493A, 0xB97DD732, 0xBDF1A05A, 0x51D74460, 0xF86C3105,
0xC85FC212, 0x5076D257, 0xEF39703E, 0x59BBA35F, 0x89928548, 0x0A36E16A, 0xA0F32C23, 0x604C580A,
0x70CC4B17, 0x2B501424, 0x6C65357C, 0xDA8D1048, 0x9DDC456E, 0xFE750007, 0xA0713F0F, 0xA682624E,
0xFE6B111C, 0xFF0C387B, 0xA86C7F5A, 0x765E6614, 0xF0BB046B, 0xB643225A, 0x0B82652C, 0x3AC5CE56,
0xB7456B54, 0x94974849, 0xAFEAAB07, 0x8F947A02, 0x433BF50F, 0xB17ACE67, 0xC04A060D, 0x8C31E47F,
0x7E6C581F, 0xE36B0F7E, 0xA2279C25, 0x3AA87C54, 0xF3F94873, 0x88485E4B, 0x5AFE1808, 0x19902D5E,
0x6E87A710, 0x1578AF08, 0x3165B621, 0x14034356, 0x9F7C9910, 0x770E3F23, 0xAA64444F, 0xA3616B2A,
0xFECB445D, 0xF320E734, 0x4837586B, 0x9C06F108, 0x7D31AB0C, 0x5EDF9931, 0xC06F9978, 0xFFCC217D,
0x42929026, 0x18CE1638, 0x31CBD848, 0xE937F06B, 0x56D71D65, 0xB5E86508, 0xBC904D7D, 0x7B75BB3B,
0xC2D27A1D, 0x2F5A7F3E, 0x2570E055, 0x459FC049, 0x2D45231E, 0x91527151, 0x03B6C165, 0xA9660A1F,
0x32219264, 0x7F1F7D36, 0xD3646B2C, 0x0C899C4D, 0xB6514124, 0xB81B1E1C, 0xC8E52B0B, 0xC4FD9F2B,
0x484F056E, 0x1AD65933, 0xB985073F, 0x337D9337, 0x61AFA95F, 0xF24E916F, 0x60F34978, 0xD6AC620F,
0xBE1DD046, 0x3D761029, 0x4D19D50F, 0xB1381D7C, 0x809B3E41, 0x92C12064, 0xA9124962, 0x73F6E14B,
0x6D66224C, 0x3F539967, 0x69BC6464, 0x681C7C48, 0x382C594A, 0x055E0170, 0x7DDB675B, 0x4F0D871F,
0x37F6713E, 0x45C5C37F, 0x5D9C613D, 0x44BF765C, 0x3A858F63, 0xD3145D60, 0xACBE0F2E, 0x27807958,
0x9FD38C64, 0x8119701D, 0xFF835566, 0x500B3578, 0x34A2DF50, 0x11DC7A5E, 0x6EA0542A, 0xB9598215,
0x18415D7E, 0xE5215B4D, 0x70425F51, 0x7A1E9F47, 0xAA52BA6C, 0x6F8BB53C, 0x1A64BD30, 0xF0D2D951,
0x72A8BC1E, 0xD236713B, 0x47254801, 0x74764623, 0x5FED7949, 0x74D19D6C, 0x52DC3C0D, 0x53EEA336,
0x411D4257, 0x15BBDE32, 0x0E69DB7F, 0x62FCCF59, 0x7967FA5A, 0xAAC6407D, 0x07793B3B, 0xCDBBF768,
0x0C80A440, 0x6CE1BA71, 0xD3D7C15B, 0xF7A73A35, 0x9D8DAB7F, 0x6F08D855, 0x4B641522, 0x7F893078,
0x2444DB4A, 0x745A9A25, 0xC4707F24, 0x4D343434, 0xD356AF0B, 0x9DECE045, 0x5FDC851C, 0x2E6BC165,
0x754CCE08, 0xABF79A3D, 0xF38E520D, 0x13E15627, 0x5A01DE28, 0xA8565E2B, 0x76CE5431, 0x709A9E58,
0xF0C1330D, 0xBEEB607C, 0x52684F4E, 0x0CFE9238, 0xC0986E40, 0x0A29E835, 0x7ABC3F64, 0x25559D04,
0x4039BD68, 0x8666D502, 0xC3695C2E, 0x0D93DB7D, 0xD7411624, 0x7AE38178, 0x631DE512, 0xDC28D442,
0x79999B70, 0x6F3BDE35, 0xB754B31F, 0x80C9E523, 0x24706608, 0x3FE55161, 0xD14D5717, 0x4BC21536,
0x66CBF86E, 0x48D3A216, 0x4AB6307D, 0x73169619, 0xD55C8908, 0x742B3957, 0x41E6CC79, 0x80673C0A,
0xB2AF2164, 0x46CD8C2B, 0x45BBDB3B, 0x55D7C937, 0x1B16136E, 0xB721F864, 0x07B7F958, 0xD931613D,
0x03905167, 0x66F5B02F, 0x5BAF6E63, 0xEAA4CB28, 0x19B59C58, 0xEB56DE77, 0x1BABAF25, 0x44BECA1D,
0x5905C862, 0x93231106, 0x543C392A, 0x3C18FF36, 0xF440CF2C, 0x0BFA9864, 0x859C3339, 0x876A4839,
0xA54EA67C, 0x14AA8113, 0x83A64821, 0xA4C34601, 0xEB61E915, 0x3C3A902D, 0xAB391F26, 0x7BA82F4C,
0x44DE9404, 0x97A9993E, 0x63510602, 0x3302E50F, 0xFBE93141, 0x5F7E830C, 0xDE26CD42, 0x458D7F17,
0x113BDE53, 0x76EC6F4C, 0x007FBD31, 0x6E7F7048, 0x723D7410, 0x33A65D23, 0x86103C6A, 0xA04C0165,
0xD4A5CF6B, 0x1AF5D83E, 0x1D434274, 0x2E02ED3E, 0x89DE6D78, 0xC7ED0F5D, 0xC7877A51, 0xE4D4A607,
0x9F409766, 0x725FCA46, 0xB9705416, 0x61233C46, 0xA40D4314, 0x530CB036, 0x759EA258, 0x1EF68F04,
0xFD7F6E31, 0x8487C567, 0x4F448732, 0xC47B6674, 0x2FAFCC5E, 0xB7BB5B4B, 0x21C75719, 0xC00D7156,
0xD05F4C2C, 0xBC19C44A, 0x5F6C6E19, 0x09E46457, 0xEDB15E2D, 0x30DB3F3D, 0x88C6571F, 0x4E3F225E,
0x8F10B552, 0x65533F2B, 0xDBC38162, 0x04366170, 0x5E8D2E19, 0xA11B3C65, 0xAD263F43, 0xDA8D632C,
0xED97D10B, 0x4B789608, 0x1D5FEF44, 0x7BB4241C, 0x2B42BF54, 0x7B99574C, 0x5329AED0, 0xCD6EA03E,
0x0EDB953F, 0x9E8B87D3, 0x33BB9202, 0xFF3F9898, 0xAFE649C7, 0x32672A1F, 0xCEEB781C, 0xDDFFC739,
0xFDD70BBD, 0x614E244C, 0xCAB5F08E, 0x03D665A6, 0x4941810F, 0x88551912, 0x8C8EA4ED, 0x27937105,
0x448F96B9, 0x5FDC3DC0, 0x65903364, 0xACAFC452, 0xA90E44EE, 0x09C7DF75, 0xFAAE85E2, 0xAE000799,
0xCD0F2A6D, 0xEC40F502, 0xF2EE5378, 0x6B392833, 0xD0025F9B, 0x2C91FC74, 0x384040BF, 0x47AEE01E,
0x432E56CE, 0xC8EE27CB, 0x7DE6895A, 0x20F9EE04, 0x89BF9322, 0x23C95F94, 0x88D5D919, 0x1E9360CC,
0xEE96118F, 0xBF547404, 0xDA378621, 0xF4935FB8, 0x6B952A48, 0xEF92B8EB, 0x2AD0E79E, 0x1764933A,
0x6695FF59, 0xE32363BD, 0x4C7B993E, 0xD03E89C5, 0x957A648C, 0xB7B4CF3D, 0x001D1751, 0xD0778D08,
0xDD62B249, 0x61A13BDB, 0x1BC92563, 0xA9DBC28E, 0x0D0D481C, 0xA215539F, 0x4F37B1EF, 0x544FD914,
0x6F82EF56, 0xB2E27F6F, 0x3C2113D2, 0x19B26D19, 0x2BF90EAC, 0x296D97DB, 0x0F3CE250, 0xF5A2287F,
0x0953A0CA, 0x44A69E18, 0x4076CEBF, 0x9304F7A1, 0xD1FB964E, 0xE93C8773, 0xBD2BE79D, 0x51651468,
0x72455784, 0xB7AC57CF, 0xF561EC5A, 0x850DCA07, 0x71501616, 0x4FB36B24, 0x10A7DBFD, 0xAD411B24,
0xF14FFFBC, 0x55B9FA74, 0x40ABA283, 0x9B38DD9E, 0xFC15BC1A, 0x2C2A733D, 0x6266F807, 0xD61963A2,
0x6F200F6F, 0x545B02C4, 0xF5823ABE, 0x5E1DC966, 0x5FB16259, 0x2781D0C0, 0xE32B623E, 0xA78449A9,
0xF53916CB, 0x4B5E1152, 0xB5FC3647, 0x190D600F, 0x7B0AEAD4, 0x77550A1D, 0x498860FB, 0x9D54959E,
0x8E0AA249, 0x12A0FA28, 0xAA94E64E, 0x2EA3972E, 0x05A02A4C, 0x8919352B, 0x67DF4104, 0xB0016777,
0x6EC86323, 0xE510134F, 0xF1EB5B7C, 0x58737233, 0xAB393103, 0x4CDECB20, 0xF56B3B06, 0xCE5FA506,
0x0BADC507, 0xCAB89671, 0x5586C057, 0xE1A58F28, 0x0C48354B, 0x6CAB371A, 0xA43EED20, 0x9087C030,
0x2A52E300, 0x4529BF35, 0xE7CC9862, 0x6B0E8979, 0x8FDBA972, 0x7D0EF847, 0x9EF7702F, 0xB18FF375,
0x6473BF51, 0xF9306F99, 0x253C1DC7, 0x1969ADA9, 0xA4BD2D09, 0x51D865E7, 0x0E8EE0AB, 0xA817D8D5,
0x7A61D93C, 0x1A59A9D9, 0x638C3CCD, 0x6B2BFA87, 0x975DCB33, 0x729D40BA, 0xA965E857, 0xB4F988B2,
0x88548EA1, 0x660CC627, 0x3CB80F0F, 0x70778F4C, 0x75EE4A66, 0x91901F5B, 0x8B700B09, 0xDC4FCA1D,
0x0EDF3E57, 0xCE35603B, 0x8566F847, 0xB3518EC7, 0xB1CBAC5B, 0x5C32803F, 0x7B2D7B9C, 0x5E99F088,
0x58CDC672, 0xF9CD7B44, 0x3B44F423, 0xE2E0DD65, 0xA6BF5072, 0x93FDF251, 0x195E67E2, 0xA42A4E0E,
0x9636C27B, 0x08CC4794, 0x9A51FDB2, 0x7467A7AF, 0x96801D25, 0x8ED13B52, 0x5D12BF03, 0xCA767552,
0x653ADA19, 0x9ACFC97B, 0xAEE51335, 0x5359EA66, 0x9B317246, 0xF10AF43B, 0x9126671A, 0x4750CA7D,
0xAFF22F69, 0x006D1184, 0xA1712118, 0x8A7AC128, 0x385B17F1, 0xE5A6E00B, 0x3C026B96, 0xFDF5C1B7,
0x3CBD090A, 0xF13E9C52, 0xEBE39873, 0x9B692E8D, 0xFDA4B246, 0x68912FBC, 0x34D2E6B8, 0x8166110E,
0x07B5077C, 0x3CA75EB1, 0x8E114174, 0x61E6BCB9, 0x5E43E7C9, 0xE274DC48, 0xBEC03656, 0x7FA97BBA,
0x795EBC11, 0x91F61BDC, 0xC9B87CEB, 0xD7A0157D, 0xCD8AA02A, 0x2DBC0E3B, 0xAC81E402, 0x504AFFEE,
0x6E5B9575, 0xBF9572C7, 0x2C38CF48, 0x64510ACB, 0x91DE4280, 0x9E28AF60, 0x935F5E20, 0x48347B10,
0x591C2BC9, 0x9ACF0750, 0xFA4257BA, 0x5FC54193, 0xBCA82250, 0xF275992E, 0x7FECA2E7, 0x9CD5B747,
0xC54CE5DF, 0x655297A1, 0x6734F501, 0xD290E47B, 0xFC240EB5, 0xC0DFC267, 0x906825FD, 0x597DC9ED,
0x99085661, 0x0830886B, 0xC0E9F33D, 0x8EE31A0F, 0xCDB658E5, 0x3FDAE358, 0xD3EA62BF, 0x05C0CD7B,
0x6DC6B5CF, 0x0409DBC2, 0xB2E3BB3A, 0x588B5D03, 0x05279931, 0xAADEA6E0, 0x830FD050, 0x602DFFE6,
0x5B935EBD, 0x838F1C58, 0x47BC5308, 0xE1703BBD, 0x9C214451, 0xCA2999AC, 0x70562393, 0x72FCCE49,
0xF1276C08, 0xB7D26996, 0xD12FFE36, 0x30A19398, 0x7B6DD6F6, 0xE7C9CB2E, 0x1559010B, 0x36478975,
0x54F57966, 0xE58E45CA, 0xACD3A621, 0x6DAE82B3, 0x350ED51E, 0xBE46EECF, 0x8F28CCE2, 0x8BD61E1D,
0x80EFD42D, 0x1A940313, 0xA2AAC4C7, 0x6DF2DE2A, 0x00A1CEE4, 0x82327BF3, 0x87A2BC00, 0xA05BA518,
0x44B12180, 0xA24DCE4F, 0x6B4743B4, 0x4FE34FFA, 0x6607427B, 0xEC4BC476, 0x0B09D74A, 0x11ABB08F,
0x45A1B904, 0xA2EE27AD, 0x68E3F686, 0xD3CABC37, 0x47D6F45E, 0xA36BA675, 0xF450F079, 0x38199734,
0xA7D4E819, 0x9AC2D711, 0xEF03294E, 0xB8171F50, 0xD8C7FB4B, 0x5933ED2F, 0x00633255, 0x0085BD12,
0x9520CA29, 0x88E8370A, 0x88285B37, 0xF41A5B6E, 0xF2529D7E, 0x8BE8B81B, 0x47656C1A, 0x5B3D6D2A,
0x8323E04A, 0xB2FAB42C, 0x4C8B7B12, 0x59629209, 0x31149B7E, 0x22A5A47E, 0x03305776, 0xEFA53D7E,
0xBDE61231, 0x3F356A3A, 0x769C0C72, 0x9EE3942A, 0x28C8BBFB, 0x6A2BD290, 0xBF1807F8, 0x5E6CEA30,
0x552862A8, 0x6E594AF4, 0xF0B427C8, 0xF7923032, 0x7339258F, 0x63786CAA, 0x29853E81, 0x6C6BF034,
0xDCEE8896, 0xEC757349, 0x4C4F2BEF, 0x5234C1A0, 0x66F5E86A, 0x52F4714D, 0x9D961971, 0xA6843F03,
0xCC0C906B, 0x404E4C06, 0x685A8236, 0x46356E2A, 0x372B4C29, 0x294B9E44, 0x37E203A4, 0x5EAF7670,
0x0BB9D22C, 0x13AE2292, 0xE1E687CF, 0xA37F9839, 0xEB76E75A, 0x0AFFC12B, 0xB9ED3C01, 0xB70E0352,
0x5C1C0F1B, 0xB9955BC1, 0x72B04140, 0x5F810102, 0x752F0FB9, 0xFE0A2BE5, 0xF2AE249A, 0x8903CD54,
0xBF73F40E, 0xC3FB1A6E, 0xB761B93C, 0x7E1ABC3C, 0x363F8423, 0x9D854F4D, 0x18A60737, 0x76B4967E,
0x89204B16, 0x16DC863E, 0xA475071A, 0x1C29A324, 0x5269A797, 0xB9564200, 0x3DD5D820, 0xF13D08E3,
0xCB837D2D, 0xB9B5A09A, 0xCE6BCDC1, 0x4D028038, 0x8DF3C454, 0xE4ED795B, 0x4E8C5CE3, 0x9C8E2F20,
0x7D5B6EA3, 0xBEF834B3, 0x6BD17B4C, 0x2219FA6B, 0xADFD9FB7, 0x87911970, 0x6EE2D1E7, 0xA987AFE3,
0x4AF86D48, 0x0B1E4C15, 0xFC58B3FD, 0xFDFD550A, 0x2AAC6FDF, 0xCD4B668E, 0xD1C24511, 0x26EABC4A,
0x165BE161, 0x3465226B, 0x3AD71DAF, 0x2736EC13, 0x0CBAD79A, 0x7F7BA533, 0xD15612F8, 0x0DC018B2,
0x04B79305, 0x05AD9252, 0xC1FDF713, 0x969FAAF8, 0x0005C167, 0x72A353C9, 0x28189B9B, 0xE042F239,
0x69A3E270, 0xB86D54F1, 0x87AAD56C, 0x2963FFD0, 0xAD63A2CE, 0x69C5C60A, 0xAD976B50, 0x35FD5F9F,
0x0EF83422, 0xB03F22A9, 0xAA78AB83, 0x11278C25, 0x979C6E2C, 0x076F4B65, 0xE50ADD5B, 0xD2D4ADFF,
0xFF086A01, 0x60350CAC, 0x5121E840, 0xF027C0A1, 0x17582CA9, 0xF8BA874E, 0x0C968313, 0x531A6517,
0xDC432D9A, 0xBF4C5536, 0x1AFCA7EB, 0x5CA5D1EC, 0x991DBE1F, 0xA63ABA5A, 0x1F4A218F, 0xE629333F,
0x14DB1CE9, 0x1074CDEB, 0x379A9436, 0x853AB46E, 0x2F4EF487, 0x94D0E724, 0x906AF6F7, 0x42072581,
0xF296AD48, 0x367ADD44, 0x2F577848, 0x256FBC62, 0x9D244097, 0x0ED34A14, 0xB0DFB4A5, 0xCDBFE300,
0x4FCF6F94, 0x011D12D3, 0x05E18D58, 0x6D178751, 0x57C9F27F, 0xCBE102EE, 0xB22F9624, 0x6FC982DA,
0xF53EB2EB, 0xE3AF0A66, 0xB7B9F86A, 0x715218B9, 0xD219C358, 0x119868A0, 0xFD280FBE, 0x9F3A6563,
0xF53B3D40, 0xF7170218, 0x8E0D78FF, 0xF8224609, 0xA789E2D0, 0xC41C69E7, 0x745ECD01, 0x4A37092B,
0xC29E7310, 0xA36C8A0D, 0x4DEE5C66, 0x3CED7F4B, 0x9F751672, 0x7BD09446, 0x897A2559, 0x29D7881A,
0x030A093F, 0xFB745E3F, 0x50F31A78, 0x98A9CD1A, 0xC4604B04, 0xE4BD2A05, 0x69152114, 0xD8565B1F,
0xF962591C, 0xA3A5411D, 0x666E146B, 0x443D296A, 0x94F16E58, 0x54504D38, 0x6D2CD334, 0x3274F163,
0xE4F4AC57, 0x9AAE8F45, 0x7DED1233, 0x2B9B997F, 0xD21E8706, 0xE8BFDC34, 0xC72C5F20, 0x46F8C4D8,
0x0A809DAE, 0x7B8727F2, 0x08BB910F, 0xB375CCF1, 0x9F3FEF88, 0xAD87F9C5, 0x93DF515D, 0x8E8C67DF,
0x8AAB48FE, 0x0CD18AA2, 0xE536E40D, 0xFD040DE4, 0x2F01C01B, 0x280937B6, 0x8F2CE28F, 0xF848F659,
0x40DF227D, 0x19954656, 0x38BE476C, 0x1919324D, 0x05835957, 0x46CBCC33, 0xC1537522, 0x60B6D85B,
0x29C34A19, 0xAB1375ED, 0x5F60173E, 0xC9F84A55, 0xAE5224AC, 0x605C6CBD, 0x391B411D, 0x0C761707,
0xDFE52A45, 0x2E07D74D, 0x403D0750, 0x7DD55A33, 0x81F087A9, 0xC6B7CE7B, 0xF6FEA438, 0x4758E1F3,
0xF51F8EF9, 0x3DF8E1B4, 0x79DB722A, 0xE8EED669, 0x50710E59, 0xB7462045, 0xCD5E241F, 0x2ACEC341,
0x99F37D0D, 0xE22A4A23, 0x0333963D, 0xE61DC81C, 0xC52FD036, 0x456F7821, 0xEED83553, 0xFC18C09B,
0x752CDB5D, 0xA9651C2B, 0xF8E001BA, 0x95BAB504, 0x967709E8, 0x6CCE2FDB, 0x310B6D26, 0xBC1B655F,
0x516DA960, 0xAB5165DD, 0x6F665862, 0xBCAC0CCF, 0x089D7DCC, 0xCD4BF241, 0xDD0C9528, 0x3591F2A2,
0xB7C2CC22, 0x64CB94D4, 0x2ECBC3D8, 0xF5408667, 0xAF10CC38, 0xBC807BDA, 0x85A1F84F, 0x1E2AB2CC,
0xFC214BD1, 0xCE212340, 0xAA4AB779, 0xFA1FB337, 0x87525279, 0xBD32FD98, 0xCF72E431, 0x732D4EAF,
0x6A82EA42, 0x6961BBE8, 0xA4E8F097, 0x4C084713, 0xF146A274, 0x530A7000, 0xBDB34EDA, 0xAAA1B86F,
0x442B75D5, 0xA214AFEC, 0x2D0BE72A, 0x6744A77E, 0xCB9C15F0, 0xAF6E1C0F, 0x0DE249F1, 0xFEF1E4D8,
0x48835462, 0x31C7B73F, 0x11FCE1DC, 0xE8F99232, 0x3B337BF3, 0xB9C78CA6, 0xF25A0545, 0x2852C57C,
0xF7B14720, 0x4E64153A, 0x5146ECCF, 0x36FFA048, 0x757D3CC2, 0xDE236638, 0x7EB87286, 0xD18367E4,
0x0BE1DC13, 0x8C03D26D, 0xFAD4741D, 0x9D1D389D, 0xCA0DA13D, 0x64D6D3E8, 0xC3A7C098, 0x9E9A6912,
0xA259B96E, 0xE5D682E4, 0x25802208, 0xE21E42A7, 0xC80F17C4, 0x79124849, 0x96F65B68, 0xFAC1FABD,
0xCE04DC5A, 0xD2F6639A, 0xE5DE8DED, 0x76654A39, 0x47487B6A, 0x94E9166D, 0x801CC934, 0xF1E3E3F8,
0xC80FBB32, 0xC20E5E89, 0xDD36844F, 0xAC75E1EA, 0x5BD410AA, 0x140F160C, 0x78A7BB3A, 0x4D1D591E,
0x8CED2DEE, 0xE4CF8D0D, 0x5533F68D, 0xF80F68D6, 0xF2F46276, 0x1BCB8344, 0x6050FFC3, 0xAA731A51,
0x857BF78C, 0x6AA785EB, 0x061F3345, 0x4C47F973, 0x23FD940F, 0x3EA40FE3, 0x42BB9E3D, 0x2B5CA7E7,
0x6EE96FB0, 0x2A208374, 0xB6F48651, 0x15753157, 0xC7E5347E, 0x58917128, 0xC9C24F39, 0x4A11F417,
0x8A3B4A67, 0x28A18165, 0x9E424B46, 0xD1DA1535, 0x5B3E8565, 0x7823AB69, 0x5ECF7970, 0xAAE00A5F,
0xF7DE8320, 0x35B9525D, 0x6279846E, 0xCCCC7042, 0xBCA42E4B, 0xE6DF7621, 0x07AFEF36, 0xFFDF9345,
0xF4033D6D, 0x59FC5520, 0x430BC374, 0x9FE17169, 0x58D1536C, 0x5BF0146C, 0xA77E9413, 0xE3BDC841,
0xB42F9D2B, 0xE8558B04, 0x47C4B8B9, 0xCDCC3EE9, 0x41DF75AC, 0x01B02D36, 0x548B73AF, 0xA9BF87B6,
0xA5B023FA, 0x6DCED84A, 0xF4F7F1F9, 0xE516E5EA, 0x5B3B238A, 0x8BF72F54, 0x7DCE20EA, 0x00CA5F3B,
0x89C88ADA, 0xC70661EB, 0xD201FF0A, 0x461DD001, 0x02608652, 0x2BD5C924, 0x01B49457, 0x30CF287F,
0x3112F026, 0x056C857A, 0xD8378176, 0x95F9D946, 0x60D73080, 0xFB967B4C, 0x2945A73B, 0x66F861C9,
0x700C6FD2, 0xBCC79A18, 0x4687B07C, 0x6DC45353, 0x90E79A1F, 0x1D5D554F, 0xF8466E43, 0x270F5ABE,
0x0EE3BC08, 0x2A867908, 0x1C755E8C, 0xBB95E3B0, 0x527A70D5, 0x5893862E, 0x97744B41, 0x9793EF67,
0x43AC1D0A, 0xF23DF76D, 0x6B2CB915, 0xA13C9718, 0x2C7EED28, 0xC9331E25, 0x4203C354, 0x1B9CF076,
0x6F356C77, 0x978CC453, 0x94FDE764, 0xD1A5DA2C, 0x22E6CD38, 0x239B9C34, 0xDC8F2D1F, 0x9E9F795B,
0xE5676475, 0xA2E9102F, 0xA3B5625C, 0x96A2F66C, 0x1EF19E7B, 0x0A93E50A, 0x900D9356, 0x46109649,
0x83FFF23E, 0x62B2A145, 0x3A72A132, 0x050EE824, 0x0E5D0339, 0x62CCF45A, 0x15753201, 0xB383364E,
0x03F2C97D, 0x5BDBDA6A, 0xBC124C4E, 0xCA1370EE, 0x2DD86610, 0x65CA08E0, 0xD0F06819, 0xC3329161,
0x1917D7B6, 0xF13D137A, 0xFA5D8576, 0x75F2C000, 0x5E9E255E, 0x6E7C0119, 0x0359DF7D, 0x79C48F7A,
0xAA43DE07, 0x0C42BE28, 0x550F9029, 0x635A3467, 0xD9360C2D, 0x656BEC45, 0x6080880E, 0x51FB6C1A,
0xD19EFF17, 0x6D05D779, 0x2A63CA6F, 0x14A7F143, 0x4DA8C6B3, 0xAE591E49, 0x0B0520A7, 0x23DE024F,
0x35E9FE12, 0xD9CF38E3, 0x6C8BB81C, 0x0451A246, 0x4CEEEE2B, 0x2DE6553C, 0x47DF4D1F, 0x17ADE659,
0x3836A831, 0x2CF4894D, 0x4F4F5440, 0xD7CB0067, 0x919B1851, 0x53887910, 0x66009A50, 0xE5A01F36,
0xAEB7790C, 0xFCCDE148, 0xAE906941, 0xC2439E5F, 0x5D15BF9C, 0xFB4E5C37, 0x9EA814DC, 0x2209362B,
0x9F1F2746, 0x5AFEA6A2, 0x3F41485B, 0x477F6077, 0x73316053, 0xC3588B59, 0xA6DAAC63, 0xEC34EC00,
0xAA97D01D, 0x875E734C, 0xE82F2E3C, 0x34ACC148, 0xBF7D5969, 0xD8E82140, 0x9FAF7312, 0xFB0BAA16,
0xBB3E7731, 0x0E4D422E, 0x3E004369, 0x782F062E, 0x6406A320, 0x7773F435, 0xA0C060DD, 0x7D81FC41,
0xABC26EB0, 0x29302903, 0x11A31A29, 0x5EF132C7, 0xF05E776F, 0xA6C0421F, 0xEB5B3A5F, 0xADD57141,
0x41CD3225, 0xA7E2F503, 0x385D1D20, 0xF814C325, 0x1CA2E619, 0x9FB5D15A, 0xD856D344, 0x3528B31C,
0xE1D28B38, 0x8D50B604, 0x1E88727E, 0x854BCD17, 0xF1F4F159, 0x16D17351, 0x51873642, 0xDB291295,
0xF953910D, 0x00FAF9D3, 0x086ED955, 0xD1770234, 0xC85920B6, 0x30EE3223, 0xBF997809, 0x4CA37D38,
0xE2014A0C, 0x0B393A39, 0x1CFAD672, 0xB7E3D83F, 0xA5FB7513, 0x6CA7FF7B, 0xCC2F2C42, 0x5DDC8452,
0xAF32DE79, 0x18DD5D53, 0xAC6B3D49, 0x1326D846, 0x6B998A79, 0x22BE7B24, 0x733EEE18, 0xA1A451BC,
0xD748914B, 0x88D6CFB3, 0x61B07E05, 0x7B57E9E8, 0x68B2561D, 0xC9A25BDB, 0xAE280366, 0xB7AC2C7C,
0xFE7C0F10, 0x4E66D87B, 0x9FC1E574, 0x8F18142C, 0x0DEB9B35, 0x3D2F932C, 0x6926F34B, 0xC878CC5C,
0xC53F7AC2, 0x4D92997F, 0x35C9BDB5, 0x3543341F, 0xFBA01582, 0xCA4DE14A, 0x5E7C68D9, 0x1356C375,
0x41A78F6D, 0x0B12746C, 0xFDDE2342, 0x0FF62412, 0x3B2A907C, 0x70059619, 0x0A2F16A3, 0x3D9EA060,
0x77CA7D6E, 0x297A573F, 0x70A6CB03, 0xF74EE963, 0x0B217450, 0x79552131, 0x2DF99439, 0x1E26E33C,
0x80044372, 0x1B32B718, 0x4D656127, 0xB053E455, 0x7EFBC145, 0x6CD3D8FC, 0x269858A2, 0xFE2A7F24,
0x2D542F04, 0xA4C1FEEC, 0x7AF8ED88, 0xC651FF4A, 0xEB6C1D06, 0x5096FF87, 0xCEC0DDDC, 0xBE35B323,
0x6268CD24, 0x7EAB258D, 0xE28BD682, 0xFD26D21C, 0x22B28E21, 0x86C1BD06, 0xBD72F170, 0x60E09767,
0x36EDA0CB, 0xED5852DE, 0xAD9D6007, 0x911CA919, 0x1C807899, 0x9AF291BB, 0x9D1AC31C, 0x4CA94176,
0x162B9CB4, 0xFC0B6B84, 0x143E9202, 0x83B8462D, 0x26B3E6DE, 0x42F14CF1, 0xD3F07326, 0xD98B8A35,
0xCFD63E7F, 0x74C07B65, 0xD062D61D, 0x7A14EB14, 0x55A79102, 0x2CC9E12B, 0x4DCEB43B, 0x8820E17F,
0x397F2412, 0xE0EED005, 0x18FC9537, 0xC02E9C5F, 0x26BF7F4D, 0xA5164920, 0x2C4D6241, 0x05CBA30C,
0xC5047B69, 0x116C9D63, 0x84AC0C2C, 0x7D6B5E73, 0xA9EBA561, 0xC7DF1050, 0x020A2E22, 0x59446F31,
0xEFF06E7B, 0xF47EEC1B, 0x866B0B46, 0x78C25D7F, 0x71908D40, 0x809146AF, 0x85D14E97, 0x62D1A28D,
0x4E82863B, 0xF28E3740, 0x4291B857, 0x6BF77E30, 0x6C01DB46, 0xCFA8454A, 0x5089206F, 0x568C7E71,
0x7F59B552, 0x16C45141, 0xCC627457, 0xC0D9F300, 0x0885C534, 0x7F6A154E, 0xC49C49D9, 0x65F0885F,
0x21B8CB6C, 0xF2191F4C, 0x03065B47, 0x43322321, 0xFB5BDB02, 0x2194CB02, 0xF8A96A6F, 0x7A4FF523,
0x8F310465, 0x77E4F54F, 0xDB660D5E, 0x80FBF238, 0xF4135F79, 0xB2EE9FF4, 0x696270F3, 0x9472C03E,
0x50D6C97B, 0x33C853CD, 0x4A974ED7, 0x5AED6175, 0x26EA321E, 0x36AB82E0, 0x1A2F60AB, 0x2EAD5852,
0x9B1B8F2D, 0x8669B0AC, 0x105B64ED, 0x9612C313, 0xDE6B000B, 0x44E4C611, 0xBF128028, 0xB7FE1E25,
0x7876894A, 0xAEDE0A5A, 0x577FA15A, 0x5BBC9B43, 0x8393993D, 0x5645083A, 0xB3BC6628, 0x7B705926,
0x2348B220, 0x2FA24478, 0xD049252C, 0xBA77B50D, 0xC08C5E66, 0xE7E4ED0B, 0x4B50937C, 0x82782868,
0xA4C86607, 0x6AD43E44, 0xD9381A58, 0xC99FD31B, 0x28625366, 0xBD82EC02, 0x0DDAF352, 0x53C04909,
0x16F7EF20, 0x1EA7FD7B, 0xE6091348, 0xAAF56C0D, 0xDE792807, 0xB551340A, 0x69418C5F, 0x250BFF34,
0x04C78F3F, 0xE09DC823, 0x27E22B77, 0xE0F7A93E, 0x1E7F24D7, 0xBBEFD5FE, 0x0F996638, 0x1F291A54,
0x2593A64D, 0xB3D73167, 0x1790C155, 0xB37A1C56, 0x43ECCF66, 0x02EAEF65, 0xCB632A70, 0x3C13AF3D,
0xC7EBAE79, 0x41EA1820, 0x3829C24F, 0xCF41921D, 0xCE32690A, 0x26F7126B, 0x8D3B823F, 0x1B34FF05,
0xBF102157, 0x5EBFB013, 0x63EB102F, 0x8677C761, 0xA38CF00C, 0x6693F93D, 0x6544174E, 0xD9E76730,
0xB500AC12, 0x9B65B95D, 0xDCF5E633, 0x3FB38D2D, 0xD4A6D06C, 0xC7C2D55B, 0x1B5FD76D, 0x706C9400,
0x9D991D1D, 0x054BB374, 0x84C5EA09, 0xBF222740, 0xE1DEE844, 0xACEE5E28, 0xF977FC06, 0x61DF6B4D,
0x13F44336, 0x4954A823, 0x5627D577, 0x3E53B825, 0x30C70FCB, 0x3F4531AC, 0x2C9ED236, 0xCF35612B,
0xB5EE2871, 0x3078A926, 0xFC5A2965, 0x06EFC13C, 0x448C2614, 0x8A8F882B, 0x66A49C4D, 0x6CB74908,
0x472CE16C, 0xFB87FA47, 0xCBFB7452, 0xB813B347, 0xF8289909, 0x37103AC9, 0x6EC758D6, 0xCC47E419,
0x0D8A3547, 0xF161EB21, 0x6267615C, 0x51618076, 0x2034AD48, 0xA95B0E2B, 0x05093B2C, 0xF1E6560C,
0xA1D69172, 0x9BA0196C, 0xA816BA1E, 0x380A1444, 0xF1BE751E, 0xFFC9DF13, 0x6E120DF7, 0x29A3FBE7,
0x2915D913, 0x4C127226, 0x80731C74, 0x4070F943, 0x12699E7A, 0x82D8E76C, 0xC9164521, 0xA55DEA50,
0x38304E54, 0x3C42F15B, 0xFA49D014, 0xD4909F19, 0x818B4542, 0x6747447C, 0xD76AEF3D, 0x356D332D,
0xCBEE1A53, 0xDD81DA3B, 0x1659B57C, 0x2208257B, 0x5095923B, 0x5CDDDB0A, 0xBBDCE800, 0x33A2521F,
0x9250CC17, 0xD2D1D818, 0x1F7E9E73, 0xCD46A20E, 0x18276556, 0x4F6E495F, 0xDADEF8BE, 0xBC7F0DE7,
0x787EF90D, 0xB7C5067D, 0x42F34229, 0xE0EBD11F, 0xC5F06C21, 0x68878274, 0x641A822F, 0x3568A271,
0x3D2BDE73, 0xD012334A, 0xD67E0545, 0xB01F1253, 0x816A8F79, 0xC8C25753, 0x72AAF4B0, 0x1301F8CF,
0x2C840D82, 0x7540AFB1, 0xC927160D, 0xC1649B69, 0x29DDF355, 0x8FAFA840, 0xFABCAE0D, 0x44458A5B,
0xEB57260B, 0xAAB37179, 0x51BFB43A, 0x49480870, 0x10069D73, 0x9C19151E, 0xED56735D, 0xF85D9862,
0x10A3C4A2, 0x70A71F9D, 0x5909ADB5, 0x218CD1B1, 0x7EF54D3B, 0xEAF94E2F, 0xDED77C59, 0xFEE63A57,
0xDC8AED12, 0x33462146, 0x44203077, 0xA85FFD1B, 0xBDBE444F, 0x65FFB402, 0x8A9A7646, 0xA4CC3207,
0x90DD6B3A, 0xEDD1464D, 0x7F957A16, 0x394B73F7, 0xECA35658, 0xAB81E42D, 0x66E3D61B, 0xCAD61F85,
0x12440221, 0xB4D7A22B, 0x683D591C, 0xF2E85BCF, 0xAFC2470B, 0x1CEC0022, 0x9E1DB43C, 0xFA9F0929,
0x4800102C, 0x347EB828, 0x3B0D16C8, 0x41A0D70E, 0x47422069, 0x3FC7CC03, 0x42C63125, 0xE55722AD,
0x390BEF5B, 0xDCCD750D, 0xB978EB0C, 0xA8DFE248, 0xD8508A01, 0x9295C2E9, 0xA50D6A26, 0x17FD3848,
0x0955655B, 0x4E659805, 0x2462124F, 0xEB48C6AC, 0x8F480950, 0x0AA201AE, 0x4EB16A09, 0x436B8A5F,
0x238C7C76, 0x44FF9175, 0xF050A337, 0x8D7ED61F, 0x7AB56C3B, 0x88F4377C, 0x460DF493, 0x3A10A24A,
0xEE38CC88, 0x0C289D89, 0xD848935A, 0x358CCB1A, 0x87CE664F, 0xDB10EA0F, 0xF825BB29, 0x64897E4F,
0x17B57E37, 0xDFEE0501, 0xBED5073A, 0x6EF2F04D, 0xE49A400D, 0x0E2F17DD, 0xDB222524, 0x55FF69D2,
0x33242B91, 0x0CBA545F, 0xDFCAB07E, 0x3ACA602F, 0x490B0007, 0x87FEF774, 0x357F9069, 0xBD57D796,
0x3963EC4E, 0x599F63EA, 0xE18D2C5F, 0x9BC63E5C, 0x743A616A, 0x0A61412D, 0xFDE9DA23, 0xF60A3034,
0xB3EE0933, 0x86CAF05F, 0x9AB4FF90, 0xC5C1650D, 0x40DE76D8, 0x53C6CAA4, 0x2F58A56D, 0x69FEAE59,
0x1F9DC067, 0x3EE9EA2B, 0xD2F50F18, 0x9476C864, 0xEAB40362, 0xAE96B043, 0xEBE42415, 0x4BB23053,
0xB9F8250C, 0x02A0F9D1, 0x2C1F4520, 0xC58D79A7, 0x026300AD, 0x66749607, 0x88F1A53F, 0x82A4F22C,
0x864C4E16, 0x250D8E12, 0xA5A9AA35, 0x497309C4, 0x51760D3F, 0x72843697, 0x95DBAA3E, 0x7C56405A,
0xB4A83E70, 0x525DB11A, 0x71746088, 0x2BE76811, 0xB69337C7, 0xA7E6D385, 0x6F4BD665, 0x734B865C,
0x51007D3B, 0x3A12C315, 0xB9454917, 0xA9D0E50D, 0x4BAE7228, 0x35A37F5A, 0x1952AB55, 0xED593110,
0x11E55497, 0x4C542734, 0x2BE8D8BD, 0x1D2A0FC4, 0xDFC7EB0E, 0x941A4729, 0xFB495E04, 0xECB3864D,
0xB2CAB601, 0x3449FF2C, 0xA96ECF47, 0x1F90947F, 0xBBCE5678, 0xACF9580D, 0x3B1C8C68, 0x73755077,
0xEAEB2B75, 0xE9784F8A, 0x8DFD4F3E, 0xDBF40BC3, 0x2645C7B7, 0xFFA5BA2D, 0xE552B76A, 0xA1EB9526,
0xCAAE865F, 0xBE97220B, 0x717D0B5A, 0xA4247749, 0x46A84162, 0xADCA2029, 0xCF7CBE18, 0x038E1172,
0x0163F536, 0xADE7A376, 0x17355F37, 0xE574D816, 0xBE13427D, 0xB3E25039, 0x5D44FF49, 0x944F651D,
0xED734636, 0x0AF12237, 0x8A900675, 0xE67BDC0F, 0x9E747119, 0x386FCD3F, 0x11A8977A, 0x2914935C,
0x17927C6F, 0x57C75A11, 0xF910DA4E, 0xD385DA29, 0xF863B811, 0x6C6F9711, 0x05826566, 0x1A946347,
0xEC874324, 0x9CE39158, 0x8A397A29, 0x4B330C16, 0xBBAA106B, 0xB9FD922B, 0x52DF9227, 0x43FB344B,
0x74B2150C, 0x1847E76D, 0xDE058016, 0x5536073F, 0x65BCB01E, 0xC425F17B, 0xEA35AB45, 0xA3D8CD4F,
0xB5430F3C, 0xEAF3AC4F, 0xD7AFAB53, 0x2D02C75A, 0xB503590C, 0xBAE41765, 0x228CFC48, 0x3D860A00,
0x77E76A86, 0x82D6EB64, 0x8032E831, 0x45FE4946, 0x81BE8734, 0xD7B01FC7, 0x30A3DAA5, 0xC996B331,
0xFE685F52, 0xBF7EF10A, 0x3937C688, 0x63880252, 0xE43B5B2B, 0x8DF57ABB, 0x5D7F1D61, 0xA8DE119C,
0xFF6BAB76, 0x45E07538, 0x104F0C24, 0xA71D9529, 0xED580775, 0x3B70CB79, 0x5E43527C, 0xFFE0F154,
0x79BCB47F, 0x3E99E9D8, 0x5920345B, 0x43BBAC43, 0x7E3536CE, 0xFE5A1116, 0x5F9C527A, 0xBD936DFA,
0x63F853CF, 0x2A9BC87F, 0x054FC43A, 0xE584F31C, 0x28951162, 0x64B1CD65, 0x8BAD450F, 0x5BFDDC5A,
0x7200515E, 0xDC4705AA, 0x5CDBAE49, 0x13B38383, 0xAE534FEE, 0x43100656, 0x3EA4206E, 0xEBB9B3C1,
0xFCA1D423, 0xBEB8D0C9, 0x5D3F8E5D, 0x16C83E1D, 0x059D6E27, 0x0E759B29, 0x307BD510, 0xFBAC9458,
0x6258C474, 0xB9DA3857, 0x52CDF43A, 0xF94DB77F, 0x8B614A52, 0x27D96C14, 0xFC9E5809, 0x5BF7DA8E,
0x65D87762, 0x7FBA3BE9, 0x0730751B, 0x0993E472, 0x36482AE7, 0xC5800802, 0xF704867C, 0xF6D96D13,
0x7D6F2777, 0xADEEDB01, 0x5AA798F0, 0x203D6537, 0x7DC9F8D0, 0x97A01410, 0x025E9D04, 0xB949213C,
0xCA6FCA2F, 0x8E1E9310, 0x7CC4A62D, 0x06E2EE5C, 0x5CEC8B4E, 0xEAC4F624, 0x5D79AC34, 0xBC9E1C30,
0x96303023, 0x28E1AEA6, 0x82FA5243, 0xD568236F, 0x020FAA21, 0xF6304D18, 0x94373653, 0xCB5871DE,
0x6BF3AD35, 0xBC122038, 0xD1977230, 0x583D544A, 0x1B207201, 0x425EE045, 0xFCCF06A0, 0x7F07AA91,
0x225A4C7B, 0x8222FB45, 0x29BE8560, 0xF63A1295, 0x6AF17908, 0xA2D05057, 0x32DD2370, 0x21C85318,
0xBD2BBE08, 0xFD890E94, 0x8951AEF6, 0x5817AE09, 0x356BF628, 0xDA38952E, 0xD66A4F5F, 0xECF56F66,
0xDF4F970C, 0x36CCD9CE, 0x4E7E3689, 0xE60F4C7E, 0xFE6CCF75, 0x47A3497B, 0xD81DE804, 0xD2C03D73,
0x659D7E33, 0x26A04120, 0xC7ED5613, 0x1F766768, 0x0E0CC045, 0xF5E08058, 0x1BD07273, 0xBAD76828,
0xE110F149, 0x9D3EE830, 0xA20ACF35, 0x98EBBC4D, 0x32FFB866, 0xB8109F10, 0x44E14D07, 0x5B96173A,
0x0B049BFC, 0xCB0123D8, 0x7B9B705E, 0xAB792660, 0x38F0302E, 0x5CA82D7F, 0x765E83FC, 0x74DCB736,
0xB5B0EF39, 0xD0DE5792, 0x8AB0BE42, 0xAF3AEF95, 0xBAF0F21A, 0x1CD7ED15, 0x0E6B571E, 0x9EFB4D77,
0x476C9D6A, 0x8E59D974, 0xBCBE1407, 0x5A461FED, 0xDA86606F, 0x08848B18, 0x00509224, 0x4AFB8D76,
0xEFC9566C, 0x0EB89E8F, 0x27E744C3, 0x6E55E362, 0x99A4AAC6, 0x9B7AB69F, 0x8B23A638, 0x9833CE46,
0xE346B446, 0x58313F67, 0x8720EC2E, 0xC91E2077, 0x35A58969, 0x1DDA2F32, 0x0FA2CB58, 0x6F8C49D3,
0xB7310A9C, 0x5211AFD2, 0xA76012E1, 0xDE070562, 0x8675D3C8, 0xD0FA61E6, 0x0A482A93, 0xBB0B6AD4,
0x98D1A301, 0x7EE26D3E, 0xF5546605, 0xE0232343, 0xB03A6BFC, 0x80011E90, 0x2DE78598, 0x9F977D63,
0xD8D0F40C, 0x4A70E423, 0x56C46905, 0x9F5E5174, 0xB333AE2A, 0x175C8562, 0x89D7AF28, 0xE5142B71,
0x08D14F5D, 0x49778555, 0xDA7D2B55, 0x8D8CC041, 0xA2CA0748, 0xA8BA9470, 0x07B62D50, 0xEF03C86B,
0x0C655B20, 0x4EF98151, 0x1A023707, 0xBC58247F, 0x8E67ED1A, 0x1169C226, 0xA15CDC1D, 0x297ADC61,
0x3F3C3A36, 0x40513B20, 0x7EB08F03, 0x883BCA41, 0x55AE6A56, 0xAA119C02, 0xDE2A1722, 0x8ED7603F,
0x42ABD81B, 0xFD2F5A4A, 0x68C21E5D, 0x08ED2489, 0xCF490846, 0x0D457A0D, 0x3928E04E, 0xF1C1AF61,
0xCD39991A, 0x78FFADCF, 0xA0307EF6, 0x1047CBB6, 0x59B2D05F, 0x9AD3F240, 0x7A8E834E, 0x2DCFA26D,
0x94E30718, 0x508CED5E, 0x8AEE8C4E, 0x3300F77D, 0x761CB727, 0xB2551D5C, 0xF90B65B5, 0xE1851D67,
0x9E69EE25, 0x9FAAF42F, 0xD180706C, 0x0FDD6444, 0x678AFCD4, 0x031B73B8, 0x7A2248EC, 0x6180964B,
0xAFB2AE0A, 0x24C76E1C, 0x42E9656C, 0x361C0803, 0xFD7CFF12, 0xED193148, 0x5A1CC017, 0x0B488F73,
0xF5801990, 0x9F7EB259, 0xA6302D5A, 0x69E67C17, 0x561CEA7D, 0x442FA97F, 0xBEEBC7BC, 0x42BD2DFB,
0xFFB029C5, 0xAC75BC2A, 0xFEC71B2D, 0x5BBF720F, 0x4FC5B61A, 0xD720AC1A, 0xD327794F, 0xE3860D4A,
0x18EA1168, 0xCF618807, 0x3FCFEFCF, 0x09651D72, 0xAD3E1840, 0x2367480E, 0x400B2735, 0x333B9A1C,
0x20D34ED3, 0xE2BC528F, 0x03D619A9, 0x49641D55, 0x86FDF213, 0x909B426F, 0xCB5AD711, 0x94EFB04D,
0x0CFCCA51, 0xAAA39B4F, 0xBA087B15, 0x478D6305, 0x5FF0BB7A, 0x0628A504, 0xE9ECB9D2, 0xBF43EE0F,
0x131E36D6, 0xE5F40D49, 0x7349E36F, 0xE6B12526, 0x5AFF656B, 0x4666D508, 0xBBE2A4D6, 0x9013F4B7,
0x88AAF5BF, 0x84176817, 0xEBAE9354, 0x7720DD78, 0x1A882643, 0x2A3CCB20, 0xF90E3310, 0x58F16B69,
0x5CD33806, 0x1CF71468, 0x3A288D33, 0x2B6D406A, 0x08E471AA, 0xC424BF4B, 0xA8A074A0, 0xE061BAEB,
0x052C8E1D, 0x2B5B0846, 0x96966955, 0x4181066C, 0x21BDDF5D, 0xB038B941, 0x86023E41, 0xF957BB45,
0x22313312, 0x79AAB16D, 0x0706AF70, 0x4990D957, 0xBF8C7557, 0xD49ED92E, 0x3C98D156, 0x3BC2E42D,
0x4258B5A4, 0x93BC6844, 0x694C3109, 0x77A4B955, 0x759E225E, 0x0D594E4C, 0x282AD676, 0x1C61D466,
0x75A111A1, 0x005CF855, 0xFF3C064F, 0xE16987E2, 0x1E681E1B, 0x5F504801, 0x4AE3456E, 0xAE18CF68,
0x4859E750, 0x97955263, 0xC5D9E254, 0x9A376147, 0xE472107F, 0x679F6F5B, 0x9B766E76, 0x55387756,
0xA9A97918, 0x101A9650, 0x236830DC, 0xB9E5F2A3, 0x3EA8DE70, 0x9FD4687A, 0x3EA99B55, 0xC5050C0E,
0xC47BCC5B, 0x1471CA4A, 0x85667100, 0x69E5F76A, 0x6111C347, 0x60F87212, 0xA335F908, 0x3CD97316,
0xF631E77F, 0x0B159B55, 0xC62BDD51, 0x87E0D143, 0xFF35B940, 0x1AA68952, 0x296B8013, 0xB346FD30,
0x45B1A205, 0xC4D4C65C, 0x42BBBB72, 0x82890E24, 0x3B523154, 0x67005B00, 0x33813F21, 0xC7043870,
0x0F81E72F, 0x213C2947, 0xDA1F120E, 0x26CD5B13, 0xD9106652, 0x97427456, 0xA313103F, 0xA8489F67,
0x130D7164, 0x4611D83B, 0x9FB2860A, 0xA06FEA37, 0xEDBAA17E, 0xDA82641B, 0x03011030, 0x5ACB1F61,
0x9C5ABD37, 0xE1EEB14E, 0x65FF9526, 0x64E16C27, 0x06FE8351, 0x4598FD3B, 0x152EDB1F, 0xD6CCEF2F,
0x09E9906E, 0xDED32F0C, 0x7A146358, 0xC5B7F005, 0x04F61E53, 0x940B5B30, 0xCF925F09, 0x5C6F547C,
0x8B40A321, 0xB481AD42, 0x06072F06, 0x63B6AF33, 0x8626D672, 0xDCB8C23D, 0x7A457843, 0x1877D50C,
0x5EDA1B2E, 0xAD720055, 0x7E2AF82E, 0x699FBF41, 0xDF44DD21, 0x62A45C2C, 0x87E93E0C, 0x42163902,
0x0EE9E121, 0x86E8BC45, 0x1D02B040, 0xA8FA1E26, 0xEE24D57E, 0x24041023, 0x960D3D7A, 0x51DD5478,
0x7B60571A, 0x944AF853, 0x20531921, 0x3CDF0309, 0x61FE1D23, 0x8522FF0B, 0x4B6FB710, 0x10FEC82D,
0x8CAFB967, 0x09359C41, 0x63946C6C, 0xB9F12654, 0x87F0CF33, 0x289C4A2C, 0x36E2B917, 0xE98F8420,
0x6E598F0A, 0x4702D763, 0xB25D405B, 0x3FDC2660, 0xD733B518, 0x3258532C, 0xAF744552, 0x414F8F50,
0x3F2B514D, 0x288B402F, 0x018C8322, 0x76B34479, 0xB8B74326, 0x25081A3D, 0x4E604163, 0x55480D3B,
0x1B5A3437, 0x6FB32935, 0x3B7E0B7E, 0xB620A670, 0x046B2803, 0x9AB0392E, 0xCF911D1C, 0x00749644,
0x9A3C7712, 0xC6B43A78, 0x30B51849, 0x7B79262D, 0x4FD5D43E, 0xD1255A12, 0x96F2107F, 0xA4FDAB2C,
0xE246462F, 0x347F2B5F, 0xF1624DD4, 0x1996390E, 0xF4D5F306, 0x5AB02C0F, 0xDF206064, 0x5FA36D1C,
0x33A5A255, 0x28ECF21F, 0xD7BE1EF2, 0x72CAE214, 0x2FF31A27, 0xDE81AA7B, 0x1C4B540E, 0x997C0A1A,
0x732CB02E, 0x4EE2AD69, 0x428E9D10, 0xF803383D, 0x0D88F85E, 0xBE1EE929, 0x2417B657, 0x21DA7973,
0xD7ED0D45, 0x72415151, 0xA253213C, 0x16238731, 0x24866978, 0x8D49C051, 0x0D53925F, 0x5FA26A53,
0xA5ED790B, 0xBCBE622D, 0x06C9053B, 0xBE4E2A10, 0x2BCBE052, 0xB0FCD335, 0xA9CF5544, 0x9E203E4F,
0xF097DA33, 0xAB745B5B, 0xE6034374, 0x8A663660, 0x76E5544A, 0xCBFC1F03, 0x5D2C7672, 0x5AC36112,
0x313EB36B, 0xE797DA71, 0x6EC7BE61, 0x2BE5D33D, 0x947F5013, 0x53011000, 0x58CB181C, 0x25DC1C1F,
0xF4B1E540, 0x2848764E, 0x060A0316, 0x301DFE5A, 0x7EDA9702, 0xB5026D35, 0x94F9A170, 0x5A080475,
0xF9F62313, 0x84D4076B, 0xBD89CD3B, 0xC8D5EC1C, 0x45C97701, 0xF13CAA27, 0x93D78A7C, 0x744EB609,
0xB2CA2957, 0xD7CDF976, 0xE097FC3C, 0x0CCDFB10, 0x1387E605, 0xA4DCBB65, 0xD99DF91A, 0xADD81260,
0xF457720C, 0xB58A4F48, 0x744B8F5F, 0x57459AC8, 0x91A5FA42, 0x44302448, 0x5A875E19, 0xECDD7A34,
0x7F20302B, 0x449461A6, 0x1C3A3EEE, 0x600166F9, 0x77D88349, 0x9CFF5A08, 0xA04DA755, 0x0C59D807,
0x496A3F44, 0x66274FF3, 0x9940E72C, 0x92627F7D, 0xF792CE5C, 0x5BC67C7F, 0x70AD9808, 0xA3D6F33A,
0x2ADCF63F, 0x327A918E, 0x848919BF, 0x3006A5D0, 0xD0D6C527, 0xEFF369CB, 0x7BF27CCC, 0x534A6CE1,
0x07EA8846, 0x8644D156, 0x7E402962, 0x56FF557B, 0xAF257C19, 0x9BC8782B, 0x28F95A05, 0x0FDAE916,
0x53246365, 0xBC284366, 0xF0334C36, 0x3E910F5F, 0x5B557442, 0xDD199E0D, 0x297D2A66, 0x4DE04866,
0x51FC0F11, 0x0CD7DF2F, 0x3D8661FF, 0xF6EADAE9, 0x4CFC8CB5, 0x1D62B71B, 0xAE71C16B, 0xC0A6EE05,
0x1196EE08, 0x36615A1D, 0x0B1FC25E, 0x62E73B57, 0x531A8E53, 0x3D06C06B, 0x3EC8BB2E, 0xCC0411EA,
0x57E426CC, 0xFF5BA27B, 0x57AF6ABA, 0x3F484C20, 0x70569537, 0x2F622416, 0x44E4E37A, 0xE2919DC3,
0x2A9B6B43, 0xB0D8BFBF, 0xA48FBA22, 0x65145A5E, 0xC0069B7B, 0x3F94EE65, 0xF32ADE44, 0x52DC5473,
0x331B746E, 0x7112BD54, 0x97CA0059, 0x3398241D, 0x7F2F9D8A, 0xE93F3220, 0xADC43908, 0x7C101087,
0x36C45DCC, 0xF476A5E7, 0xDADF634B, 0xAB7BED64, 0x8AD2C352, 0x7F92D605, 0x9C61A879, 0x0BD98E78,
0x9DDF241B, 0x4BB7646E, 0x529B2865, 0xC0411000, 0x29C80236, 0x2A6F073D, 0x33FF2E9C, 0x19A416D2,
0x74908DD9, 0xA66A5F28, 0x1BE4B07D, 0x45DAA331, 0xF8CE1511, 0xADD4A61A, 0x470D3833, 0xB2B5E716,
0xE9F1B842, 0x848C7250, 0xE5FAD87A, 0xD1EC2F30, 0xF36EF45B, 0x9457F16D, 0x4F38A885, 0x526F01D1,
0xF605D9D3, 0x40DB4113, 0x50A11519, 0xD09F733B, 0xDC0CCF01, 0xC24F9315, 0x51EAEA0A, 0x1143C77F,
0x1BF77B0E, 0xF6E6C261, 0xF8EA7B52, 0x14E0FAE0, 0x267C75B0, 0x1FC1749B, 0xCB90EF0B, 0x38FE4A00,
0x33E30239, 0x0BFABF21, 0x41FE2A64, 0x6C3B1869, 0xA100F158, 0x6A4C4146, 0x0981BB1C, 0x79EFF814,
0xD0DB497B, 0x89EF9766, 0x8FBA9E59, 0x16D73534, 0x07F6DF1F, 0x182C4322, 0x32CB975D, 0xE3196851,
0xB45C3355, 0xF3C9635E, 0x37A87125, 0xC7EF4401, 0xB99FEE2E, 0xE5E47720, 0x0BACC908, 0x4ED1724F,
0x8621781A, 0x69BD1B1F, 0xF48C2E0D, 0xED7A2407, 0xDCC0432A, 0x7826680A, 0x9F360E64, 0x0D2E143D,
0x0D2CF638, 0xCD85D615, 0x32947522, 0xE1D9EB3C, 0xB4E04344, 0xEC13D67F, 0xCE12392F, 0x55B48E50,
0x0FE12112, 0x6EC94734, 0x1132B71D, 0x77552A70, 0xB79D8A13, 0x9987676B, 0x66F22F51, 0xA2165373,
0x5FBF1557, 0x63996450, 0xB9090E63, 0x141C400D, 0xC4D8CE76, 0x75776613, 0x7A5B966D, 0xE86C246D,
0x9794CC2C, 0xECCDD6DB, 0x611571D6, 0xF95F82A8, 0x431A5BF4, 0x0F5F2BF0, 0xED6512D8, 0xDDD02C28,
0x3A0A5850, 0xBB53BFE3, 0x542558C7, 0x42A382C9, 0x482437F3, 0x33C274BF, 0x0447AAA8, 0x1E4E3E05,
0x6CF9E7C3, 0x999CE3B8, 0x948D79A9, 0x03DECB86, 0xF08228A1, 0xA6889BF2, 0xC32CDD5A, 0x1D4E884F,
0xF468F32A, 0xC79A7B02, 0xC09C1D66, 0x2586D818, 0xD2D3DC01, 0xDCBD9821, 0x0BA49457, 0xD8B51478,
0xC505F555, 0xF632796C, 0x80B34548, 0x9692A509, 0x46DFBF38, 0x2D4FE130, 0xA769FB12, 0x42CF9D27,
0xEA38E672, 0x5C45874A, 0xC0ADCE44, 0x34817D58, 0xF8DFF909, 0x4329DD64, 0xEA06AD2C, 0xA1C05409,
0xBF9F5C04, 0x602F204E, 0x59BA1015, 0xEC56364F, 0x6F09524C, 0x50AFDD49, 0x087F6A3A, 0x4AB5310A,
0x05E6C374, 0x87060575, 0xCC7DBA40, 0x2C51C836, 0xCCB9D624, 0x68C4F2CB, 0x6B153EB9, 0x1A730DAA,
0xAA7D84DD, 0xF068CED4, 0xB762DABF, 0x613BDDBF, 0x2BC49DE3, 0x085329F8, 0x1A06C7EC, 0xCB9E0E93,
0xE1553CC6, 0x5F9D0D80, 0x79BC12FD, 0x25E4B4FE, 0x56957B78, 0xF593D129, 0xE7796C6D, 0x1B686D3C,
0xA7B08F22, 0xCDA2C66A, 0x3336F51D, 0xCD9AD46C, 0xAE2B881C, 0x9360194C, 0xB2CE102F, 0xCA52C307,
0x7E802E02, 0x683F1F2D, 0x1D55071E, 0xB6A09B3E, 0x23795400, 0x6A717E0C, 0xE85E1324, 0xC095A233,
0x60FA5F33, 0x1986856B, 0x46BF409D, 0x59BBF39D, 0x7CBCC54C, 0x3869D6CD, 0x88F828BC, 0x11987CCE,
0x80F2AB3B, 0x9AFD3540, 0xAF504D40, 0xD81EBE52, 0xC394100A, 0x2EF30444, 0xCB600827, 0xFF78611D,
0x7688E68B, 0xD2BA14C2, 0x38015539, 0x1E760037, 0xC19E7D51, 0xB3606B60, 0xC684A84B, 0x014348C6,
0x2B756993, 0xC3812941, 0x3683B6B8, 0x89E833B3, 0xFD05BF85, 0xC078CF49, 0x7057608D, 0x84F9CE1E,
0x69D4B8B0, 0xA3245C36, 0x728C861D, 0xB403B440, 0x74AE1893, 0x43B4294B, 0x33D1831D, 0x48D0691D,
0xD7E74B4B, 0x3184D864, 0xFA4E6407, 0x2AFC5759, 0x0F6F3BB1, 0xE044ECA9, 0xCD921E31, 0x386C936B,
0x1935E00C, 0xCE57F032, 0x0481200A, 0x6F33926B, 0x45D9F9C0, 0x8E5EC794, 0xF586CC61, 0x72BE1879,
0x27B2F86C, 0x9AEDB80E, 0x3D7D425F, 0x9EA6ADD3, 0x473BB3FC, 0xAED2834D, 0x0EB47AD6, 0x2690EF7A,
0x6E218906, 0x26887FAF, 0xA718B602, 0x6A81AC3F, 0x948BCC19, 0xECF90277, 0x45B69169, 0x2A3E7E16,
0x87E7CC3C, 0x64FA8426, 0x3D7F721C, 0xC03A3844, 0xF9BCA01D, 0x6C9C9078, 0x1EF68A28, 0x09AF1E3E,
0x0AA68F1A, 0xCE8D8F66, 0x29BCBC20, 0xD9F31B3A, 0xAF21280A, 0x23D5F364, 0xD977849B, 0x1E155F8C,
0xD665852E, 0x940829A5, 0x3E3E93BE, 0xAF5C6B4E, 0xA97FE572, 0xC5653A24, 0x6AD35752, 0x1142713B,
0x2B2BC5C8, 0x9047B9CD, 0x8B8B5C7B, 0xD3DCEE89, 0x83F62A85, 0x09704796, 0x4EE4555D, 0x7B4C8F31,
0x0E84EE4C, 0xB7679A0C, 0xBABDCF6D, 0x968D33E2, 0xE0E3768B, 0x66044461, 0xD613ED33, 0x4331845C,
0x4B0116A9, 0x60B1623F, 0x82855B70, 0x9AB5923F, 0x58E44D65, 0xEBE0EC16, 0x213EC226, 0xE28E3674,
0x55D07389, 0x8076317A, 0xBB62CAFA, 0xE490FB5B, 0xE4E84E07, 0x712B5927, 0x6B6EB61C, 0x34AE6230,
0x20C76161, 0x080BBD32, 0x7633F02A, 0x25D2213F, 0x76B3422C, 0xB23BDA10, 0x70444D21, 0x119E3203,
0xD9B7E740, 0x4D3A3F01, 0x2BC8E471, 0x13FB2610, 0x6233F235, 0xC664E32A, 0x73E6DC3B, 0x3B9DE342,
0xF607EB79, 0xB1080C60, 0x48EFB23D, 0x60FFE588, 0xAE63B813, 0x0DAD5C21, 0x5ECB1E46, 0xE2B09973,
0xBFF1C474, 0xD4BBE395, 0x48679B60, 0x1D892766, 0x8091426E, 0x99CD3D07, 0xCBB4B42B, 0x08C9FF3F,
0x5CF24B07, 0xDA98F57C, 0xE1436652, 0xF6736268, 0x47FA588D, 0x7A0A311E, 0x7B930848, 0x6B35DB39,
0x5A03AB5B, 0x0FCBE937, 0xF5CF9837, 0xE9AD5228, 0x8914582D, 0xCC639405, 0x330D2F4E, 0xF442960F,
0xF8351721, 0x6556B446, 0xD148DA15, 0x1DCABA0C, 0x616A611A, 0xB5CC4247, 0x309391E1, 0x0720DFAA,
0x9C5F7A47, 0x17AD4415, 0xE4C31542, 0x8BBB986D, 0x528B3643, 0xF503BB4D, 0xD48FB746, 0x7996BD1F,
0x807CC439, 0xC195131B, 0x8BD04C67, 0xE05E7317, 0xDF70BE0E, 0x7639F155, 0x4203C07E, 0xE1AD976F,
0x56A58403, 0x24BE0356, 0xF1977B18, 0xF1082FAA, 0x346C6DC8, 0x2CC3C328, 0xAA3C0361, 0x5A97B404,
0xB185A443, 0x7BF30E25, 0x71AAF231, 0xE38DB72C, 0x14B4AE28, 0xF3D44446, 0x4E046E1E, 0x7EAFE17A,
0x34ACF17B, 0x93660423, 0x15C7114A, 0x45A97352, 0x094F3C68, 0xCC2E893E, 0x2AFEF236, 0x70BCE910,
0x01732D7F, 0xF8293F28, 0x226F2661, 0x7B3B6C30, 0x2670C655, 0x59E26926, 0xFD038143, 0xEB985706,
0x7365D321, 0x4BB54E69, 0x9FE47B14, 0xE449E070, 0x0F5EB169, 0xEAEA9635, 0x3CC6E831, 0x6C0B9066,
0xA3743D44, 0xFFEFF224, 0x5BE115D8, 0xF242025B, 0xB7833904, 0x132F5D7C, 0x773ED41E, 0x40990441,
0xD1528361, 0xFA1DCF59, 0x4DFDAE38, 0x0E5CE948, 0x144B103A, 0x2B236627, 0xF6981073, 0xB92B7D0D,
0xFF258F09, 0x166F9E6C, 0xED869013, 0xE1AED12C, 0x9BABB435, 0x28125D42, 0xA3FD8C22, 0xC06EED30,
0x55645B47, 0x792B4A54, 0xD6ED1E6E, 0x6BFE4E36, 0x7096502C, 0x62F6D61C, 0x18375C10, 0x5A2A0876,
0x4FB7E152, 0xC24A9119, 0x1E6D4630, 0xAC034242, 0x7F88C477, 0xDA6FCE6E, 0x4FE3F538, 0xCAC6A35E,
0xEFB47517, 0x5BC7070F, 0x3846A460, 0x81F5757D, 0x03912721, 0xEA6CDD30, 0x87818568, 0x82732F5C,
0x76EA4838, 0xD47AA903, 0xC2180D54, 0xCE8DA962, 0xAF90460D, 0x68B30056, 0x94A8122B, 0x20768B2C,
0x060F632E, 0xC40E0725, 0x8B5B2B73, 0xFABB653D, 0x1B259B09, 0xA78C2DED, 0x000F6619, 0x2D66A82D,
0xA0EDCB5F, 0xEDB88836, 0xA1C06436, 0xEF2D975A, 0x785E6B26, 0x6296297A, 0x0C46353A, 0x548A4A59,
0x84A11030, 0xA94BB05F, 0xAE9EFC5D, 0xAD9AE10F, 0x33788657, 0x64320873, 0x5A14A60E, 0x5E69CC32,
0x8C2AB311, 0x297B3304, 0x14AF8A69, 0x9CA3E816, 0x56993914, 0x6DFFAB46, 0x6007778C, 0xB9F6E817,
0x57E7EB1C, 0x0174FD0D, 0x0B17F636, 0x2A807422, 0x575FFE4A, 0xD8EE377A, 0x1D8B1B5F, 0xE79D570B,
0x306FE019, 0x51796D65, 0x19129B28, 0x4B3E076D, 0x60D54027, 0xE15444ED, 0x20299A5A, 0x68F7852C,
0x99F45C13, 0x1E5F826F, 0x0B2BBD10, 0xE3AC9A6A, 0x035376A6, 0x30E4F352, 0xA435CE03, 0x61AC11AB,
0x0B76B4D7, 0x649D27EC, 0x4662C332, 0xD6D2C37E, 0x01B4AF78, 0x6B559931, 0x9BFD7540, 0xACA2313A,
0x12EED19D, 0x304E1922, 0xBF26A132, 0x0DC87014, 0x0272B72B, 0x37E6DA02, 0x8DBB309B, 0x2F685A29,
0x3D623E21, 0xF20DD463, 0xFBAB7679, 0x1DA17A44, 0xBAFF493C, 0xEC4DB22D, 0x71B1547B, 0x72997618,
0xD4043C63, 0x7DC5045A, 0xCB448D57, 0x71BEA10C, 0x1EB1220A, 0x0CACEB20, 0x43E84374, 0x30ECF70F,
0xF671DB69, 0x1AA6813A, 0x696C0C05, 0x5D9CAB75, 0x187B7835, 0xB8B4B17E, 0xA948A43B, 0xEBCC1B4A,
0x0F03474B, 0x9BF2EB21, 0xA19FFD6B, 0x7683B74F, 0x41795703, 0xAE0E1831, 0xBE262F28, 0xD99A5131,
0xE195A7A6, 0x5A150498, 0x20AF28B1, 0xDC6CFAC0, 0x5E6B4D64, 0x46147179, 0xE39EAF3C, 0xC0E03BD7,
0xB5D73CEA, 0x0C8CC9EC, 0xDE5D1106, 0x77B04F01, 0x6A433674, 0xECF660A1, 0x8F2BAFA9, 0x5DBB7AF9,
0x44771E29, 0x6C4CDF12, 0x53800934, 0x8C2962D6, 0xE25ED59E, 0xE902108F, 0xFA1DA478, 0xF6F0B347,
0xAF654164, 0x0C5005F1, 0x1FC573F8, 0x9C225E9D, 0x93069822, 0x2961046D, 0x11588E28, 0x6E4F5D41,
0xD2087552, 0xD4BC743C, 0x5FE13E5B, 0xB23F027D, 0xC8231E0F, 0x1908481C, 0xFA2FC92E, 0x6868743F,
0xC12E7F65, 0xB250B645, 0x681D1B04, 0x39A4B13C, 0x34663270, 0xFD49F030, 0x1415725E, 0xF136B65D,
0x3671F616, 0x68DF6808, 0x9C76F063, 0x3D3D916E, 0xC442B267, 0x452D6E36, 0x06E0E908, 0x93D66447,
0xBF64FC55, 0x15BBD154, 0x2FB61657, 0x4F8C6B5E, 0x03F2D85B, 0xFF6E4E7D, 0x62F98C77, 0x1B89C203,
0x61365C0C, 0xBB01FC52, 0x58187622, 0xDB2F3810, 0x5F4D9D2A, 0xB37310EA, 0xEB4310FE, 0x37D75A3E,
0x5C37CA69, 0x2C46D604, 0x99BE751C, 0xFC1E8B68, 0xE7F1630E, 0x09B97D66, 0x3736A809, 0xF6C0F570,
0xDFE175E2, 0x01164305, 0xDAE8EC0E, 0x9869B107, 0x6707A558, 0xD024D12B, 0xDE8E9051, 0x96BC7EEB,
0xB0D81F4A, 0xD00F177F, 0x69F44F12, 0xD0DDCD05, 0xC54D2BFC, 0x12BCF478, 0xF9A594AB, 0xD465B682,
0x58B9695B, 0x75827338, 0x19D16147, 0xCBA4A0DE, 0x8D37D4E7, 0xDD4B7565, 0xFE6C0551, 0xFB3D814B,
0x39ADDD4F, 0x8DE46202, 0xDEDAA062, 0x8F27BB7F, 0xFF6FBFB9, 0xE81DEB65, 0xBC540C7B, 0x107C677D,
0xF781486C, 0x5C6D1F0E, 0xCD9F8E24, 0x3CF300AA, 0x2569AB0C, 0x039B472A, 0x8584D223, 0xA6BED325,
0x72804CD0, 0xE1309D61, 0xFC2CC783, 0xE2C48196, 0x6545247D, 0x93BE1549, 0xC7C9CC49, 0x9A0AF5CB,
0x789858EA, 0x361EE825, 0xEB203C02, 0xB358CF06, 0x7ABE6341, 0xDBBED421, 0x97801605, 0x68A06936,
0xAED0A0F0, 0xDCD95176, 0x42064E48, 0x5DA34C57, 0x6299AB34, 0xA4A5862B, 0x89BB527B, 0x3433D0CB,
0x5D96B435, 0x8FD59133, 0x71A18E51, 0x705E945B, 0x15591AED, 0xE11C543A, 0x544566B6, 0x228A9DD2,
0xD28E3157, 0x4DCC166E, 0x2CC9355B, 0xD45832EE, 0x16CD2FA7, 0x86F8D55F, 0x3C2AFC02, 0xC4A48F22,
0x99A5D873, 0x86EDDF70, 0x129D2552, 0x59756181, 0x485F1D9F, 0xF804D20D, 0xFECE61A0, 0xF93E4331,
0x1076C7DC, 0xA589371C, 0x6D575FEE, 0xD0A8750C, 0xF3D363D5, 0xC5663A30, 0xB7994E8A, 0x3F970076,
0x39D6F6F4, 0xC80FED8E, 0x99BF677E, 0x6B643911, 0x380A7E59, 0x6748CD2F, 0x32DE8D01, 0xC4E91577,
0xB94FED23, 0xD4664010, 0x3E22F414, 0x91D93B41, 0x0E1CDA14, 0xBFD01A1C, 0xDF283C79, 0xFE791D13,
0xD17C0469, 0x17AD0C6E, 0x8F42AA2D, 0x4417CB0F, 0xA80F4C0B, 0xE29CBA45, 0xCA96A065, 0x748D814B,
0x3D371D2E, 0x06F1C332, 0x1A9CDA38, 0xE552EB41, 0x868D8218, 0x188EAC43, 0xCC2AB272, 0xC33F6F26,
0x7158D83E, 0x105FD4FB, 0x1CB7BCCA, 0xFC009CBC, 0xD3CC518D, 0xE03C093C, 0xB8204A40, 0x356FBB31,
0x963C4BB8, 0x1BF577BA, 0x23C9968C, 0x1607AB56, 0x90743F15, 0x30D56E07, 0xED92D3C6, 0xCE222D95,
0x5DF400AE, 0x45317F03, 0x11EE1E19, 0x7B219646, 0xF82549B4, 0xCC3907B3, 0x511BFECC, 0x63747F7D,
0x9D5FB661, 0x50C6EE03, 0xF8D41D99, 0xBA08E6ED, 0x374462F0, 0x462DBA26, 0x2107A302, 0x9C150541,
0x920E0262, 0xF070F864, 0x19FE0B15, 0x6E13446C, 0xC004811A, 0x8EAA0813, 0x9082586C, 0xC7E7A842,
0xEF165A44, 0x3B857B17, 0xF4B5002C, 0x7121B259, 0xC7A45738, 0x1BD61439, 0xE0122A27, 0xB817FF3F,
0xBF51F145, 0x378EA865, 0x94B7442C, 0xD634D20F, 0x361D235A, 0x5669036E, 0xC36C9B2D, 0x94B63D71,
0xA7FD3540, 0x17D16EF1, 0x491767B3, 0x78C23C5F, 0xD2C02D1E, 0x482E9847, 0x99CF6B5F, 0xB3C4D950,
0x0E2C6059, 0xC23CB342, 0xD001D56B, 0xB8BDB24F, 0x1C240D2D, 0x015D9135, 0x6316F962, 0x3F3C2217,
0xAF60554E, 0xCAB70243, 0x011DAF2B, 0x0B53556A, 0x159B0B42, 0x9130DA2C, 0x9F1C627A, 0x8426344A,
0x07616F36, 0xD937043F, 0xDD1B8C2B, 0xBED21279, 0x56857307, 0xCB3E2073, 0xDD775615, 0x29E8D056,
0x59198F79, 0x986E8572, 0x28D8FC5C, 0xF1C55E4F, 0x70C6B14F, 0xE9C05368, 0xFC240515, 0x21788000,
0xDED39B3E, 0x34635B69, 0xD96AAF6F, 0xD2C7C219, 0x12850347, 0x34ED025E, 0x8A936F03, 0xE5349770,
0x1F9B5D00, 0x9F98C73B, 0xC3623722, 0x1CB96E16, 0x795B4577, 0x54AAB164, 0x1BA62814, 0x6F190F04,
0x2C85F12F, 0x7E0ADC05, 0x71924A7B, 0xD1B1834D, 0x5B996612, 0x3C55E305, 0x22DCD611, 0xAE918069,
0x2948A143, 0x81B38F1A, 0x907A0344, 0x49CBD641, 0x71DABB33, 0xBEA35873, 0xA48F2E0B, 0xAEC4CF14,
0x48D0A36D, 0x3BB23574, 0xC01EA721, 0x60E20E17, 0x6BD3A449, 0x045EB821, 0x8C697B1A, 0xA2E0381E,
0x4E0B7674, 0xE016E768, 0xCD9BB34F, 0xAE69A319, 0xC7294879, 0xA90F8E7C, 0x5564912D, 0x7CB56679,
0x2972F749, 0xFF7E8A08, 0x73084541, 0x31E0F316, 0xCDCD6027, 0x2D6C4510, 0xC11B8E79, 0x5BC8C733,
0x816B6B7A, 0xF9225A65, 0xEA915E45, 0x50BFB47B, 0x450C1E55, 0x9C2E4544, 0xE416B53A, 0x5951EC21,
0x7D09FE52, 0x2039F325, 0x13451140, 0x351BDF04, 0x5A7C5666, 0x1CC88548, 0x05F42760, 0x15C67C7D,
0x91ED0B02, 0x606E797B, 0xDD40082B, 0x49A5276F, 0x2B134E65, 0xC0B1A125, 0x02888C48, 0x8394F60B,
0xE97F460B, 0x2559DC11, 0xAAF87C20, 0xB4DBF219, 0x59DD281A, 0xCD023A4D, 0xEA9C5707, 0x086B2A16,
0xB67AB33B, 0xDE51AD7F, 0xB7211E07, 0x57401905, 0xE604FD22, 0xBCA86744, 0x707A0E32, 0x19A4830A,
0x50F21C3C, 0x8D6C912B, 0x5F3DE44D, 0x0458AC28, 0xB0F1BB76, 0xB9F84C0B, 0x39422763, 0x646C6E7F,
0xF7336B09, 0x4EBADB56, 0xBAB2F217, 0x6DCD3119, 0x6BBAE204, 0xB3154E45, 0x1B22FE06, 0xB883F021,
0x7BB87A41, 0x94996C7F, 0xC890942D, 0x2F599E36, 0x7465DB34, 0xD3AB3919, 0x92D01A16, 0xE8900D03,
0xC07EEB63, 0xE706BA70, 0xC7FC8871, 0xE4F46A35, 0xC5A0257C, 0x43F43905, 0x2D2BA021, 0x61E85C38,
0x06A1BC4E, 0x8F172533, 0xD85E7C1A, 0x0AEE5729, 0x6CC0DC7B, 0x5FCDBC0B, 0x079F0B09, 0x7D24F97A,
0x9169770D, 0x175743AD, 0x4906D235, 0x3E2F3002, 0x17CF1071, 0x4183E042, 0xF478C825, 0x4A90DD3E,
0x4A34704C, 0x1B8AAE24, 0xF812870C, 0x2E9BD864, 0x4FEEC00B, 0x05DE2B61, 0x1F8D8C7A, 0xCC9B3110,
0x3158D35A, 0x09A40146, 0x15B7F368, 0x48504113, 0x6B55432C, 0x21FD632C, 0x9D47B264, 0x45FAFB30,
0xB5E6E055, 0x3E2B8653, 0xC9DC955C, 0x6503FE64, 0x8C538E29, 0xE921BF2E, 0x5D83D612, 0xFADE121C,
0x4A63E522, 0xF811E326, 0xD2AB6664, 0x5A7CB560, 0x46B66E60, 0x32C354FD, 0x833378A1, 0x00960A7E,
0x8BE9E536, 0xA91504AA, 0x5BBA09CB, 0xABAE3772, 0x2100C9F2, 0xDDC766B5, 0xA7734668, 0xF2FC852C,
0x066A2F51, 0xE7E11E66, 0xFE41067B, 0x7A024B54, 0x3943EA22, 0x37D8B822, 0xE9EB7743, 0x4B311722,
0xDE8AD82D, 0x929DD712, 0xB84A802D, 0x2FB9DC37, 0x36268612, 0xEEF0012F, 0x09487639, 0x3B26A151,
0x559E7157, 0xA44DE417, 0xF0144641, 0x49648F79, 0x3BA8A66A, 0xD37911A8, 0x59BD92A6, 0x348439B4,
0x6ED9B2A1, 0x03B2E78B, 0xD60FBF14, 0xA7F81730, 0x97088F37, 0x89B7E34C, 0x4D914B1F, 0x9C20E23D,
0x39BC8873, 0x6E59DF74, 0xAC4BB55F, 0xE0613C62, 0xD6CED701, 0xF2A47C22, 0xC6B73F65, 0x605B81B7,
0x56BED342, 0x037C1743, 0x67E494A1, 0x31434366, 0x7C337139, 0x0DB59FC6, 0x97EA6204, 0x28A0846D,
0x86B23108, 0x2A2CB63E, 0x4072D150, 0x0CCC62FA, 0xED7EBD03, 0xE2C2F122, 0x2893CDD4, 0xBCF83B3F,
0x06695D3D, 0x6E5D83D5, 0x8A7ACB53, 0x11706076, 0xB6B71D60, 0xF8792379, 0x09868450, 0x226BC2B9,
0x0F21424E, 0x8723631D, 0x2E5BF7C2, 0xD1CA374A, 0x4AA9947D, 0x0871AAD3, 0x06301178, 0xA0A10054,
0x3591C32E, 0x4B39F821, 0x947E7B02, 0x38273012, 0xA56ACA01, 0x267CD2A3, 0xC188AE4B, 0xEBA52D18,
0x59093768, 0xC144FB58, 0xEECD7A5A, 0x3DCDEE6B, 0xEC0A3814, 0x82C44D6F, 0x7D9E95A2, 0x55976239,
0x9E97F04B, 0x30A1F840, 0x076E5B0D, 0x91992566, 0x54DDD210, 0x71EF5914, 0x81C3F65D, 0x81D5CADD,
0xE4F58F3A, 0xFD360B16, 0xF9016458, 0x43C42964, 0x25315577, 0x21187A23, 0x0872E34E, 0xA103F257,
0x964E671A, 0x361CCA14, 0xF5149003, 0x7005CDF6, 0x1B230B30, 0xDAFE7E47, 0xB8290506, 0xD6E54F66,
0xB4624570, 0x314CCB28, 0x4BE0260D, 0x7B63EF4B, 0x76EA1974, 0x9303542D, 0x69E9CD77, 0xAE0FBA5A,
0x21C89A6C, 0xD4208F61, 0xE3547A1C, 0xC6EC5306, 0x8F7DB625, 0xD539F0A5, 0x0F8D8BCB, 0x3B7F7C24,
0x0B7F6E12, 0xB5DD973F, 0x5D77E227, 0xE866942F, 0x79EFD013, 0xCAA4A449, 0x88351343, 0xA7A1DD5E,
0xB84E442B, 0x13303D4F, 0x696B8D39, 0xB542D310, 0x55127B24, 0x540EDCEC, 0x84C5F76D, 0x7400D61C,
0x9247AC60, 0x8DF65C4F, 0xF52D0038, 0x771B0F5A, 0xF0AA2E36, 0x301F5B7E, 0x60F54013, 0xE1CD250C,
0xE2F7A44D, 0x1CA684B3, 0x6E533331, 0xCFA0A379, 0x3908F54C, 0x7BC4726D, 0xABBFF236, 0xF4E33814,
0xBC7DD318, 0x3EF77C71, 0xE4CCF478, 0xED92F33C, 0x64E1E853, 0xF6907A58, 0x7628A94A, 0xC4407FE2,
0x1AB85F5B, 0x7B32282F, 0xE460A922, 0x037BA276, 0x6F549B20, 0xD6590278, 0x759B2966, 0x5FC8AA3D,
0x28DE5858, 0xDB42E753, 0x6C689F41, 0xD3FCAB7D, 0x4F2A5111, 0x95A9845D, 0x118C541F, 0xE1DCC025,
0x1E31F158, 0x50C1FC7B, 0x3D8AE46B, 0xDDBE0C56, 0xCD7FB800, 0x20704B4D, 0x86C4AB13, 0x6950557F,
0xB4626115, 0x38050264, 0x9E6BE144, 0x4715396E, 0xD693510C, 0xA701AA5A, 0x145B3851, 0x70595079,
0x913F943B, 0xB08A6238, 0x887DD725, 0xE630217C, 0x05CF011B, 0xDF95641A, 0xBDEAAF0D, 0xD7D74115,
0x67CA9B11, 0x79D9886B, 0xF2E6913C, 0xF8738BBC, 0xD3DAB87A, 0x71942608, 0x8BE67350, 0xC181136A,
0xB9CD2205, 0x3265EB25, 0xCA5ADE34, 0x84C2A10F, 0x3C78D539, 0xD825FE27, 0xBCAAE8D8, 0x3AD5F15D,
0x6801D552, 0x02828255, 0xF2184128, 0x3E173902, 0xC8E2710E, 0xA2BDAE4D, 0xEAA4F960, 0x65A6732A,
0x2761AB56, 0xB5978E45, 0xD43D7220, 0xE2D7DC98, 0x72B12A06, 0xB999B618, 0xF72A4453, 0x51C39D44,
0x0F85DC5E, 0xBEA1AB21, 0xA9D2FF3E, 0x687EE83D, 0xA397EA52, 0xF5A2B737, 0x0D73CA84, 0x02C6677A,
0x2CC93E67, 0x89401C47, 0x2000881C, 0x938DE32F, 0xF08DB859, 0x22D23C7B, 0x0B8D5202, 0x24963F23,
0x1B093261, 0x74AC7445, 0xE06E3202, 0x9F48B201, 0xB34E542E, 0x90637671, 0x40CD3445, 0x98712D70,
0xB48B882B, 0xA2350307, 0xB42C9D18, 0x19C2A926, 0xF776120F, 0x11FB9774, 0xC6052707, 0xED7DF029,
0x66E6B103, 0xAF428309, 0xD5DFA541, 0xD4BEFB1A, 0x17821E41, 0x84ECF71C, 0x6E1ADC1A, 0x5210457A,
0xB53FBA4D, 0xD3D65142, 0x72457E26, 0x54B65208, 0x1639046B, 0x33698020, 0x85FB427C, 0x6F5D6810,
0x6AF9831D, 0x12801870, 0x54186B69, 0x8EE55B79, 0xC6B0754C, 0x5A60E544, 0x8F9A345D, 0x91B67818,
0x33657122, 0xDBFD792F, 0xA2A09C6E, 0x6E24644C, 0xCC78780B, 0x5C5DA40A, 0x3624550F, 0x72E14A66,
0x19024647, 0x554EFD20, 0xF2514B41, 0xE99A4F0A, 0x839BE631, 0x613C2B4E, 0x351F4A01, 0xEF23980B,
0x4E693C47, 0xCD81DA02, 0x48A61470, 0xA7EF657D, 0x191A6ABB, 0x64995B70, 0xDB456F42, 0xFE84AD41,
0x6048F340, 0x5940667F, 0x3D0C2E06, 0x15FB7817, 0xC3C6AB6F, 0xDB13515A, 0x5C23E472, 0x1964BD48,
0x4EBF9697, 0x82E68A24, 0xEEA6232B, 0x1E1CA67F, 0x7AAF2E46, 0x6713DB3A, 0xA494A358, 0x32E36041,
0xBD8F990A, 0x98F8A568, 0xBC872B90, 0x26C3B223, 0x121401A8, 0x3CF0412D, 0x61AE180B, 0xEB8FE2F8,
0x659ED957, 0xE9FD1C37, 0x4666FF76, 0x2397234A, 0xB0D61966, 0xD877FA4E, 0xA557AEE4, 0xEE33E6D2,
0x1EE520A4, 0x6D422869, 0x4D6C4F55, 0xCC4AE72A, 0x40B92F1F, 0x1A588640, 0x88A99D20, 0x1A371FA4,
0xAE5D42B2, 0x46AE835F, 0x4D2E079A, 0x3BC53636, 0x2A45DDA4, 0x6B7C4828, 0x3C718E17, 0xA36D5CCB,
0x3137318F, 0x18DAD7BA, 0x04501E22, 0x42ACA089, 0xC819F76A, 0x7C01C815, 0x7B8403B5, 0xF9C11453,
0x0448B880, 0xBC4E6F58, 0x53D59839, 0x9D5F0D4C, 0x1686D76B, 0x9113BB70, 0x833649F7, 0x24C2C6C9,
0x3270EB64, 0xDC6FC35B, 0x45DCB572, 0x9A00AC57, 0x4B613A3B, 0x62CE243E, 0x2F56A34C, 0x9543AB17,
0x2C417B00, 0x12ED2C4B, 0x5328A47D, 0x0EA66E29, 0xFD977882, 0x23FA3EDA, 0x79FE7A3B, 0x2B04E2C8,
0xC4101B0B, 0x0AB2FEAC, 0x2C776318, 0x3D6EEB05, 0x94DB7052, 0xA41203BD, 0xE5E612FE, 0x073DAFC8,
0xDA2FED27, 0x1BC9F9F2, 0xC13C4642, 0xE21CD915, 0x0295B1F4, 0x720FD77D, 0xF860FFB7, 0xF9EB776A,
0x5281B948, 0x70036C44, 0x3EC09A63, 0x4A64AA3C, 0xE865648D, 0x99DFD595, 0xACFF0062, 0x8551F51B,
0xAD138736, 0x72ACFA29, 0xB97FA70F, 0xC38FE67E, 0x5660C82F, 0x6927D722, 0x02626709, 0x019FFE48,
0x0DB07E2D, 0x99BB8D31, 0xA84D384D, 0xD705A66C, 0x415B8D05, 0x4358B645, 0xB4232B3D, 0x058DAAEE,
0x8E088D7F, 0xD708B1B5, 0xBCBD1ABD, 0x378F83E0, 0xB6234D94, 0xA3362F65, 0xD80EBFBA, 0x6FB0C046,
0xF3FFAFC6, 0xC19F48EF, 0xF2388D53, 0xB9E27A15, 0x492E6581, 0x2F5BCF68, 0x1B49698B, 0x79635A28,
0x82ACD3C3, 0x2A75A436, 0xA6470583, 0xF83AC740, 0x75E9E73E, 0x72A956D3, 0x182FD657, 0xD8941954,
0x4EDA8530, 0x29F61C15, 0xFDE2B119, 0xA11AC414, 0xA5D8F439, 0x6680D445, 0x7C244C0A, 0xE0BC7355,
0x195F285A, 0x533EE56B, 0x086B3500, 0x23B14435, 0x13353A10, 0x999EA44E, 0x7827DF3F, 0x3CCC7F35,
0x54318B10, 0xCC120983, 0xFE9D6E33, 0xC6943E1C, 0xF0CD992B, 0xBE193517, 0x8839DD50, 0x1A532371,
0x2645111C, 0x84C88322, 0xD4A2180A, 0xD2F22145, 0x3CAD633E, 0xDDC85322, 0xAC29D127, 0x3A0D832D,
0xB4013C37, 0xD96D280E, 0x5AC7CA6A, 0xC8E0EB54, 0xF3639E2D, 0x475E7826, 0x3A1C734B, 0xD58C883F,
0xCDEF9ECE, 0x69D0AF2F, 0x9818C427, 0x20C2E34F, 0x7C4EB868, 0x36B8266A, 0xBFF46F0B, 0x2DB5BF5B,
0xCC6FAE19, 0x8FE7BC10, 0x5AC24B16, 0x1536296F, 0x09C0E001, 0x8E70D95C, 0xECA65900, 0x328F901C,
0x9523F948, 0x71631152, 0x5C994228, 0x8D03DB39, 0x96D24B19, 0x6912DE0D, 0x2E8C8A1C, 0xDB89C319,
0x8BDE0C1E, 0x5FA6DC61, 0xD713B55C, 0x22490F00, 0x261E7F0F, 0x24283F6E, 0x84C2C26D, 0x5036909C,
0x8899C37F, 0xA3770A5F, 0x88222CEA, 0x55CCB060, 0x88E7E155, 0xD099EE2C, 0x4B085514, 0xC0AC2A1F,
0x969EC3B6, 0xF54FED56, 0xF3B5813D, 0xAD6215A5, 0x168BD178, 0xD730F56A, 0x6F2DDB4D, 0x4853E30A,
0x4CFE3F2A, 0x6F856FA4, 0x92ABC572, 0xF60D101D, 0xCC97308F, 0x72AE156E, 0xB5E9532D, 0xF6CBB240,
0x2ACC0104, 0x3AAD0717, 0x3F08C70E, 0xC8BBDB4F, 0x6CA5F77D, 0xA5CBBA1B, 0xC96BDD0F, 0xFBF14B08,
0x03DA495C, 0x748470AD, 0xFAC59E19, 0x44C74F17, 0x3F22315A, 0xC5A1EF42, 0x4DA78F52, 0xD47B9019,
0x92269E5B, 0x43F81F09, 0xBDDAB10E, 0x371A2927, 0x49025767, 0x4FC87B0D, 0x34616E3A, 0x425E0277,
0x05D52D58, 0xABEDAEDE, 0xF90FD36A, 0x4C612455, 0x10C55CD9, 0x869B7577, 0xAAA7933E, 0xD3C3F030,
0x6FB16EF7, 0xAD2171B5, 0x68B5167F, 0x68B2B75C, 0xD66DA5C8, 0x2C026335, 0xF215F130, 0x68706F26,
0xEE641DC9, 0x64081B1D, 0x0A18E99F, 0x20F78765, 0x66E4F52F, 0x3CEA33C1, 0x02B5C1AA, 0x78E53F7F,
0xFEDAED8E, 0xF45E6B20, 0x1A76B94C, 0xB0E8D766, 0x76B3C59A, 0xCCDB0370, 0x12DC1133, 0x08F80FD8,
0x8E203D75, 0x044F3BAD, 0x025E1354, 0xF062C940, 0xA011E336, 0x4A322549, 0xEE159521, 0x8CFFC3ED,
0xD2FF5171, 0xC8FFCFCF, 0x4EED7DC9, 0xC421FB86, 0xEBC87680, 0x44317AEE, 0x99C69097, 0xC53386EF,
0x1704CE83, 0xF9959805, 0xBFF4E807, 0x4385AB15, 0x74D26BA2, 0x1AB0BB1D, 0x5C11B3AE, 0x0AF87405,
0xB5EB37A5, 0x2ACFB5F5, 0xD34D9C4D, 0x0940ED06, 0xE690298F, 0xC05957F0, 0x4E2509ED, 0xD0A1002E,
0xA514781B, 0x7E192990, 0xCE0C54EF, 0x49FBB72A, 0x30F91BD0, 0x98C66D81, 0x21EAAC6A, 0x877F74F2,
0xA9488179, 0xA0F7B58C, 0xFB91E76C, 0xF64ED3CD, 0x49FA50EF, 0x44D14F33, 0xE90A28B8, 0x68C3154A,
0xA6A7B63C, 0xFE2FB371, 0x30BAC6D7, 0x3366585E, 0x83409CF0, 0x4E680357, 0xE0BF0787, 0x5692C6E2,
0x6770AF54, 0x0E32B978, 0xB90BB2D2, 0xA710C113, 0x76B461CC, 0x58F47F66, 0xF66579F3, 0xD0F85EEE,
0x37874E7C, 0x62BD85E7, 0x06D412C8, 0xD7D63B27, 0xCC3C377B, 0x00EE415D, 0x1B3C1E90, 0xBD1F0AC9,
0x3BB049E6, 0x78FDF9F4, 0xC1F307CA, 0x5A28F3B7, 0xEF562AE8, 0x10A6389A, 0x22E37368, 0x9FED12CC,
0x6B50278E, 0x55A9B4F8, 0x49561F22, 0xF25FCFA6, 0x9E8E1FC6, 0xE9097624, 0x44237B1C, 0x6B40F5D1,
0x9AB6C36D, 0xDF6F6AD1, 0x49420194, 0x1301DC6D, 0x53E2A265, 0x60374735, 0xA6D2B5D1, 0xF11E9AC5,
0xB96E30B7, 0x57F9F6FF, 0xC5604C90, 0x839DB2EC, 0xBA10595A, 0x5197A2D6, 0x2B95103C, 0x44212FD1,
0xFEBAEBA3, 0x9DE3F247, 0x71B0E8C9, 0xEF60EE26, 0x9D5A64D3, 0x9BC50A91, 0x69D620CC, 0x07ED66E3,
0xF508BC8F, 0xB39B0255, 0xC1DEF8FD, 0xBF82FE0E, 0xED5BF4A5, 0x6B941A4A, 0xB9D5B02F, 0xD74C7601,
0xC523CCE2, 0x035812B8, 0x115608B7, 0x0FE28E2A, 0x3D4404AA, 0x3BB32A37, 0x8907C097, 0xA74E06CB,
0x95B95C9C, 0xD3CE22C8, 0xE12798BF, 0xDF679E60, 0x561E5885, 0x34D6840C, 0xD2DEBAF5, 0x62DE3C85,
0xE0219B1F, 0x8ACA69B8, 0xA078876E, 0xE7E4227B, 0xE035C6D5, 0x55559C35, 0x13076493, 0xED634E40,
0x5EC04D0B, 0x7A7D3723, 0x18506D58, 0xE66DB39F, 0x136BF56A, 0xBFC538FC, 0xFC30C720, 0x2558DA0D,
0xFAF91BEC, 0xF223E130, 0xC889CFE1, 0x2891CB6F, 0x7AFC992C, 0x9074B786, 0x56D4258D, 0x2EE55E04,
0xFD5A44A2, 0x6B871BE4, 0x026140BB, 0xC6C757EF, 0xCC7F5422, 0x9F3BA1DE, 0xE1E3DEE6, 0xF0390585,
0xF23CB600, 0x0679954F, 0xA3655B27, 0xAC4B2990, 0x3EC5AF2F, 0xFA400273, 0x41300738, 0x8F4268F3,
0xAF059E99, 0x6F1D6E43, 0xBD6D45EC, 0xA09C9C18, 0xB8DA8479, 0x3F767E02, 0xC5792C4F, 0x63468A16,
0x9104B8E1, 0xC7BDAEDB, 0x3D10C49D, 0xFA951B68, 0x8A12699C, 0xA1FC32B6, 0x31D928DB, 0xAF98AE35,
0xDDEA248F, 0x5BCBCBFC, 0xD53D77DC, 0xC007F715, 0x77D4F19F, 0x429B802B, 0x6766C685, 0x55451C65,
0x91B05C87, 0xD3ADDD04, 0x4D5DFDE0, 0xED7F6220, 0x2083078E, 0x661472A8, 0xBA0B1926, 0x1090377C,
0xD62BA52E, 0xAF88086E, 0xF0F94D96, 0x978A2099, 0x385C7BA1, 0x95EE9A05, 0xB972B83A, 0x80A873C4,
0x0572C628, 0xFAA8BD63, 0x5BFD50BC, 0x28B9F742, 0x61556E1C, 0x5A878173, 0xFFDD9881, 0x1896BBED,
0xAA7076E7, 0xEB769D32, 0xF20FF1C7, 0xCEBA02A7, 0xE660C3F8, 0x855E6A11, 0x4983FFFE, 0x47EEE3AD,
0x3F4F9CF8, 0x50FB4B77, 0xFA8D1900, 0x10C23756, 0xD68DA569, 0xAB575F82, 0xFFB0FB8E, 0x852C46A0,
0x743A8989, 0x3783548F, 0xEEA0FBF0, 0x15502297, 0x780FD5AB, 0x2B6F5861, 0x8A9E5F6A, 0xF12E9E8A,
0xDCFA8195, 0xBF9DCCE7, 0xB6991374, 0xDD750A51, 0x50053DFB, 0x43334051, 0xC225E7AB, 0x49155124,
0x093306BA, 0x963C06B8, 0x47A9A626, 0xB4B5BA0B, 0x28ACAF12, 0x4FB7A894, 0x7F041C93, 0xE7D746B9,
0xD5729C94, 0x124AB146, 0xE86D6F9C, 0x6F165990, 0x3B3464C4, 0x7A7FD963, 0xD082F7DF, 0x96EC74FC,
0x59383854, 0x355C2CBA, 0x31ECE098, 0x4DFF943B, 0x09FD2855, 0x65D49CE0, 0xE173D0D0, 0xBD9A0481,
0xCC2F6B06, 0xC5E846FD, 0xA2CFF53A, 0xAB88A0AE, 0x389AA751, 0x51EC228F, 0x5E5971BC, 0x670DDC18,
0x7197F491, 0x69C63ACD, 0xE098C769, 0xD9C38E20, 0x4A6CB1F0, 0xA8BC2FCC, 0x2E935DCA, 0xB7C0B618,
0xC5C94C28, 0x822719C9, 0x58689E79, 0xE2404082, 0xBE008535, 0x942892EB, 0xF38E524B, 0x91674D4F,
0xEE053360, 0xF3D649BF, 0x705DE5E5, 0x3CF73F04, 0x9A786158, 0x34143BAC, 0x03F2545C, 0x082BB1C1,
0x6FAB7E18, 0xE90DA86B, 0x4F9ACE25, 0xFDA744EF, 0x7B097A59, 0x792FF06E, 0x0772E608, 0x85368E40,
0xBEB35FC8, 0xF0F8A27C, 0x60B2C734, 0xA6FDB5F8, 0x039A62C4, 0x63FCB965, 0xDE3DCD7A, 0x2B2C9C41,
0xECDC37E3, 0x26C2F339, 0xEBAF8BB4, 0x431605B5, 0x676F5FDC, 0xA707A849, 0xEEA61E3B, 0xF4533DEE,
0xD9604B74, 0x547F4A23, 0x2836AFB7, 0xAE4CDD65, 0x25FE854A, 0x3BF88251, 0x682FEEEF, 0x1C9092AF,
0x107E1132, 0x2DB9A96A, 0x3C420491, 0x1E90EB81, 0x23AF2DEF, 0x2F4A89B1, 0x3B8319AA, 0xD4150849,
0xFA0BFA9F, 0x312A08C0, 0x0E43C28B, 0x5951AF0D, 0x37538014, 0x67DBC686, 0x55F21C3E, 0x936532E8,
0x115688ED, 0x8FA20E71, 0x3DFFBCCC, 0x5F151D10, 0x56AD0432, 0x3A4C5948, 0x58C79FD4, 0x5C162652,
0x357B7C76, 0x559793F6, 0xDD2B9FC4, 0x384FFF67, 0x18B7F741, 0x8ADF616E, 0x98D4F958, 0x2CE1E3B3,
0x72DC716A, 0x68CBEF3B, 0xEE5F1D40, 0x64139BD2, 0x0ADBE91B, 0x21A6F0CB, 0x0EECB10F, 0xE3B69D73,
0xB129AF32, 0x2E109DC6, 0xE4A3F191, 0x2C361CC7, 0xDB985838, 0x2CA8F7E0, 0x96696511, 0x6CEC239A,
0xB295B176, 0xA8422E8A, 0xA77575CA, 0x9303C8CD, 0xAC8CAF72, 0xD36E2735, 0x9D4B20AD, 0x6D053F61,
0x047CCCA1, 0xAB980A66, 0x11961F5E, 0x4E01297C, 0xF896E82F, 0xE6DD6FD1, 0x8BA80001, 0xDC8E1023,
0xAAFD93B4, 0x90B11087, 0x4E5656EC, 0x1437B2EA, 0xC10FF580, 0xF42875C8, 0x4A69728E, 0x1D0CA0F8,
0x7EF373FA, 0xB8FA9D3E, 0x4CC1292C, 0x973A7E67, 0x7E00F092, 0x4EB4E14F, 0xFF4EC2CA, 0x2AFC9E27,
0x6433B591, 0xF5FFBC5D, 0x5CB94A02, 0x74EDEB13, 0x34591933, 0x7966C53E, 0x06763422, 0xAA40CEA4,
0xBBB5F638, 0xEF407AFC, 0x8CB37D4A, 0xD69AFC61, 0xE33278A3, 0xC3A66E8C, 0x4D6CB16D, 0x05447A2D,
0x368A26BA, 0x1FF4DBBD, 0x4B52C88F, 0xB3CFC00C, 0x1421949F, 0x74B1B66D, 0xA01EDA50, 0xAEFB999C,
0x90865EEC, 0x2CB2B20E, 0x484BB4FE, 0xFE35D09E, 0x26C039DE, 0x5802AA64, 0x66AC7374, 0x647F0C5F,
0x733E0531, 0xD3EDBAC9, 0x51CB9ECD, 0x082AAEE4, 0x266A0010, 0x1EAEF9B7, 0x9F23381F, 0x43FED393,
0xBE6A219A, 0x384EEBF5, 0x1DF97F4A, 0x0DE5CF80, 0xC49C5DAB, 0x9B9CDFDE, 0x43A45469, 0x0F2E62A3,
0xF54556A3, 0x90DA074B, 0x964C0FBA, 0xD4C1E6CE, 0x13875C10, 0x15CD29CA, 0x2ABD920C, 0x6F04D06C,
0xCE8F54CB, 0x76A966CF, 0x9A703E52, 0x1F447883, 0x2D75ABB8, 0x6F496056, 0x352A58F4, 0xF5DBB51A,
0xE2F5FC70, 0xD34B1823, 0x5EB73303, 0x668FE9D5, 0x448DE000, 0x343A9ABC, 0xD2ECDDCC, 0xCEFF3175,
0x02B7CA83, 0x7572A63F, 0xFCDF36A2, 0x1D818F3E, 0xB150AE53, 0xC05A9BC3, 0xF087622B, 0x3B45B707,
0x35685CD8, 0x24039DF2, 0x8BB96067, 0x0AAF1E05, 0xB6486925, 0x5B9C2972, 0xCC220022, 0x482976A2,
0xC9E292AB, 0x6E07CD6D, 0x2219FF7B, 0xC1BF0A42, 0xBD564841, 0xABB202D1, 0xEF6F5256, 0x6D683F54,
0xC5EB1690, 0x3C4E95C5, 0x09D423D3, 0x00ED4848, 0x09BD4161, 0x919D9EF8, 0x555CF04B, 0xC7D80553,
0x61C11BDB, 0xBE7BC54D, 0x70312A44, 0x7BCA2E1A, 0x97907114, 0x316C5977, 0x900BC075, 0xFACED91D,
0xBF5A4576, 0xB75006C7, 0x4356A3DC, 0x1202C68A, 0x4F359558, 0xD376C20D, 0x1272FF0F, 0x0F0AD2E6,
0xB8F88094, 0x962A5284, 0xACB75F9E, 0xF95A1593, 0x76854A7C, 0x859DEA99, 0x417BBB46, 0xEAE8714F,
0xA7FB5A8D, 0xCA231E2E, 0xB7FC7F1A, 0xFBF270D3, 0x6F4A6EEE, 0xC2A341CF, 0xB8441CE2, 0xA35D2851,
0xD9364063, 0x7C3FB08B, 0x7D06293E, 0x315BC3B6, 0xBF5698AE, 0xF3646677, 0x8A7439C0, 0x8524ECB7,
0x8B32EB24, 0xF06C1A2F, 0x4EDD9D13, 0xBF63B611, 0x1DD146B4, 0xA2BDADB0, 0xB2E39F72, 0xC95452D8,
0x90871D86, 0x2486A203, 0x419950E6, 0x42A2DD7E, 0xBE4ADDCA, 0x8B1FC068, 0x1A0C5808, 0xC4DA99F3,
0x1E963654, 0x7D96EC50, 0xDCE235D4, 0x45CBB9B0, 0x0D068194, 0xA77E1DA9, 0xA811E72A, 0xDCFDD568,
0x8ECD4FF3, 0xDE403F63, 0x3C28088F, 0xD8254B61, 0x780EAD32, 0xD8E44CA1, 0xCA3975A2, 0x5435B0BC,
0xEAD37B71, 0x72271E7E, 0x53650DD9, 0x43F29CCA, 0xB07F193F, 0x467C2657, 0xCA63B908, 0xC96CEA65,
0x7972AF75, 0x2D3DFC67, 0xB041AD6C, 0x8E0745C2, 0x8F8C64F8, 0x50862E61, 0xDC3919B5, 0x8079B88B,
0xF952B622, 0xBBDA148F, 0x6AC7F250, 0xF85D6BFE, 0xF8B27B9B, 0x4C0CEC34, 0x59BCD50C, 0x745A131B,
0x48E64777, 0x48D5AED9, 0xB813ABA2, 0x7A57FAA2, 0x5EDF5BD5, 0x83910CF0, 0x5539868B, 0x62BF5CDD,
0x60895E6E, 0x67D8FCEC, 0xBACC37C5, 0x3C5A2814, 0x583062CC, 0x7741A2EB, 0x9CAF0F98, 0xC011BAFF,
0xDAE4B8C1, 0xCD3C15D9, 0x9A526F10, 0xEFCC54DA, 0x7A382504, 0x27B90147, 0x422C5E00, 0xCD9E57B1,
0xBBC9DE2C, 0x5D29D539, 0x265F2415, 0x30E201B7, 0x5C4750EC, 0x9B3FB51D, 0x01E747D7, 0xA1078E10,
0xBC58AF0B, 0xF2BEE741, 0x4406722E, 0x6A8A081E, 0x41188D60, 0x9B9C10A1, 0x39605864, 0x94C46E56,
0x57A109A3, 0x6B67EA92, 0xBBDB204D, 0x585676D6, 0x32AB2CE1, 0x75D8E6E8, 0x841ABB77, 0xED3C3459,
0x87CA9544, 0x6F08E4C4, 0xE5C29550, 0x44B68B16, 0x30E70708, 0xF8B142C8, 0x576FCD3D, 0xD87E1B21,
0x431E28F3, 0x82DF8A33, 0x771F207B, 0xE16E1E74, 0x09C05F8F, 0x99C7C0BD, 0xB09B4EF2, 0x0E3CB18D,
0x26F8CD13, 0xC3846AF2, 0x7407394F, 0xD4249492, 0x96DCE55D, 0xD3833CC5, 0xB1A80F14, 0x2B25868B,
0x14375BB6, 0x945B38A2, 0xC3FF5DAA, 0x836D7EFA, 0x65299796, 0xDDB03AEE, 0x311CBB1E, 0xA6BA6B77,
0x11CB6E4A, 0x3F2AF179, 0xFE4A5FF7, 0xC0A6C1B2, 0x26F6D7FC, 0x4022EF94, 0xEF1F358F, 0xCDA941C3,
0xB3AFFB4C, 0x730AA646, 0x9D988CD6, 0xD190A7E8, 0xAB151225, 0x5C134A14, 0x2689197E, 0xA25B4184,
0x9D9E2A75, 0xC126D0D7, 0x1BBC1BDF, 0x0D01F4AF, 0x188B1FF2, 0x9875FD6F, 0xEFC16C3A, 0xCB0758C5,
0x0817CD03, 0x27EEF0F2, 0x136AAF4A, 0x34EFD2C2, 0xB4E4C181, 0x93A95C05, 0xFF87C2FB, 0x323621DC,
0x73D3A983, 0x0CB066B3, 0x86A3C281, 0xD38E76A1, 0x81AE326D, 0x41A33B8A, 0x5BDDB4C1, 0x0B287A66,
0x9A428DC5, 0xCEA7E43C, 0x789BA4C0, 0x6060198A, 0x8AAE914B, 0x58CE3C15, 0xB31BACE7, 0xEB13BD96,
0x95AF593F, 0x8BE8C0D5, 0x1A9076F0, 0x3C3BCCD6, 0x8676AF41, 0xA5B8B4F5, 0x067D4B4B, 0x4881D818,
0xFD6C371F, 0xF65FFCD4, 0xB2BF876D, 0x09C6CB64, 0x7DE87E59, 0x7BEE61DE, 0x2916C173, 0x84C528D1,
0x619AD8CA, 0xABAA276D, 0x5222B91F, 0x6B8919AC, 0x9AAB6ADD, 0xF151E466, 0xA0AEB343, 0x709E7E74,
0x91F657D9, 0xA930C3EF, 0x252EB0C3, 0xAEEA1DDE, 0x00FE8422, 0x11C8683C, 0xCB302268, 0x6DEE3882,
0x989E6FD8, 0x5802EDB5, 0x47666057, 0xEBA2D8E5, 0xB80346DC, 0xBB83A54B, 0x89C6A39D, 0x1F912430,
0x6E31B276, 0x5A872D06, 0x77B4C207, 0xF4E821A2, 0xF67068B1, 0x9516D92D, 0x972BC4BC, 0x2201AD74,
0xACF02854, 0xBA665C2C, 0x0F246444, 0x3D5E9303, 0xE68D2923, 0xFB7488AC, 0x6858DECB, 0xA1D55B8A,
0xB830ABB4, 0x4FB4D65B, 0x7592862C, 0x91D2C544, 0x4C3B02E4, 0xEB06722A, 0xFAD05180, 0x4E971E94,
0x5F45B8E2, 0xB4889009, 0x2E944E71, 0x50D1E601, 0xAB8BDCA6, 0x774A6D5A, 0x3055D2D0, 0x579260A1,
0xB99E2D7B, 0xAEEDB7AA, 0xE3BF6C65, 0x6F59D4EA, 0xDB53DE13, 0x56591D78, 0xA7DBDB81, 0x68BA4176,
0x412ABBD1, 0xBB11C165, 0x4295E547, 0x7E1AE1E0, 0xACD9DA84, 0xBEC26D3F, 0xE5AA52DC, 0xE2D8B482,
0x0E92042B, 0x7BB1FC9E, 0x5E96BBC5, 0x76B32A13, 0xDF4F0D83, 0xF5894CB3, 0xB7B82377, 0x7D00628E,
0xC8F112D9, 0x10313C96, 0xA638E499, 0x333ACB59, 0x9BD74896, 0xA2D07C7D, 0x88223A23, 0x46E1FE85,
0xE9EB22FB, 0xD62D91CC, 0x5AF07C88, 0x3CB314C7, 0x506E1332, 0x52F45423, 0xFBD236A1, 0x05090646,
0xAB530B18, 0x190CACE4, 0xDD682C0A, 0x25A4A4F8, 0x3A609E11, 0xF14C3152, 0xB7840761, 0x6EAB2BA4,
0xE7C22000, 0xDCDACA31, 0xC44AF11B, 0xE52C8879, 0xF0546C46, 0x582461FE, 0x5DF482C8, 0x4A2D9421,
0x781FDD09, 0x0C2F6985, 0xB623ABD9, 0xB32762A7, 0x25E8B8F8, 0xEDD1D336, 0x9EF1475E, 0x96E668F1,
0xB6493C2F, 0x06F53E28, 0x0FAF1507, 0xC364E6F4, 0x46436212, 0x6C39DF5D, 0x938C9ECB, 0x7DAD5339,
0xF23E6D9C, 0x0C314475, 0xB3745245, 0x7D1E434B, 0xAA0FE6F2, 0xC82AC9BD, 0x81BDF93E, 0x65CBD297,
0x18E71B68, 0xE8BE601D, 0x54511D8F, 0x5537146A, 0xF081CCD7, 0x9A5A7AC9, 0x7402F7F3, 0x4F18627E,
0x19B4C8CA, 0x0DB82F66, 0xC881836B, 0xDD508465, 0x3C3A08CA, 0x4CD25281, 0xDB805F89, 0xC9AE6A7D,
0xC502124B, 0x03B929CC, 0xB146DB3A, 0x45D5D2A5, 0xB5858429, 0x2B169392, 0xA6BC1A68, 0x3B96E8ED,
0xE0D090DC, 0x4BF7A29D, 0x491109A9, 0x788BBFB9, 0xD623319F, 0xE11A4F0B, 0xDD44FF72, 0xC5975D94,
0x6D20644B, 0xC64F41FD, 0x027C1656, 0x21C30496, 0xFEA49092, 0x4B3D57B5, 0xB29AD201, 0x318166C5,
0x1959CA45, 0xB124551B, 0x559DA5FA, 0xC778DC59, 0xF5F7AD1B, 0xD10182F7, 0x4F0F1300, 0x598C9CBC,
0xE5605FFB, 0x81ACAC0C, 0xC630D9FE, 0xFB284D31, 0x960800AE, 0xA4959D85, 0xC747B9EC, 0x7B887271,
0xDD2F501B, 0x09D1ADB1, 0xE615AACD, 0x089F371E, 0x4D7DCA9F, 0x1512FE31, 0x4350D5D7, 0x85C7D44B,
0x9E67128E, 0xC971BCC2, 0x82D4403A, 0x8387C725, 0xC51FBA25, 0x86CDAC13, 0xBAD2E41A, 0x276AFD04,
0xCD2D0046, 0xA965AAD8, 0x77E79802, 0x000B123D, 0xB1A7E519, 0x501CA1CE, 0xD0AB040D, 0xABA97ABE,
0x15B03956, 0x15090DB1, 0xE205C062, 0x5B28B082, 0xF218EC02, 0x54C57EAE, 0x7B073A2A, 0x6FFFCB77,
0x24392095, 0x77F8CE56, 0xDCF298F9, 0x947328FB, 0x3B8728A8, 0x79F153CD, 0xC1E367C6, 0xE3D617A7,
0x028E63FF, 0xA6282390, 0x52A952EC, 0xCCAB6625, 0xC04D9273, 0x26E486A7, 0x7EE9E9EC, 0x22CC5A48,
0x125F254D, 0x836AF4A3, 0x7E4C84FB, 0x16B1CBDA, 0x0BDAAFB9, 0xDF8B08A2, 0x27DDC2B0, 0x12FC2D9A,
0x662D94BD, 0xE1026B02, 0x5BFEDD71, 0x580ECE97, 0xB567A44E, 0xE66F38CC, 0xF28C8B7D, 0x7B33005B,
0x60D346FE, 0xF4F48495, 0xE9640968, 0x4D09BA18, 0x32E14337, 0x5BD32ABB, 0xDDF0035D, 0x85998671,
0x4E4C255B, 0x7BDFC7A8, 0xC7860EA8, 0xF66B1CBF, 0x321CFAFA, 0x652B86D8, 0x9F2AAB5B, 0x67B54E4A,
0xDDBA8375, 0x9C438E4D, 0xC9B0912A, 0x9635B80D, 0xB1078FB8, 0xA5415922, 0xE1FCC17F, 0xBA5C554C,
0xB8B990DF, 0x3AEDECFF, 0xB3AA83C9, 0x5713E15A, 0x1B208024, 0xF4D362FE, 0x36EFC494, 0xDC1A02C8,
0x2A7FE7C9, 0xD7CFB952, 0x69865BCC, 0x04C79C1A, 0x082742C8, 0x4B3F2B3D, 0x9CD825FD, 0xF8B11404,
0x03B86875, 0xE18AFD30, 0xE5D5547F, 0x195BF6B7, 0xA1743960, 0x3FE1056B, 0xEEA8FBD3, 0x8FB97027,
0x22433D6B, 0x6B9A15E6, 0xFD66E09E, 0x323A48B1, 0x766A41A3, 0x0BF2B8E5, 0x1882F481, 0x1BD308CF,
0x48CF5CF7, 0xE3A35745, 0x3ECF5F7A, 0xE70A2C0B, 0x55B08F2E, 0x3B2CBF73, 0x0A0A466E, 0x174EDB50,
0x3ED32BA0, 0x7112DFB1, 0x4D55629D, 0xAE0CD8C4, 0x5E73E7E4, 0xAAB19489, 0x3435C519, 0x129037F6,
0x936BAC61, 0x8B00BEF1, 0x66DFB51A, 0x7107BE78, 0xE37BE5BC, 0x65B6C23C, 0xFE40D15F, 0xCED41AD6,
0x4CB07884, 0x791CE2C6, 0x4F11CF53, 0x08A7AAAD, 0xA8A6BCCD, 0x365817BD, 0x318DAE75, 0xA66EB533,
0x1147BB48, 0x19C013CA, 0xB7E45BF5, 0xB2CDCF1A, 0x31EAD0B1, 0xA559D701, 0xBA28706A, 0x4C682675,
0x7FBF0901, 0x530D9E3F, 0x93131710, 0x73F13589, 0x20299358, 0x56496130, 0x20854866, 0x4CB38F9F,
0x82AD2582, 0xB0B3FCE3, 0xEFDF332D, 0x75E613BD, 0x922D7CF0, 0xB5ADDEF1, 0x5EAE8F0E, 0x15CCAA15,
0x56B10D24, 0x0AD1F345, 0xDB4F3257, 0x76211B87, 0x136DCC57, 0xED0A86A2, 0x939BC231, 0x881185A9,
0x68F6C275, 0x289EF2FC, 0x6FBA2B9F, 0x496C8D8E, 0x22EE3873, 0xFA9CFF46, 0x7B552D36, 0x0E152F0C,
0x78900922, 0x1215ABD5, 0xEBBABCE8, 0x64CD6C19, 0x8FEA9551, 0x89549C62, 0xEF6C0BA8, 0x85EA54F8,
0xDC5C5DC5, 0x11CB12F4, 0xD8619F63, 0x1D89686B, 0x5A051B27, 0x2291F49C, 0xB8C48113, 0xF4F420F1,
0xDC9D841E, 0x3EFE454F, 0x7A67B317, 0xB47E2D72, 0x688A3D8A, 0x5DB89FE2, 0x9D43409B, 0xD35DBBF3,
0xF14EC511, 0xECFAB20D, 0x2836F204, 0xB11215C6, 0xDF12D23E, 0x5747FEA8, 0x433EA47E, 0x5E195D9C,
0x0B15D2DD, 0x30B0519F, 0x1AF2A387, 0xADF45A79, 0xC26C8124, 0xABB3965A, 0x63D6F41E, 0xD919C940,
0x6341E9C4, 0x6A389477, 0x37EE5505, 0xA6585934, 0x3F95C0AD, 0x97A37944, 0xD2A9BD48, 0xA2B57912,
0x23ED059D, 0x684A866F, 0x80103580, 0x8A5DDEEB, 0x6664D4C2, 0xA184F522, 0xC008B4DE, 0x608A8DC5,
0x5E831B9E, 0x1924A577, 0xD75781B5, 0x5FFA791A, 0x111DD648, 0xA208D923, 0x61928005, 0xC28D62ED,
0x01B11D3A, 0x98D83AA4, 0x33D49493, 0xD27052A5, 0xCFCDA941, 0x39B2BA95, 0xEE0F95B9, 0x822CB6C6,
0xD80443ED, 0xB1891678, 0x2D647069, 0xBA362937, 0x425C27EA, 0x79D16C03, 0xAB5B6733, 0x598060FF,
0x5C2F82B7, 0x5C831FCE, 0x8D55EB46, 0xC63FB3F7, 0xF8579E74, 0xBF933138, 0xBD0E4975, 0x380044EA,
0x6692D9C5, 0xE63BF7FD, 0x124A3483, 0xD0F124A0, 0x6BA518A1, 0x2C925871, 0x70D03780, 0xFF1CEC61,
0xCA20402B, 0x4CACE5CB, 0xAF2681D7, 0x47FC34DE, 0x76088DE2, 0xEC6745CB, 0xB59A8B2F, 0x48C14E39,
0x4B759893, 0x887C9D02, 0xDAD6E829, 0x6381C8A9, 0x5B6FA13B, 0x9EA8BB85, 0x28B172C5, 0x9E5F24A8,
0xE3AD157A, 0xE991DB6B, 0x4D94A7EB, 0x938AB248, 0x6E4778DA, 0x08861AE4, 0xE223FC81, 0x5AC11D20,
0x3F1F39D6, 0x7A5998F1, 0x965BA07C, 0x2B1C75F2, 0x0EDA09AA, 0x2F46276B, 0x9D213164, 0xB856D064,
0x1F6103DA, 0x30B1A6CC, 0xAD99A9EA, 0x42DB2654, 0x4E9EA3D7, 0x50A8CEE8, 0x811E2A90, 0xA84BE4B6,
0xD4AF2689, 0xD244D708, 0x01D9E538, 0x51B95E6F, 0xBC1073DE, 0x4E335A07, 0x88BF011A, 0x0F64CAC5,
0x26AD5DD4, 0x52A84C35, 0xA2B28EE2, 0x52497C91, 0x12B1D582, 0x0938B0DF, 0x26967844, 0x6F89E6F1,
0x83A68F98, 0xEF895955, 0x40199CFF, 0x151691C0, 0xD99E7253, 0xE1D1BC13, 0xC4F51F81, 0xB75B5B2A,
0x79AAAC82, 0x8224E0B9, 0x98A30BF0, 0xD1EEC297, 0xC3758920, 0x65DACE1B, 0x9228CA78, 0xDCF46E17,
0xE0343AC9, 0x29EBB3BB, 0x48F941F3, 0xF6EA27B4, 0x750031C6, 0x632AE9BC, 0xF807A441, 0x1F4B5CB4,
0x20FE1458, 0x9E2546F1, 0xB99650B2, 0x7F90B56A, 0xECDD52E1, 0xEF0586F7, 0xF2F138AE, 0x260288FE,
0x6B54606A, 0xBB53CB2A, 0x935A63D7, 0x98ABD2E0, 0xCD354CE7, 0x3F08B51A, 0x7CA6F5B5, 0x004C0AD4,
0xCA8D50B6, 0xE1007AE8, 0xB3AE7CFA, 0x98B399CB, 0x08109C0F, 0x7E7310C9, 0x28D5B297, 0x743717C0,
0x6239741E, 0x6A9248C8, 0x4F50F294, 0xD81080B8, 0x2CDA0923, 0x32CC7670, 0xA9ADDAB1, 0xB269E9A9,
0x39B7B26D, 0x49170F4C, 0x1E54FCD9, 0xF7E9A2DE, 0x9809E946, 0x6393ED61, 0xC5E9A837, 0x3B907F96,
0xBBFF0D01, 0x3F6D742F, 0x4277DF6F, 0x9C3518DA, 0x3679BBBB, 0xE4D2B229, 0x96A4D9D1, 0xDE2AD02E,
0x62AB15A8, 0xFF8DB77D, 0xF85E7266, 0xB5389EF9, 0x8D099A3B, 0x43F8318B, 0x32C6CC61, 0xC641A8AF,
0x9301AEF5, 0x1F218951, 0x3FBA5C23, 0xEC06B18E, 0x591FB9FE, 0x8B973DD1, 0xEFDF7536, 0x4ECD1996,
0xFAC6D58B, 0x94A99260, 0x31F61049, 0xC4F144A7, 0x65633209, 0xDB31F5F2, 0xFA30D0EF, 0xEB4D8A98,
0x004893B6, 0x552F0F5E, 0x820F1A6F, 0x35D042AC, 0x48695FEA, 0x5CAA326E, 0x9E670847, 0x247DC0CB,
0x8402B996, 0x8C070F3E, 0xCC5D903A, 0x5B0E92C3, 0xE8F7A561, 0xDD68F21C, 0xC4959070, 0xD4FCA06E,
0x1EF53F1F, 0xD19F1C12, 0xC7CC00B4, 0x42488105, 0x383CFF70, 0x3EDDAD67, 0x3430AB32, 0x5AA0795A,
0xF01C17E2, 0xB6838538, 0x0C0E432A, 0x5243D17E, 0x48BF4FA8, 0xCEF5FD17, 0x44DF7B38, 0x6A1C4801,
0xB03C7CD1, 0x671D395F, 0x26D835F9, 0x7C8C7384, 0xD2DF314B, 0x28F5AFBB, 0xAEEDFB62, 0xE52A99C1,
0x5E0E4A4B, 0xB250C18A, 0x1888DED0, 0xB39ABE77, 0xA7DB3C5A, 0x0DD6626C, 0xAFA67EBF, 0x5D8E1456,
0xFBF45A88, 0xC99BA09F, 0x44784D59, 0xA931DA89, 0xF9B58B7C, 0xEF5073ED, 0xF7F93BCB, 0xDF2E2348,
0x67AA6BD6, 0xC8D5ABDB, 0x5FF0A66B, 0xDAB2E118, 0x996C08BD, 0x476DA0AA, 0x6BE310F0, 0x37A2880E,
0x7A236AF1, 0x5FE2E602, 0xBE699333, 0xBAE63A35, 0xBCB1D44C, 0x36845E38, 0x6023F1DB, 0x9A5AEE21,
0x732D74F5, 0x03914041, 0x0C97B3D0, 0xF5AA60BB, 0x5E9F2358, 0x8C42E9D9, 0x2971C977, 0xAFEA1D1C,
0xF45CD2A2, 0xB9F473A2, 0x6AE959DA, 0x2B291A96, 0xA06812EA, 0x50C41969, 0x58CFAB7F, 0x07BADFF5,
0xC3C3661C, 0x3F0CC38A, 0xA675DF90, 0xABE4DFE3, 0x2B02522E, 0x0435FD9D, 0xCBC406EC, 0xE1C77965,
0x8A1E83AE, 0x5794F2F0, 0x00B446A9, 0x84A3B967, 0xB6FA476A, 0xB7A8ADF6, 0x86CCCA2E, 0x85ACD8EE,
0xE8980D75, 0x7F1DD957, 0x6F8C2A63, 0x5EFF293B, 0x609C730D, 0xF2AC6351, 0x11D96D33, 0x28DED266,
0xFEE00808, 0xE41BD5C2, 0x9B18B2D3, 0x95EBD374, 0x7B3551D1, 0xF0DA437A, 0x8B3B69D4, 0x9420CAC7,
0x4C6B8DAE, 0x4252E26D, 0xAA615BD7, 0x00C97ED2, 0xD99C7121, 0xE686E28F, 0xBA5991AF, 0xC03C75A2,
0xD82AD62E, 0x9291E6C9, 0xB6D20671, 0xD9BA3762, 0x0AAEF43A, 0x9D78FB76, 0x7060EA3F, 0xD4DBAACC,
0xC01BEF0B, 0xC37CA19A, 0xC71D2350, 0xE8251AF4, 0xCAA1B55D, 0x11A011E8, 0x82C84C06, 0xCF529885,
0xDAAA7518, 0xD879BF17, 0x09875973, 0x79F0E0D7, 0x2686AFEF, 0xE73C5025, 0xCEB0A1B0, 0x2C8ED871,
0xC803F8F2, 0x68C79836, 0x8851B8B5, 0x2FAB12BB, 0x34100511, 0x8FF76981, 0x18B6977D, 0x30293B9B,
0x202006DD, 0x4A28A099, 0x9432AA68, 0x06538CA1, 0xD9479831, 0xDBDDAE99, 0xC16EAB7B, 0x2EA44A17,
0xA54CBDCE, 0x52082EE7, 0x5C6E2847, 0x57C3BA3D, 0xC5F29714, 0x73A0D6F8, 0x978D0F2C, 0xD93F80EE,
0xCFA2D1D9, 0xB58AA2A5, 0x86CF8DEB, 0x0F2AC8D5, 0x68FE3B3F, 0x7682DF15, 0x44E593B2, 0xBA28CFBB,
0x6349A20E, 0x5665CC38, 0x97363BB7, 0xAAF74FFC, 0x3D1CD46E, 0x09E99FAE, 0x13DABCB0, 0x7C72AE40,
0x009633A1, 0x2F629060, 0xF277B49F, 0x847113D2, 0x4F0611AE, 0x89DCB528, 0x83690B56, 0xC9FBB4FC,
0xE5F5D23D, 0xC05AC1E3, 0x97DD3905, 0x70386D72, 0xD6B30680, 0xC0014B6C, 0xC055F752, 0x22CE011F,
0xD0A0B5B5, 0xE6E0F41E, 0x3AF25F20, 0x6284A846, 0x8CBB39EF, 0xDD165718, 0x9321D1F3, 0x49AEAABF,
0xAF111026, 0xC0B4D7C5, 0xFEC8AA4E, 0x09106CF6, 0x075C674C, 0x256CF5B7, 0xC4ADE7B0, 0xA103A3F8,
0xA4B5AEF2, 0x2C0A5979, 0x51F4EDC1, 0x7AF4F5FE, 0x065AB39F, 0xFF9C9516, 0x876D164D, 0x4B198F28,
0x3B01865D, 0xAF2CB5D6, 0x78A61C6B, 0x3AAC4B6A, 0x155BB25E, 0x2FBC95ED, 0xDD80BB2A, 0x5E13E27D,
0xFB40CDE9, 0xB7D9F4A5, 0x41E98203, 0x4E13935E, 0x01A721A3, 0x328B4CDD, 0x0FED1E88, 0xC04D9E61,
0x02A3985F, 0xDE878D8C, 0x1471089A, 0x47B6A30F, 0x32B85F35, 0x19B06EEE, 0x950C04F8, 0xE34E2548,
0xDC3DA283, 0x8A8F6835, 0x11128F5E, 0x9009B2C7, 0x8BED55C6, 0x1778AAC7, 0xA1222FF4, 0xAF172FA5,
0xA1B44EA5, 0x929D1D2A, 0xBDCB1E03, 0x0A7F7EA1, 0xFAAE21E9, 0x30D36881, 0xBD4043EE, 0xC313C5FD,
0x67D19EBD, 0x5481E90B, 0x9CCA08B8, 0x4EEC81E3, 0x1AB86EB7, 0x594149A2, 0x641411EF, 0x9427FEA1,
0x63F16675, 0x0B4E3417, 0x9CDCF1BE, 0x8A223ABF, 0x350CFD8C, 0xA651C5CC, 0xC5AB669B, 0x60631AA0,
0xAE97FF35, 0x53017AA9, 0x440A6990, 0x073B8A79, 0x7E0D16E1, 0xEDE7BB5C, 0xAD4C9D28, 0x97058C3A,
0x9A6AB9C9, 0x83FE585F, 0x4210E0A3, 0x167969F8, 0x8298EDF1, 0x8BBFCE95, 0x0CA4BAF9, 0x7E3D782B,
0x392213FD, 0xE6188633, 0x29BD22EF, 0xAB5DF3F0, 0x99942D8C, 0x056A7447, 0x77266FD6, 0x2EF2EB28,
0x9D44F8FC, 0xEDB90D9D, 0x887E825A, 0x074ED53D, 0x0C4EC56C, 0x394F9157, 0xFE0447EB, 0xD8F000F3,
0xECB9DEF8, 0x1E8E15E0, 0xE6A0DEFD, 0x10ED2E28, 0xA1B9B360, 0x50FEDE88, 0x63EB6870, 0x6CB06B09,
0x731F2775, 0x3818D239, 0xF7067403, 0xFD12715E, 0x722A33E9, 0xCA274078, 0x6D2546FD, 0x37C107F6,
0x51D81019, 0x1B6B4B58, 0x42991470, 0x6020BE82, 0x0487FE88, 0xBE0D768A, 0xD092F58B, 0xE256CA1F,
0x289C072B, 0xD392E039, 0xF80AC87E, 0xDB8133A7, 0x8FF01900, 0xED9D23AB, 0x2AFA91D0, 0x08160F81,
0x8E4DBD9C, 0x04BC67F7, 0x03079586, 0x270B7BE1, 0x57AF2B0A, 0x6F26D358, 0x3F66A399, 0x47D12BC1,
0xAF66133B, 0xB7B2DBE0, 0x97AD6B5E, 0x79545494, 0x53291FB9, 0x33531CFD, 0x1070F6E9, 0x3CCEB01A,
0xF3AA9F98, 0xEA499130, 0x557BF110, 0xC775FD36, 0x6CCA2EA1, 0x90D658FE, 0x9EA440F9, 0x2DF04DB6,
0x83219356, 0x9C4737A1, 0x04F3D7A0, 0xC251FE12, 0x945BDF37, 0xCCF00E9F, 0xF916CF32, 0x08BD405C,
0xF8F8F947, 0x014E68BC, 0x712A2C16, 0x120C51DA, 0x87F4BBEC, 0x8EA2BDF5, 0x04E93B2F, 0x2A7C0926,
0xC0DCA72E, 0x06C99587, 0x5CFAD37C, 0x2286E1A5, 0x98DDDFC5, 0x9EEE8D6C, 0x94228B15, 0x3A3F59C8,
0x50057798, 0x1613E524, 0xECA1A3B9, 0x3287312E, 0x2894AF25, 0xAE96DD8F, 0x24985BE8, 0xCABDA956,
0xE0A9C72D, 0x2679350E, 0x7C057342, 0xC2C30105, 0xB8267FEC, 0xBE402DC4, 0xB45F2B22, 0xDA9EF99F,
0x70EA97F6, 0x365705C8, 0x8C1CC3DB, 0xD28251D5, 0xC878CF55, 0x4E307DC9, 0xC4B2FB98, 0xEAC7C989,
0x80FE67A8, 0xC6FA5567, 0x1C60930A, 0xE28DA129, 0x589D9F61, 0x5EA44D62, 0x54484BC1, 0xFAC41956,
0x1065375E, 0xD680D255, 0x2E1B6A3C, 0x66B7C2B2, 0xDEAFDA0E, 0x96423216, 0x8E1E4AB0, 0xC6812271,
0xBE383AD0, 0x76C312F3, 0x6EEEAAFF, 0xA657029C, 0x1EEE1AAE, 0xD67F727C, 0xCE098A7B, 0x068A62A3,
0xFE2F7AF8, 0xB6E75221, 0xAE00EAC3, 0xE6B84216, 0x5E7D5A5E, 0x167CB271, 0x0E54CA57, 0x4663A564,
0x1CC0836F, 0x62CD117F, 0x98F24F0F, 0xBE563D46, 0x540B5B19, 0xDA1C2996, 0x50D5A799, 0xB689557B,
0x8C4C33BD, 0x524BC150, 0x08BEFFEF, 0xAE3BEDB2, 0xC4A58BDC, 0xCA78D96D, 0xC0CED780, 0xA67C058D,
0x7C356327, 0x42D5F16D, 0xF8252F1C, 0x9E6C9D9A, 0xB41B3B2C, 0x3A60A89A, 0xE30849FC, 0x53057477,
0xEA41428F, 0x21564D08, 0x64A97035, 0xD7246FD9, 0xB6839634, 0x2D23F936, 0xA0028156, 0x5E48A7B1,
0x042575BC, 0x42AC8B90, 0x287EF958, 0x068DBF5B, 0x0C23AD14, 0x0A452EEB, 0x8CC01EC9, 0x0A75827D,
0xC427768E, 0xEEBFBB18, 0xCBED1682, 0xAEFB8977, 0xB5A98058, 0xAC218F51, 0x8F43E49F, 0xDC8025C7,
0x8DD23682, 0x96F8ABED, 0x3B17802D, 0x60A069F9, 0xB1233AA7, 0xA246B12A, 0x43B246C7, 0x40339BE3,
0x15430B35, 0x17F91117, 0xE334BEC4, 0xFF3B1F37, 0x39E32AC8, 0x893A7D27, 0x5FFDF9E0, 0xA9D590AD,
0xFDED78F7, 0xBFD33FD7, 0xD8899FE2, 0x5EFE4D11, 0x5478933B, 0xD2025858, 0x8DA9E834, 0x90E823B9,
0x4D0712AD, 0x71B728F4, 0x6EE4FB3A, 0xD5624ADE, 0x16A5B4AD, 0xB7ECFA4F, 0x00C6E65E, 0xF57037E5,
0x64EEFDE1, 0xBF34985A, 0xB9580B94, 0x3C3422E4, 0xE123DAEB, 0xBAFF590D, 0x509E1F05, 0x373320DE,
0x171D56EC, 0x64C51B29, 0x8AD469C6, 0xB17FE2C6, 0xA127678C, 0x516CA254, 0x2592AC6C, 0x730DA204,
0x059A69EE, 0xF8845369, 0xA328AC2A, 0x6323F81D, 0xB758D674, 0xA583FCE9, 0x039E92A9, 0x514089D2,
0x9EB68D5C, 0x942A747A, 0x8F5A0FC9, 0x9701B046, 0xB77057D6, 0x507352E6, 0x5FC81EF7, 0x2C7323D5,
0x0C00C9EA, 0x7D263F1A, 0x48FA6511, 0xBAAF199B, 0x14F00376, 0xCA91ABA6, 0x4BF67451, 0x2B01DAF4,
0xFDDD6046, 0x0B81C221, 0x291CB8E4, 0xF7809EF9, 0x6DCCF55F, 0x86B4152D, 0xD411EB20, 0x8287E18E,
0x998E1CE7, 0xBE6FD491, 0x5BA8E2D9, 0x890EC2EC, 0x10E1B342, 0x938D75FC, 0x82CB49E1, 0x794E13D8,
0x2CFB63B2, 0xDA38E150, 0x48D74F3B, 0xCA1E9122, 0x2236FBAB, 0x2B0DA4FF, 0xDA39E9BD, 0x20743F75,
0xD6FE2C52, 0xBA96B98F, 0xF8A8F745, 0x8609DDCB, 0x6C526BA8, 0x100C3B38, 0x5B65155D, 0x16F81C7D,
0x6AED38E2, 0x1FDDFE70, 0xA1F9B867, 0xFB467ACF, 0x95DE6CC7, 0x63C2D210, 0xA086D60D, 0x211BE093,
0xC79B01F6, 0xD4B8AF1E, 0xAEE3DD70, 0x254DF295, 0x393523A0, 0x34B23B36, 0x2AFD28C7, 0xCF9FCE0D,
0x3C77F3A6, 0x4256819A, 0x38DDF64D, 0x358EEC6A, 0x9C960606, 0x1C3C93FB, 0xE23DA112, 0x587B4BE4,
0xD672BA2B, 0x01526CDA, 0xF73194BC, 0xBDA3EBD9, 0xA4C4D273, 0x015A5A42, 0x9BAD6904, 0x4D7A91DC,
0x86D5046B, 0x3B01C98A, 0xAD4046A4, 0x318A70AD, 0x87AEE68A, 0x11987421, 0x2B3CDA31, 0xE9B83024,
0x3FFB6E11, 0x9D93F495, 0xDB523BFF, 0x75D3B6E9, 0x15C2AD54, 0xAE51CC43, 0x12C8624D, 0x3289D563,
0x8C71C3D7, 0xD22142CE, 0x9299EB04, 0x80080BF7, 0x2AF109FF, 0xC079BD7A, 0x22BA91E8, 0x2F97922D,
0x201907BD, 0x62F64835, 0xDECFADC4, 0xB5F556DB, 0x25242D98, 0x3EA79D2B, 0xC54AB6B2, 0x644F9B93,
0x023D7136, 0x69D91AA2, 0x99251181, 0xF2DA5100, 0xC892CF06, 0x4E247DD5, 0x6D953FB3, 0xB9A08E9B,
0x15421C84, 0xDA8268B2, 0xEE3B1D73, 0x652AE245, 0xA1C8D809, 0x569E4478, 0x7AE29915, 0x9125C6E3,
0xFD1B14DD, 0x42C4201A, 0x064E95DF, 0x78F62F63, 0xFEF6CD2B, 0xD4296233, 0x8007661A, 0x757998E7,
0xCFCADE54, 0x04B77A76, 0x786D3F2E, 0x7F0A3CDC, 0xDB8DDA65, 0xF0239613, 0xC444FB10, 0xEB2850DC,
0x3765564D, 0x2C60B253, 0x108A37F1, 0xD750F477, 0x034352FD, 0xB13396D3, 0xF4D16BCA, 0x87BEB11A,
0x831D0985, 0xFD22BAFA,
